conversation_id,context_tweets_author_id,target_tweet_author_id,tweet,offensiveness,confidence
1467946670126075904,2901798349,1324400412842217478,No ESR Honestly I do not know why I bother playing this game. Does any other hobby because this amount of let down and disappointment? Such a waste of time and effort for little reward [SEP] @NickTriggerlips I have a sweet five-pointer off the bench. You?,20.666666666666668,78.0
1467530288817483781,1360365254706925572,1348094572027670528,"Rise and shine! [SEP] @EXCELLENTBL00D You seem rather energetic, Kaeya. Good morning.",26.333333333333332,87.0
1467199079759458305,198696881,71355762,I think it is really cool* that because I am too sick to work and freelance when I can that I have to pay double the amount in taxes *and* that the donation sum from crowdsourcing for medical expenses is considered “income” *not at all cool [SEP] @HemingwayMuse And all those donations are not tax deductible and already were taxed earnings for the donors.,69.0,59.666666666666664
1466045840066232326,45858392,1405113252410015750,"My mom is having her first chemo today. She has lung and kidney cancer. They will not operate on her, she is deemed too old. She sounded v positive on the phone last night. I am full of anxiety. [SEP] @AgiBergman hoping for the best !! grinning face with sweat",62.0,68.0
1465713198456356864,1393196950175068164,142857516,"For the folks who forget, may this serve as a reminder. You all cannot just cherrypick what you selectively want to believe in from the Bible. man shrugging medium skin tone backhand index pointing down medium skin tone [SEP] @DonkeyJulio By The Way, i follow no religion. I read the book like a regular book. I see it differently than most folk because of the way i read it. Please take Noooooooooothing i say about religion, it is gods or practices as defending my religion and god cuz I am not.",86.33333333333333,90.66666666666667
1464798035599249408,1451135690108932105,1430797488017920008,Boys make sure you are not talking to no one while they be talking to 5 bitches [SEP] @GUAPGUAP6000 Girls make sure you are giving her everything while they be flirting with all the boys,68.4,78.2
1464030278976946180,959155167114465280,957320609591123968,Just had a big mug of “calm down juice.” For us folks with #ADHD that is called espresso. Happy #Thanksgiving2021 [SEP] @LordFrobozz Espresso is calm down juice? Wth is sleeping? Double shot?,34.0,91.0
1463598876603174921,1269983360648122368,1373327725881090050,"Say what you want about his music, but Eminem looks so fucking good these days. Compare that to even just a year ago bruh. Holy fuck, imagine having a glow up at 49 [SEP] @rapchapel You know he used botox multiple times right?",51.666666666666664,86.33333333333333
1462921121183899648,1337556042490597378,109464070,"Let me get this straight. If Arbery's murderers can claim that they gunned him down because they thought he had committed a crime, I can be shot dead at any time if someone thinks I have committed a crime. [SEP] @HirschlerEd If your white you have nothing to worry about.",59.0,69.0
1462856330658545665,1348670155870461952,825808796828196864,"Look at the National Geographic from 1974, the year I was born. We knew then we were not doing the right thing. Just kept going along saying this is just how it is. That is how civilizations die folks [SEP] @marrs edward I always thought National Geographic magz were just approved pornography of the Catholic Church. thinking face",54.8,83.6
1462706537411989508,1154001067534774275,153499460,"If #Bitcoin's price does not go up and stays at 58k for years, then it proves itself as a stable money, and so more people would feel safe to buy it, and therefore the price goes up. Therefore, Bitcoin is going up forEVER [SEP] @parman the If stays at 58k for years while inflation is soaring, it will be seen as a terrible hedge against inflation. It has to go up ""at least"" higher than inflation itself. Do not forget that the price is the marketing department of #Bitcoin",32.0,52.666666666666664
1461718950274756620,1398788696304807936,1412232835939844104,Heading to school bye ;3 [SEP] @5ive8ight58 Haha loser I get a 2 week deer season break,79.0,68.66666666666667
1461750447702777862,549767718,1230556869724381189,"People will hate Christianity but believe in astrology with their whole chest. [SEP] @shredded testes Astrology is not a religion, babe.",26.666666666666668,95.0
1461073121042219008,270459382,1262474753060765697,"What is the greatest Aerosmith song of all-time? ^A^ #BlueArmy [SEP] @caporegimo Horrible list! Nothing but “hits”. What about “No more, no more”, “Last Child”, “Sick as a dog”, “Rats in the cellar”, “Nobody’s Fault”, or “Back in the Saddle”? These “favorites” lists are a joke.",63.4,69.2
1460551851615547392,1417738123958620163,1301818464496099329,"Imagine being single face with tears of joy face with tears of joy thumbs down thumbs down thumbs down [SEP] @eyelash kats I love being single having no one to bother me and I will not lose anyone if i make a mistake , I still have my friends if I felt really alone but to me alone is peaceful I can do anything without anyone bothering.",44.0,65.66666666666667
1460395803483119618,18262639,1270930493542891523,Nope. Sure. Let us give it a try. https://t.co/VMQwIkFyfx [SEP] @DrewMcWeeny Your the only person I have heard negative comments from.,47.333333333333336,58.0
1459963394438615048,849201,1374337882425540614,I do not have much in the way of clothes. Yesterday I had a wardrobe malfunction and now every time I stand up my trousers fall down. It is the most excitement I have had in years. [SEP] @eolai beaming face with smiling eyes There are surely many different ways to achieve that level of wardrobe excitement. Maybe,35.666666666666664,73.33333333333333
1459616849440694279,934165701220282368,905103054,Every purse I have searched up involves leather and other animal cruelty shit. I really do not want to contribute to that anxious face with sweat this one purse I really like is made out of quilted lambskin like wtf? How does that even work…. Ladies or fellas I need a new purse. Mine is coming undone and I have had it for about 3 years now. Normally I buy my purses from Marshall’s or Target but I want to invest in a nice piece for myself. Any suggestions for an everyday purse? [SEP] @macaiyla I did not know you quit eating meat; good for you! Some people would be hypocrite and still eat meat while wearing animal products.,53.0,70.33333333333333
1459234489691951115,1353149907566288896,1050388682795098112,demi’s “fans” really are their biggest bullies and i am sick of it [SEP] @enbydimmy GIRL WE ARE CRITICIZING AN OUTFIT HOW ARE WE BULLIES?,52.333333333333336,62.666666666666664
1457883083819175946,1166267509,1322977203345305615,"I go through ups and downs with my anxiety. The one consistent is I always have my dog. Always. [SEP] @LeeMES123 I am really glad you have Willie. But you will not always have Willie so please if you are not already, see someone. Anxiety can be overwhelming and it is pretty easily fixed with meds for a lot of people. Not everyone, i get that, but for a lot.",24.0,68.66666666666667
1455655935393808384,2211243971,2197050924,"Uh yeah hey babe I got your list. Not very detailed. Do you want the ""three pack of bell peppers"" that is orange-yellow-orange or yellow-orange-yellow? [SEP] @HelmickeyMouse I read your tweet and had a sad thought: some people would abuse their spouse for getting the “wrong” pack in that situation.",74.66666666666667,60.666666666666664
1455579655600328709,3286637245,1317604733167816705,WITH A TASTE OF YOUR LIPS I AM ON A RIDE [SEP] @redheadrry Can I ask why you are so orange,27.333333333333332,100.0
1455022272872427532,1313976391751401473,2202488426,finally told the last family member what i do for work. [SEP] @kennypaigexo How does your family take it?,78.0,71.0
1453388625052254215,1385819646218047492,1674692642,I went so hard at the gym today that the calluses from my hands started to rip apart and bleed &lt;3 [SEP] @the dannymal Ouch. Do you usually wear gloves or just due to the extra intensity?,33.666666666666664,96.0
1453008750382571533,224837045,1275406772157599749,"WHERE IS THE $DWAC BOTTOM BOYS AND GIRLS??!! [SEP] @kaitduffy $DWAC. Look at the chart. IMHO, it “may” test the low $40s before bounce.",43.0,58.666666666666664
1451502292872699905,956604134723080193,862177171778920448,"So my cat bitch slapped me this morning lol...I was laying on the floor with her she must of gotten startled and bitch slapped me lol ..thank god she kept her nails in..woke me up... [SEP] @beingmybest44 Really, you call your kitty a bitch? She is just being a cat.",54.0,60.666666666666664
1450808366440222730,1121134212961185794,1222844100992389121,"how the fuck does ajax put up with his little siblings. h o w. Today on My Little Brother is a fucking Devil: little shit threw a basketball into my bowl in the middle of dinner, pouring the contents of the bowl onto me :D lowkey want to make a thread detailing his crimes here with how frequent he commits them mein god [SEP] @kaitoustarlight Firewater, that is how",28.0,99.66666666666667
1450727684825395200,1219902654492659712,1622170322,I would like cannabis to become legal here in Germany as well Germany folded hands [SEP] @wahlstedt007 Is this the only subject you are concerned with?,39.333333333333336,73.0
1450060948866273283,1242611880683884544,3436336995,"According to Transportation Sec. Pete Buttigieg, if Congress would pass President Biden’s Infrastructure Proposal, some of the Supply Chain Issues could be alleviated!!! Is Congress trying to set President Biden up for failure, at Our expense?? [SEP] @Irma Spikeymama @1HashHoward Need you ask? Obviously",59.0,49.0
1450168256598249478,1145776409236971520,1305758706697723904,"I would like to think I am a realist when it comes to fitba &amp; my teams performances, good or bad I will call it how I see it. But why does it just no click with some Celtic fans to just put their hands up &amp; say when they were lucky now n again? Deny, deflect, repeat face with rolling eyes sleeping face [SEP] @0Domeski3 I have called a woman out on her stupid 'assault' comment and now I am sexist. Absolute different breed pal. Wired up completely different to the rest of us.",59.0,48.0
1449914759852273667,2924898505,1573625330,THANK YOU #BlackWidow for RUINING BOTH references to Budapest! #TheAvengers #AvengersEndgame [SEP] @NightOwlGrrl I still have not watched and really cannot be bothered too,62.333333333333336,58.666666666666664
1449684993681367043,2826100122,3058158560,"Most of us with tech skill did like 70 to 80% self learning!!!! YouTube, Udemy, coursera, google, W3schools, SoloLearn etc! If I now tell you to do the same you will give up and say you will rather choose yahoo? All the best o. Time shall tell! [SEP] @iamAbiodunAA @Anambra girl But, you can select some people interested and teach them.",59.0,34.333333333333336
1449814330359250946,1373365112170450946,998279785,"If a gif of MY ass only gets 15 likes, am I in the bad girl bin or is everyone somewhere hanging out without me? [SEP] @VedraMiss The latter ... its a non-lockdown Sunday and the weather is good we have been out and about smiling face with smiling eyes",68.5,75.25
1449293025616834562,229941311,1259060120887201794,"For the first time in two months, I was able to walk pain-free to the grocery store. Being healthy is awesome! [SEP] @bitbrain I was unaware! First of all congratulations and welcome back. What happened?",55.0,75.33333333333333
1448947005955379202,314752883,1413651634408902661,"“I was raped 2005, 2006 and 2007 by the same person” pensive face [SEP] @AuntySeips Why do you speak now",56.0,79.33333333333333
1448727267417501697,1301636877997539328,1402269826547126274,i used to take like hour long videos of me just doing things around the house so i went through them all and screenshotted where i liked what i looked like tonight i am going to make a giant thread of all my body check pictures/videos from when i was bmi 15/16 (i took multiple everyday oops might be a little crazy) [SEP] @roseyod19 Why did you take videos of you cleaning?,49.333333333333336,63.666666666666664
1448743433645039620,15978244,43193667,"The new Superman is bisexual. If that changes the comic book at all for you, you are really, really, really creepy. ""I do not read Superman because of the storyline. I read Superman because I want to see who he FUCKS!"" [SEP] @SteveHofstetter You will believe a man can Bi",51.333333333333336,65.66666666666667
1444370030192439300,1442866094276894720,1341041395587543041,i kind of look like if grimes and liz franczack had a baby [SEP] @g0blina gobl1na Your hair is so dark that it almost gives you a juvenile quality.,31.666666666666668,65.33333333333333
1448335816573472772,209409496,1343907897542144008,R.I.P. DeeDee would have been my nigga Birthday today hate that Covid took my bruh out [SEP] @BigDaddyXXI Damn bruh I am so sorry disappointed face,29.0,61.0
1448204874638897152,2597665165,1254648978278359043,Being jobless in Kanairo sio mchezo. God please Intervene. This Luggage too heavy for Me. folded hands [SEP] @itsRealkev @jwaweruh What has God got to do with you being jobless?,39.666666666666664,46.666666666666664
1443660020252618756,1282771090956341250,1417836579557494788,"To all the porn watchers out there; I hate you, you are disgusting. [SEP] @BecauseRadfem why is watching porn bad",56.0,83.66666666666667
1447321924242137100,381470030,19865526,I have never seen Jaws. And have absolutely no inclination to. [SEP] @ClaireElliott2 To be fair. You are far too young to have been a fan of these films. But if you like a good book I cannot definitely recommend it.,26.0,85.66666666666667
1446827514437849089,2297571146,1096609054489665536,"People are now starting to look for Doctors who like cash in exchange for written confirmation of 'giving' a vaxean while in fact, giving no injection. Let each other know when you find such Doctors. Someone posed that question to me recently. DM me &amp; each other, carefully. [SEP] @DogDuffy So you are OK with the plan for a social credit system? It is up to you but there is no way I will comply",20.0,95.66666666666667
1446296995371659269,2745313480,1318655863838605315,"Not just goblin whoops, all of crystal haha Goblin got a bit furry today :3 https://t.co/0eIkf3naGx [SEP] @CrimsonCorvid I thought it was Coeurl lol",52.666666666666664,59.0
1446198217805271041,1239153573327515652,1273194346834087936,"Mark Meadows, Steve Bannon and Patel have been told by trump to ignore subpoenas. Who the hell does trump think he he is? He is just one overweight demented man who believes his own press. Too bad he cannot look in the mirror and see what is really there..disgusting slob. [SEP] @PegLulu2 @PaganLady3 Can you explain Hillary Clinton's many refusals to co-operate in investigations or subpoenas? Bhengazi: What does it matter??? Well the American people deserve to know what happened to 6 of their troops that night. How many years ago was that? 1/6 was a stitch-up. Grow a set!",83.0,90.0
1445770564497395712,1430893177641209871,1364541457353342978,Dark money in the billions has been spent to make sure that fascism success in this country. Johnson is the clown front man but the real strings are pulled by others. Its a well thought out plan and we are the collateral damage not worth saving [SEP] @LemSip27 Ooh you have gone a little bit David Icke there.... be careful or the lizards will get you face with tears of joy,36.666666666666664,86.0
1445014121716625412,1077019129,749931649945767936,"Why I am not flying a US Flag upside down or the black flag? Loose lips sink ships. It is no ones business driving by my home what I believe or may do. There are no stickers on my car espousing my political beliefs. The element of surprise should never be undervalued. [SEP] @Arkypatriot I understand why you are doing this but , I will not stop flying my fly. United States United States United States United States United States United States United States United States god bless!",53.0,65.33333333333333
1444971132109656068,1310509930286387200,1142423242247942144,Archangels brand builders that are interested in an Angel focused project please say hi! If you are well versed in any of these please also say hi - Writing - PR - Social Media - Talent management and co #AngelTheStar #AngelTheStar #AngelTheStar #AngelTheStar #BBNaija [SEP] @agberofc Must you people do this thing every year? Rather you all should find a way of co- existing. This is what brings the fight among yourselves. Every year una want to repeat the same thing instead of finding a way to bring everyone on board in supporting the person. Let us stop before....,35.333333333333336,79.0
1444432758508560385,832714771216560129,782131331308331008,I just took a DNA test turns out I am 100℅ aim [SEP] @aimlab '℅'?? face with monocle face with monocle Do not you mean '%'?,71.0,75.0
1444607039255232513,1231589532354719746,1395216148484874240,"i cannot check my notifs at all i Keep seeing the moth and I am terrified , sorry if I just do not answer skull [SEP] @kialzke BRO I AM SO SORRY HAXHWCVHERBT I CHANGED IT I PROMISE IT IS GONE",61.0,71.0
1443168946274938884,1240729379942080514,1178661015044665344,"What you have cast aside so casually will be loved by another. You will be reminded of the love you let slip through your fingers. [SEP] @velvetwords1 That is a bitter and horribly wrong statement made to make the injured feel better. He is not looking back and if he does he is playing on your inability to move on so that he can come back. It is called ""over, done, past or ex"" for a reason keep it that way!",34.333333333333336,50.666666666666664
1443161281712824321,1422666365115277320,1132145096885858304,Getting Chinese food for lunch today. For sure!! That is a promise! [SEP] @therealkoko Get me some to please smiling face with smiling eyes,49.0,67.33333333333333
1442941818102968321,335494047,1314222503418621952,Came home to a bloodbath after OH tried to trim puppy claws. Honestly how do you tourniquet a claw?? [SEP] @Jopo dr I am afraid you have probably damaged the puppy for life. Our dog's claws were trimmed by an inexperienced person and we could hear the dog yelping in pain. Since then he is been terrified of having his claws trimmed.,60.333333333333336,36.666666666666664
1442999894311010308,544677439,1428171501140779013,temperature jokes are safe because no one gets their feelings hurt [SEP] @CanadianBdog Fuck you it was 92 degrees today.,46.333333333333336,76.66666666666667
1442971203140866058,121002462,1008762666922409985,"physicists will be like ""we are uncovering the fundamental nature of reality"" and then show you a PDE [SEP] @SC Griffith To be fair. Mathematicians will do the same and show you a push-out diagram.",46.0,71.33333333333333
1442510109674901509,1383763969635061765,1438160407416373248,i actually love this hairstyle on him pleading face just jungwon being the prettiest pleading face https://t.co/xOPlsQO6pg [SEP] @jungwonrkive he looks like Jeon Jungkook. I mean the hairstyles and his face their pretty look alike,35.666666666666664,48.333333333333336
1442401008252907523,2429719063,80488298,"I hear it at work all day ""If people would actually get back to work."" I applied to 28 different restaurants after getting fired for the 1st time in my life in August. I have an impressive resume. I have never left an interview without a job offer. I got TWO call backs (cont.) [SEP] @EmilyLyoness Just curious, why restaurant work? I know when I worked in the hotel industry, certain folks just love it and connect with it well. But, what about Administrative work? Or, perhaps other hospitality jobs? Hotels are in short supply of excellent front desk staff.",48.0,83.0
1442154011990192136,743856512,1161322346,The knowledge—that there is something deeply wrong with humanity—is what most makes us human: not what we are but what we know about what we are. [SEP] @J D Landis The knowledge—that there is something extraordinarily right with humanity—is what most makes us human: not what we are but what we know about what we are. Fixed it.,91.0,82.66666666666667
1441445478424477698,318764033,1432165714308190209,"CFB Week 4 picks: Wake Forest +135 LSU -2.5 (-105) Wisconsin -5.5 (-110)* SMU +9.5 (-110) Texas A&amp;M -5 (-105) Michigan State -5 (-110) Tennessee +18.5 (-110) *locked this in earlier in the week, still like it at anything under 7. Currently at 6.5 [SEP] @IainMacBets Two of your selections (TAMU and Wisc) are on the opposite side of Pam. Let us see what happens....",51.0,61.333333333333336
1441223596953649158,1062623487691345921,2833214203,Booked for Monday to get the Moderna vaccine. I am not anti vax but I am scared as my health is not good BUT Australia is forcing it upon everyone so we do not really have a choice. Let us hope I do not die lol [SEP] @HyliaGames Thought you were fully vaxed. Just drink lots of water.,53.333333333333336,53.666666666666664
1439033360446283785,1355392121432371201,1733399636,"It is a hell of a thing when I would rather take a feed store drug meant for horses if I get ill rather than get a shot under ""emergency authorization"" from a politicized FDA. A hell of a thing.... [SEP] @OuttaHereSoon Ivermectin is not meant just for horses. Conclusions: Moderate-certainty evidence finds that large reductions in COVID-19 deaths are possible using ivermectin. Using ivermectin early in the clinical course may reduce numbers progressing to severe disease. The apparent safety and",76.0,65.33333333333333
1438880991997841419,1298711453776506881,1411025736836734976,There is a specific kind of cologne that is worn exclusively by black men who gulf and I am craving it I need to start escorting again [SEP] @sevenoffourteen Where are you located?,31.0,80.33333333333333
1438848991731519489,1425598282475216900,20251554,"When i feel, as low as i possobly can already and then life keeps knocking you down too! Everthing has a barrier!! To top it off anothet lovely letter of the police witness care unit! at least this does not thank me for helping them get justice like the last one did !! [SEP] @wifeoffalselyac You are lucky, I got absolutely nothing, no support whatsoever &amp;I remember OIC “laughing&amp;giggling”with her associates after she had just destroyed a decent good living family &amp;lives of 3children &amp;4 grandchildren.I will never ever forgive or forget. Police showed their true colours",69.66666666666667,51.666666666666664
1438436139535327232,201003224,142024471,Another morning of briefly hearing a bit of Woman's Hour and wondering just when and how it turned into the radio equivalent of Woman's Own. Hard-hitting it are not. [SEP] @EllieCumbo It is a thousand times better with @Emmabarnett . She is dragging it back.,42.333333333333336,43.0
1438302069820215296,611942280,1427363289084973058,"HOLY SMOKES cigarette MY TWITTER FAMILY !!!!! I went through my personal check register this afternoon and found a BUNCH OF CHECKS I WROTE TO THE HUSBAND !!! One was for $30,000 to pay off his credit cards back in 2006 !!!! [SEP] @LibBrockman Ummmmm…should we be worried about you? Orrrrrr is this a good thing? Neutral thing? Need to leave the country for a non-extradition place kind of thing?………",45.6,80.8
1437835605254287364,796062340768825348,1010010666999017472,"Fvcking seriously. Pronouns are not a difficult concept. “They” and “Them” are perfectly acceptable. [SEP] @whomeverett That one confuses me, to be honest. I get the others, but this sounds like multiple personalities.",37.0,100.0
1437904404292775937,2409320130,253247892,"Just for the record, if I die of cancer I did not die after a battle with cancer. If I have a heart attack I did not die after a battle with heart disease. People die, and there is a because, maybe. This language is ridiculous. #NormMacdonald [SEP] @BostonMassMark I think we all know you are going to die from rage, Peter Mark Peter.",44.666666666666664,71.66666666666667
1437850132410773505,1152247293577519104,1409348779875184641,I am happy for my black sista booking phantom but Broadway is a f*cking joke… “Certain performances” what the f*ck does that mean…??? [SEP] @Bobbyhttp Just means she performs of Friday and understudy. Lot of Christine start this way.,32.0,59.2
1437375643445088269,996363026835140608,1318836996,"The Deckerstar I have been watching for 6 seasons, who have overcome so much in order to finally be together, should be telling fate to go screw itself, not just going along with it. Especially when neither of them want to. That is my take of the day. #LuciferSeason6 #Spoilers [SEP] @NotOneLineFF You did not understand the whole point of this ending. He sacrificed his chance of happy ending because of other people. This is the biggest development of his character. He knew he will lose his family if he would follow his fate and he did it anyway. Devil did not choose himself.",11.666666666666666,83.33333333333333
1436763629840474112,1098346541998358530,776407494990057472,"secret gnb jutsu: popping aurora upon starting a pull generates enmity at the Royal Guard rate, so a single GCD is more than enough to maintain aggro on mobs and makes it far easier to grab a large group without any stragglers [SEP] @ArgyParty cute shbaby, aggro does not matter anymore sweetie it is okay xx",11.666666666666666,82.33333333333333
1408801535258148864,1348359319872544769,3237889644,"Before I follow someone, I look at their profile and I always ask myself two questions: 1. Could I have a conversation with this person? 2. Could I have a beer with this person? If you meet one of those criteria’s than I might follow. If you meet both than it is hundred points thumbs up light skin tone [SEP] @MarkInRIsland Interesting, thanks. Was it yes to 1,2 or both? What would we talk about? My first question would be how I did I end up on your timeline?",62.0,57.333333333333336
1435663232463777795,1350353828223332352,1435199224237469699,Listen I am sorry my parents cat Zack is such a special perfect little guy he cannot help it [SEP] @s4m31p4n It is all fun and games until he fucks you dog,69.33333333333333,62.333333333333336
1435173674383024128,90906357,1255020333683400706,If you downed a shot every time Johnson lied during #PMQs you would end up with alcohol poisoning or at least seriously damaging your liver. #BorisTheLiar [SEP] @GillDurham You are not a fan ? I have read some of your tweets,46.666666666666664,69.66666666666667
1434928701469253634,3106815751,1383240310013132801,No person or group will be allowed to hold Pakistan hostage. No person or entity will be allowed to malign Pakistani institutions. COAS General Bajwa A SILENT warning to all. ALL. [SEP] @MirMAKOfficial Give some power to IK please whom we elected man facepalming,38.333333333333336,44.0
1434146861196226562,972625807180029952,4769440757,It is Day 5 of the #AfghanistanHostageCrisis and there are hundreds of Americans #Abandoned #BehindEnemyLines by the #BidenAdministration which appears to be #DoingNothing to #BringOurPeopleHome [SEP] @GoodBoy10204293 I disagree. Biden has asked everyone abandoned in Afghanistan to stretch so it makes it easier to kiss there asses goodbye.,71.0,88.66666666666667
1432341961365762059,515010895,105011437,Pretty frequently I just open the refrigerator doors and stand there looking in. Even when I am not hungry. Maybe I am looking for answers. [SEP] @kach022 Maybe try opening a Bible next time. Not trying to be sarcastic or mean,39.0,93.66666666666667
1432081187330306055,369410867,352626432,Those that have had covid please tell me that a stuffy blocked nose was not one of your symptoms woman facepalming medium-light skin tone [SEP] @SarahQ1874 Fraud it was and still is,53.666666666666664,82.0
1431492712402935811,1368762611941187586,1258025340338868226,"""Kiss my fat CPU ass~"" [SEP] @SLPStarsy But your ass is not that fat it is little :3",63.0,75.33333333333333
1431197773618089984,848411977,4694026969,i am so mf tired [SEP] @modifiedmama Up late texting fuck bois? Lol,74.0,71.33333333333333
1431074647219453957,835648691344035840,1333706694610751489,in math class thinking about women thinking face [SEP] @EorisWasTaken omg ew its a straight man worried face worried face worried face,40.0,70.66666666666667
1430713489144832002,42198502,1420265969805451264,"Have you ever played strip poker? [SEP] @dstiddypop43 Who has not., face with tears of joy face with tears of joy face with tears of joy face with tears of joy Question should be has anybody strip down to your birthday suit. face with hand over mouth face with hand over mouth face with hand over mouth",26.333333333333332,98.0
1430540733782577154,1301859146569060352,1050052865983692800,Harry is the new Matt Le Tiss [SEP] @Bifters1920 YES. Or the Steven Gerard!,37.8,70.8
1429942259647139848,1228740412241780736,49954504,some of you all do not take emotional abuse seriously whatsoever &amp; that does not sit right with me!! [SEP] @dubKekss I think I would rather have a man hit me then verbally diminish me because One of those things is easily forgivable and you will keep forgiving them until you absolutely do not have anything left. It is usually prolonged,9.333333333333334,95.33333333333333
1430151653966090244,1212868520490323968,779587202091147264,"I will not be streaming today. I broke up with my boyfriend. His mental health is too much, he refuses to get diagnosed and it is affecting my mental health. I am so incredibly hurt. I DO NOT KNOW when I will be back but please bare with me. [SEP] @Jellyzine omg i am so sorry I hope he gets the help he needs and glad you got out of the toxic environment even if its killing you inside.",79.33333333333333,78.0
1429252354910654468,22803269,755815836913377287,To the two staged black guys at Trump’s rally: Hope you make it out of town before the street lights come on… [SEP] @cooltxchick I thought they have Sunset Laws.,59.333333333333336,100.0
1429121039435325445,840472152679821313,1590565644,"Hmmmmmm hear me out web designers. Sex worker friendly furry website?? Like OnlyFans but for murrsuiters??? Someone make this happen!!! [SEP] @fox anatomy It would be nice but I could only see it being profitable if it had a wide audience, so probably just a general website that allows furry content. I would love to see 3D furry vtubers with fullbody tracking though.",66.33333333333333,65.66666666666667
1428723811747201025,1242540755006058496,1181990267508928512,If Jon gets a new boyfriend I am shipping Damian with Conner (The Hawk) . [SEP] @e Springfield Bold of you to assume they are not all in a poly relationship relieved face,68.0,72.33333333333333
1397147592866336772,1372156257101082624,1275133805926535170,pizza = good [SEP] @ArieJoy5 Ahhh...I see you are a man/women of culture,49.333333333333336,90.66666666666667
1428217488366440448,2388114864,915633790415904768,Cannot wait for chainsaw man [SEP] @MrAdamG21 Stop acting like you are into that dark shit face in clouds,61.333333333333336,83.0
1428373427300225025,1334988389981036544,1404369244205244418,Every day I wake up and think “today is the day I stop tweeting”….but it never is [SEP] @raellesbabe Hey I know everyone is joking on here saying that they have been waiting for the day. But honestly why are you still here? face with tears of joy Just joking love your content raised fist beaming face with smiling eyes,48.333333333333336,78.33333333333333
1427013344813322241,3142118702,919787416197533696,Hubby left his phone which within his case has all of his cards and id in it at the store. I used “find my iPhone” and tracked it to a house so went to get it. She says she posted about it on our community page but she did not..she could have literally searched him on fb rolling on the floor laughing rolling on the floor laughing rolling on the floor laughing [SEP] @AddictSox “Hubby” = eeewww. That word creeps me out. Same with “potty”.,52.666666666666664,66.33333333333333
1426233912754196489,141932515,924948315145256961,"I have done a lot of cringey shit in life, but never have i ever celebrated reaching a certain follower count on social media like it actually matters. [SEP] @glitteryfartss Because you still have not reached the minimal milestone? face with tears of joy face with tears of joy",67.33333333333333,83.66666666666667
1425444945754791937,1085477171055996928,1264275284263608320,"10 MOST POPULAR PROGRAMMING LANGUAGES 2021 Source: Stack Overflow dev survey 83k devs voted Only 4% were new developers. Javascript (65% voted for it) Python (48% voted for it) Java C# C++ PHP C Go Lang Kotlin Rust thread backhand index pointing down [SEP] @DThompsonDev Danny, how did any other languages get a vote if Python and JavaScript took 113% of it already? I am confused, but will go ahead and stick to JavaScript lol.",41.333333333333336,71.66666666666667
1425510816267182090,2875694175,1424958719998185493,Might dbd stream today [SEP] @GiaPaige of course my Tiffany whatever you say,74.33333333333333,48.666666666666664
1424835116938010626,1332699802442850313,4847253139,sometimes the numbers on a tweet are so perfect I do not want to heart suit it and mess it up [SEP] @higherheartstar a someone who is paying attention.. you will get over the heart exclamation mess it up thing in 10-1000 min meditations relieved face,55.333333333333336,78.0
1424784614485286917,396257944,739014524,I got a date grimacing face eyes [SEP] @jaxatweet Do not tell me 24th of March.. thumbs up,49.0,66.0
1424601453180637184,1357313132142731265,1356127893424893953,It is 12 am and all I can think about is how easily I can drop 30 pounds by getting breast reductions and it is so tempting [SEP] @reistraszatwt You ok? Need to talk?,69.66666666666667,78.33333333333333
1423752735896256514,850315793661394945,257506635,"I am convinced wickedness thrills men, because how can i show you so much shege and you still come back with the ‘i miss you, I have never met a girl like you’ yarns. Do you not like yourself? Are you not scared?? [SEP] @ Notatrophywife You do not know men, he want to do you back. Wait until he want to pick a wife or something , it will not be you.",69.33333333333333,62.666666666666664
1423321968586199045,1409198283008978945,1377051482466357248,"mane f#ck b4ng ch4n, that n1gg4 always doin sum . [SEP] @JUNKCALS I genuinelydont think he knew though loudly crying face people outside of the us are not very educated on this loudly crying face loudly crying face",52.0,56.333333333333336
1423058320483516418,845465022046232576,1288359307948388352,"I am interested in opinions. Old HS friend I have not seen in decades asked to meet for lunch. Then I saw her anitvax FB posts. I messaged to say we can only eat outside &amp; distanced. Deafening silence so far. If she ultimately agrees, would you try to bring her to the light? [SEP] @WisePaxCat Maybe I am a cynic, but if this person is “suddenly” interested in seeing you I would wonder about motive.",42.6,72.6
1422710460663488514,3326489270,431715554,"My greatest failure as a parent has to be that neither of my kids like sports. Smdh... [SEP] @ MissNomer As possible grandma one day or maybe even now, you have an important role as sports encourager &amp; their biggest fan. clapping hands light skin tone .",59.0,90.0
1422303160899616777,1274539819662745602,1276747921808031744,"I am not from Sudan lol I am from the Nubian kingdom of Kush [SEP] @mooonslut So, you are from Sudan-",26.0,63.666666666666664
1422593250330820611,21628966,1040964891903844352,"If you ever meet a royal person, and happen to mention the “Royal Family of Monaco” you will, at best, get side-eye; at worst, a swift correction that they are not a “Royal Family”. They are a Princely Family. Trust me on this. [SEP] @vbspurs Royalty is just a social construct these days. There is nothing special about ‘royals’. And they certainly do not rule anyone (except maybe their household staff).",43.8,62.4
1422386926028566539,978304214077263872,1291961071826358272,Do I have trash tastes? Perhaps. Do I care? Not in the slightest~ blue heart What are your favourite video games? — 1. Dark Souls (trilogy) 2. Okami 3. Naruto: Ultimate Ninja Storm (saga) 4. Prototype 2 5. City of Heroes (retired superhero MMO) 6. Donkey Kong 64 (childhood fav) 7. Poké… https://t.co/yIqPOw8Ngy [SEP] @GumdropDraws Not at all my lady I like the dark souls and prototype games,11.666666666666666,97.0
1421784916501671937,1217560873495093248,1376600982315003905,"I do not know if I should share this but woman gesturing OK medium-dark skin tone I have to deal with ""I want your number""/ ""Give me your location"" or ""Be my Gf"" everytime I open my DMs! Its really tiring, but I also cannot close my DMs because there are people who ask genuine questions. Its really messed up!!! weary face [SEP] @TreciaKS Have a good Sunday dear Kat. I think there is nothing to be done about it. just ignore these messages and reply to those who really need your knowledge. You should not be seen as a coding girl, but like any other coder. grinning face with sweat Not your fault you are beautiful",70.33333333333333,73.0
1421148924514029584,315481013,41516679,DO NOT SCARE PEOPLE INTO BELIEVING IN JESUS red exclamation mark red exclamation mark red exclamation mark [SEP] @Lil TayTot Leave the bible belt as soon as possible fam. I hated being pressured like that in Oklahoma.,60.333333333333336,75.33333333333333
1420843212458151938,932046149393027072,141057802,A lot of problems would be solved or severely diminished if the average human was willing to accept that bad things can happen to them. [SEP] @KurteL10 So ER docs should not have any problems then? We are constantly reminded of this.,57.333333333333336,64.0
1420719807226335233,1343794681679933440,1339333111704924161,"tw food - can someone yell at me to eat breakfast before i go to marching band because i swear [SEP] @mayaismyhart hey could you please do not put tw over food? it may make people with ed uncomfortable or guilty also, eat sth please!",4.666666666666667,65.33333333333333
1420786239796613127,3256298967,1066580736969490439,"A priest just followed me. I have not even done anything yet! [SEP] @LornGemini Just thinking about it is a sin. |My tone is light-hearted, of course. A gentle smile on my lips.|",54.666666666666664,78.33333333333333
1420518257849683975,23291273,302780451,"literally any man can do any thing at any time. no matter who they are. so do not come at me saying not all men. looking @ you especially, blizzard Men truly are scary, are not they woozy face [SEP] @louisejulie Gee, thanks for that.",14.666666666666666,85.66666666666667
1420174863453544452,1387066858143207427,1523560038,Can you leave the window open so that my wife can get in [SEP] @sabatonfan69 I do not think the windows big enough for that pal,62.206896551724135,76.0
1419138352394219521,271853800,1224886658501246979,"Wait, surfing is an Olympic sport? Shows how much attention I pay to the games. [SEP] @EMaxfieldMoen Ridiculous. I have gotten fairly uninterested in the Games anymore. So much cheating, unfair judging, prejudicial treatment. And then there is Bruce Jenner.",52.666666666666664,76.0
1418661889987461124,1035728798,1468226136,if you are ever struggling with opening a jar... spoon. bonk top &amp;/or side of lid with spoon. you are welcome. [SEP] @comfyRana tea towel over the jars lid presto done :P,15.0,98.33333333333333
1418281131888177155,1242502816578625536,278797382,"Out beyond ideas Of wrongdoing and rightdoing There is a field I will meet you there. ~Rumi [SEP] @momina amirr @mianfaisal135 Sorry, Rumi never said that!",60.333333333333336,75.0
1418179130206703625,719835843872100352,771762651743551488,"It breaks my heart watching life going on around me, an old couple walking by hand in hand, hearing a neighbour singing to her baby and children playing on the green, and I am here silent, static and broken. [SEP] @SummerSongGirl You WILL come out on the other side...and because of this you will be MORE compassionate when you see others who are hurting...you will know how they are feeling, and how to encourage them red heart",85.33333333333333,85.66666666666667
1417961521561444352,1370579343529893888,1274413411519127552,( INAZUMA QUEST SPOILERS ) . . . I am just saying that I have every right to be pissed. They ruined my 100th vision celebration. [SEP] @baallovesyou WHY IS THAT SO FUNNY TO ME,31.666666666666668,95.0
1416845402943459337,307000889,36116389,"dubstep pro tip: get born in the united states [SEP] @SPAGHEDDY What an American post. Dubstep left mecca, crossed the Atlantic, &amp; came here to die",59.666666666666664,59.0
1416975592742916098,337554845,243736381,"#WeSufferedUnderZuma. If you say we must #FreePresidentZuma, you can exit #SouthAfrica. Straight to the nearest hell. #zumaMustStayInJail. Thank you. Dankie. Sharp, sharp. [SEP] @ALETTAHA Usually, I would agree with you. However, what do you think could possibly happen if Jacob Zuma contracted Covid19 and passed away whilst in jail. This is not far-fetched considering age, health. Has anybody worked out those permutations yet of what the fallout could be?",83.66666666666667,67.0
1416885010959937541,71689151,958255186211942400,I wish people on Twitter could disagree with me without being egregious and weird [SEP] @kohakudoori Want To do the funni Melty toilet conversation again?,62.0,52.333333333333336
1416741036945199104,4106512998,1399070664938737666,Question for apes. Does Gary Vee follow you? [SEP] @BoredSpaceApe There is no reason he would know I am a dude or not though.,35.333333333333336,61.333333333333336
1416127952354488331,1387370441237479426,940000666189221890,"Orthorexia exists, and it is just as much an eating disorder, as any other. [SEP] @DeathBecumsMe Is that the ""chew and spit"" technique? I have read about that.",47.0,80.66666666666667
1415987057843851274,1632220008,2875408864,"What are you going to do to get yourself happy? [SEP] @MoniqueHohnberg spend less time on twitter, starting now.",48.333333333333336,68.33333333333333
1415440540359819264,17751519,1327439696759197696,"Regarding the removalists - I have seen people saying they cannot wear masks while carrying heavy things. As someone whose company has had a strict Covid policy since day 1, gloves &amp; masks &amp; sanitizer obligatory this whole time, you absolutely can. Is it pleasant? No. But you do it. [SEP] @jessmcguire Tradies do it all the time. Mask on and working hard, fast, non stop for hours, not just heavy but high pace, high bpm, sweaty fuck. Fuck those removalists. They should be thrown in a cell",56.666666666666664,67.33333333333333
1413593659367464961,1244856236505477120,1387155667056746497,"Do not want to sound like a dick about it but I have mad respect for folks with something, anything to say that interests the whole &amp; gain a few followers. The person that said they need 15 to reach 500 end up with thousands. Not as dumb as they seem. Seems like every other tweet is someone requesting, (begging) others to follow. I am on here a year is that the way it is always been? May be wrong but followers should be earned. There is folks with tens of thousands of followers that do not have shit to say. Gettin’ a bit stupid. [SEP] @MidniteOil55 I have put out similar calls for mutual followship, but never get the thousands I see others get. I do want to grow a mutual community though. I believe in strength through numbers. The magats are planning crazy shit, so I think it is a good idea to make connections. Just my pov.",50.333333333333336,56.666666666666664
1413222488717287424,961959191710781441,1196982243358584833,"I saw a list of ableist insults and slurs to avoid and I would like to add anything related to brain damage, brain trauma, having half a brain (this is a real thing), etc. [SEP] @Femme Queer If anybody does that to me they mention anything . Whatever they mention I might not have no brains of but at least I am not fucking stupid I might be autistic but at least I am not stupid that is the word I like to use to retort any of that",59.333333333333336,73.0
1413315244949229571,4846459965,3057907223,"imagine if me and travis did a parody fight, hype it the absolute fuck up, and it just ends up to be something stupid like a staring contest or smth. that would be hilarious but also kind of blue-bally too. [SEP] @RazzDazzleDoo sounds like the original ending of PC2, how ironic",55.666666666666664,38.666666666666664
1411859946195533832,2341504927,1191329257,Literally 100% of the people calling to defund NPR for stating a basic fact think confederate statutes should stay up because they teach history [SEP] @Dr Nifkin is this even english? Where did you buy that degree of yours? The dollar store?,77.6,67.0
1411223054437556225,134898926,947860201,Anyone got the clip of Vernon Jones presser? Did he really say Control Negro Network? [SEP] @dfhappy Yes he did...#cnn is officially #ControlNegroNetwork thank you @RepVernonJones smiling face with smiling eyes,52.666666666666664,63.0
1411086748067807233,2872584449,1352294813736042498,"you ever wish that you could just respond to someone in real life with a gif [SEP] @AshleyDCan I thought those were called ""facial expressions"" face with tears of joy",46.666666666666664,78.0
1410756925147566081,1326229862022049793,1241124702912823302,If you love Black Licorice.. get out of my home [SEP] @jonatha39849257 That is racist…… face with tears of joy face with tears of joy,79.66666666666667,57.0
1410707292618735616,398126669,1178095181037522949,"Just talked to my mother, who (as always) asked how much I weigh. Me: uhh, this morning I was 109 Mom: Ah. Well, I am sure you will reel it back in FML [SEP] @TaffetaV I am 6'4, 250. I am afraid I would not survive your mother's verbal lashings. I am not strong enough. I hate seeing your posts like this, it just sounds miserable. My parents are alcoholics but never verbal abused me like that.",45.0,64.2
1410701055994773515,327237936,825595308608335872,"I miss him worried face [SEP] @eightballvic He are not shit, you deserve better",51.333333333333336,94.33333333333333
1410436219704549377,1278397945235116032,244558676,I love Hash Browns .. But I always thought they were British .. they are not lol. [SEP] @brackensmum1 They are if they include beans. English brefass starts with beans. Their game is weird..,48.0,81.33333333333333
1410339949321146370,1367642729295974400,182534846,"Look Dolphans i am not here to argue with any of you but, if you are promoting a business, selling things you make or any of that stuff that is all you however, do not tell me your doing it for the fans, ok? You are running a business we are all OK with that too! #FinsUp [SEP] @Phins2winn According to prophet Joe Dirt, “it is not what you like it is the consumer” so a Dolphan business (as you eloquently put it) is “doing it” for the fans, ie consumer. Unless non fans are purchasing ponchos w/ weird greenish dolphin flying through the sun.",62.0,59.0
1410248244932714496,1390225256179134464,1094157415765835776,"my sexuality is an upside down question mark [SEP] @notbleachpls So, a hook?",37.8,73.6
1409523942071496704,445318816,1348400856421572616,How far budgeted down should I make Kerugadama before I can recommend it as a deck for people to build? [SEP] @TheHermitDruid I cannot believe I have joined a hobby that thinks $200 is minimum budget weary face,39.333333333333336,60.333333333333336
1409511950615187463,1405182477656862720,1317055070282895360,"so do we all just collectively skip are you ready and immortale or are there actually people out there who like those songs [SEP] @MANXSKlN Nooooo skull i love them so much, they deserve more recognition red heart",71.0,71.33333333333333
1409513425542189062,884124935026814976,4426619294,ADHD is: your own thoughts coming with a director's commentary. [SEP] @GeraintWorks ADHD. Is not to be taken lightly.,69.66666666666667,56.0
1409188801663189001,733929404,114111998,"My friend is currently at the mass vaccination site at scotiabank arena and there are people cosplaying as doctors and heading out “information sheets” filled with obvious misinformation. If you are there and you see them you should tell them to go fuck themselves, just as he did. [SEP] @Katie Kats1 Did anyone call the police?",52.0,89.33333333333333
1409087424567943169,953395019267887105,838877493847273473,"An unexpected upside of my Apple Watch is that I am more motivated to shower every day, even when I am home alone, because it is literally the only practical time to charge it [SEP] @Lynntendo64 Apple products have an upside?",47.6,67.2
1408146597813305347,1363909638790537216,1240041683456147456,"I have been trying to write this for days. My pride as a single mom has gotten in the way. I have to put it aside because now I am desperate. We need help we are out of food! I applied for assistance today will take a couple of weeks! [SEP] @Holly61043887 Can you ask your neighbors, friends, family to help tide you over? Maybe @SalvationArmyUS @GoodwillIntl can help. Even the police or fire department should be able to assist in what sounds like an emergency situation Hope things get better for you. God Bless",75.66666666666667,84.33333333333333
1408274714208964608,2863567262,1163170865279692801,Can I take books I have taken out from UChicago to Canada? [SEP] @AdityaHarchand You do not have to act like a pirate just because you look like one. face with tears of joy,35.333333333333336,83.33333333333333
1408188420527050754,233021462,1053487845690753025,What should I do for 2000 followers celebration??? thinking face thinking face thinking face Any ideas? [SEP] @shock777 Raven sending a sexy pic of herself to BeastBoy in a text message . But the room she is in is dark and she hit Send to All instead of just Send. XD,65.0,84.33333333333333
1408060527411032073,19037687,14764209,"NVDA is stuck in French, I know lol. Anyone know the keyboards to revert back to English? Tryed to reinstall but still stuck. [SEP] @thebigr It is Greek to me.",54.8,52.0
1407884752846307328,1299938634116800514,1407801344405164041,"I have alot of respect for BTS and ARMIES and what happened was not the best thing exactly, But that does not mean you all will make #blackpinkdisband A trend. NOT ALL BLINKS AGREED TO THOSE BLONKS !! Plz do not do that. sneezing face #blackpinkweloveyou #blackpinkdiamond #btsdiamond #BANGPINK [SEP] @Blink20659002 it is a hashtag. cry about it, it is literally nothing compared to what those blonks did",70.0,65.33333333333333
1407822052178890756,745436766375534593,1202843503,"what happened during my formulative years that turned me into an ass degenerate what causes a person to choose ass or titties [SEP] @kiryussideburns I mean as a bisexual trash fire who spent the first 25 years repressed due to upbringing, it is usually compulsory/performative heterosexuality.",66.66666666666667,82.0
1407800178216689666,410208174,546883056,"*shares video of waitress defending herself against drunk patrons, is empowered and wants to be like her* Men: STAGED. FAKE. SHE GOT TOO LUCKY. It is telling that there is always a chorus of men who would find it more believable if she had gotten groped, or worse. [SEP] @MudPuddleMaddie My apologies madam. Did not mean to offend with my response. I teach self defense. Our group, which includes women, reviewed that video and we all landed in the same spot meaning we all felt there was a strong possibility that it was staged. Just an opinion. Again my apologies",71.33333333333333,59.0
1407760884198526976,2852075027,1197205072435793920,"That unspecified anxiety where you are in a generalized unsettled state about nothing in particular, but your subconscious and body are definitely picking up on some sh!t… Do not like. [SEP] @AllisonRFloyd Listen carefully to it. Meditation and/or contemplation might bring some insights.",54.333333333333336,48.666666666666664
1407482443808972800,1406042437894643714,1118778119408668672,I just want to follow a bunch of solo louies loudly crying face ya'll are so hard to find [SEP] @afearlesslouie Who wishes to bring back #projectnocontrol as a memory for 1D's 11th anniversary. #onedirection #nocontrol #LiamPayne #harrystyles #niallhoran #zaynmalik #LouisTomlinson #Louies #harriesenomegle #steveninstereo #LateLateShow #radio #jamescorden,69.66666666666667,50.333333333333336
1406359066922799108,1176636037,1194790814,"nah because fr, please send some love for the sag, pisces, gemini, virgo babies. the astrology kicking mutable ass lately [SEP] @melanatedmomma some of the people with these signs deserve it. i am tired of giving these mfs my genuine love and them treat me like shit. they need help to be honest.",56.666666666666664,64.66666666666667
1405366184908894210,967974815180120064,747940004,I am scared of dating because what if we break up [SEP] @whowannaskate @SenpaiMogwai You will with that attitude,64.17857142857143,70.71428571428571
1405674696876728322,708298334,299831396,"If my friends do not wish me a Happy Father’s Day on Sunday, are we even friends anymore? [SEP] @angelicaa pena Lol you had Mother’s Day leave this Sunday alone",52.333333333333336,71.0
1405485507828723713,1282385014223712262,1035440727717765120,What a lunatic. [SEP] @arthurmorganbot Oh has Marston gone drinking again?,63.333333333333336,65.33333333333333
1404879730357141504,1376629488486780928,1148012746405007360,"Unpopular opinion: New leon gadget is kind of trash and overhyped [SEP] @InjusticeBS Unpopular opinions have an annoying trait of often being wrong, it is not like it will be op it will be a gadget that could be good if used right although it might end up needing a buff",66.0,57.0
1404811333850304519,1353117354033631234,938900008937467904,"This whole recovery from surgery is really fucking with me financially. I keep trying to sell posters, magnets &amp; 8x10s but no one wants them. I cannot do customs &amp; I do not know what to do at this pont. I am desperate for money but not in that way because I have self respect &amp; surgery. [SEP] @CadeyMercuryXO I would absolutely love to help you out but I am in a Rehabilitation center myself so I am super tapped out. As soon as I am able to have a little money I will send it to your cashapp account. red heart fox",29.666666666666668,59.666666666666664
1404474159023939585,1088812005417512963,822796227561553922,Am I the only person in the world who eats hamburgers with a spoon? [SEP] @HondoResists I think so. Why would you do that??,53.0,55.0
1404525772925251587,1336720180769067010,1320955600520372227,"One of my regular patients told me I looked tired - I told him that was not nice and he was an asshole I Have been here to long, because then he offered to cook for me face with tears of joy face with tears of joy [SEP] @topknottraveler You are a bit too close to burn out. He was being empathetic and you were not exactly professional. I joke with my pts but maybe it is time to look into either a new job or even a different type of nursing. Just saying.",50.0,57.0
1404515158295154696,1305440587491885057,1335946266661040137,I Am finally at peace... I have locked my account [SEP] @OhBoi ItsToei Wait why? What happened?,31.666666666666668,87.0
1398503086566510592,40757064,1332990038221656064,"My daughter just text me from her room before bed, thanking me for taking her and her sister to disneyland and being a good mom.... pleading face that is how you know you have sweet kids... [SEP] @misskristie78 That is very sweet and loving for your daughter to think of you,most kids these days are not appreciative of the things parents do for their kids.This is just my opinion but texting a mom who is in the next room just does not seem right to me. Some parents does not even get a thanks",34.0,74.0
1401337225724542980,159962327,1385040355582627840,Okay lovelies I am off for tonight sparkling heart good night hibiscus hibiscus [SEP] @megorin01 Have a good night man bowing medium skin tone,7.666666666666667,85.33333333333333
1400268881692966915,1586956808,1156907734085902336,I am a fierce advocate. [SEP] @Urban Sven Have you considered #LawSchool ?,63.0,61.666666666666664
1400157747111399433,1279096621742149635,983033579952332801,"Guys, please, I beg, find something else to make fun of me for. The unemployment thing has gotten old quick [SEP] @drusso2235 What about the nose?",61.333333333333336,79.66666666666667
1399774088231596033,3115803458,1318005519328620545,"Yes, ""byke"" is historically a term some bi dykes have used for decades! No, I do not particularly love it being used for me! I like the word dyke. It is important to me. I do not like it getting watered down into a portmanteau for myself. Thank you! [SEP] @Azure Husky I mean, I have used tryke for me",27.0,60.0
1397980360504401932,1123362738380652551,1392121519308935170,"I am SICK of hearing about girls whose boyfriends just leave them to go sort themselves after sex like an ounce of respect would go far If your boyfriend does not check in on you and make sure you are okay after sex then you are not his girlfriend [SEP] @beyonfaye Just a thought...if theses girls respected themselves, they would not have those guys as boyfriends. True story. kiss mark",28.0,82.33333333333333
1399578735867793409,1234659294651527169,195784609,Are these Brooks jokes supposed to be funny? [SEP] @JazzFran12 I thought mine was haha,71.66666666666667,47.0
1398843227294236678,1293046681202655233,1361386753144147970,Shit is going down at the Walgreens I am at and I am just strolling the aisles listening to this craziness [SEP] @ sprinklecookie And bitch you unfollowed me,80.66666666666667,69.66666666666667
1398900237171888129,1122058704,1183380909048901632,Nambaye aga T Shirt gasa pink and everyone at the University of Kigali is staring at me face with steam from nose loudly crying face Is that what uncivilized students do?! [SEP] @NshutiLoosen It would explain these new recently behaviors of yours we are seeing these days,60.666666666666664,68.33333333333333
1397758148799205380,2798115080,42572664,"2/2. The law omits mention of democracy or principle of equality. The disturbance within Israel are said to have been seeded by politicians who wish to keep Israeli Govt in the hands of Jews. Remember East Pak? Israel on the wrong track. @USAndIndia 1/2,Anti-Arab riots in Acre, Haifa etc by Jewish mobs against Israeli-Arabs living inside Israel likely to have long term implications for Israel. Jul 2018 law enacted by Netanyahu Govt declares Israel as the nation state of Jews ignoring Arabs living in Israel. contd in 2/2 [SEP] @BrigMahalingam @USAndIndia No sir. You do not seem to know much about Israelis. They have had enough of the Arabs and they are justified fully in their actions.",58.0,80.66666666666667
1397250677064323076,190430737,976510484001177600,"Ngl it kind of sucks that I have to play GGST lmao it is going to be the hottest fg of the moment and it is going to be where all the content and money’s at, but I am really not a fan lmao [SEP] @kali mac This is where you find out if you are FGC or a DBFZ player. I go where the competition is at face with steam from nose if strive are not your thing you can always try KOF or something thinking face",67.66666666666667,53.333333333333336
1395853261169590275,1188290056282234880,1103864757738598400,"Why is Van Gogh trending, the dude has been dead for over fifty years [SEP] @ZecharyaY He died in 1890.",41.666666666666664,75.66666666666667
1396267262412312581,523411543,1372372546323054592,"This game is looking like a familiar story for #Habs in playoffs. Carey Price plays outstanding, team struggles to score goals. Habs lose. Rinse and repeat. [SEP] @StuCowan1 There are two versions of @stucowan1: happy Stu and grumpy Stu. Which one are you, today?",50.0,62.0
1395234757148094470,525144033,445067976,This game has been fantastic. The energy level and the defensive effort by both teams have been unbelievable. This look and feels like a game 7 [SEP] @Coach Black They should be fresh. Have you watched them play reg season games? hot face,61.0,80.33333333333333
1395175758474133505,1193796432634867712,801078737726935041,Colombia is going to overthrow the brutal and barbaric narco-dictatorship. [SEP] @ALTIPLANIAN If it is overthrown where will I get my jejo? anxious face with sweat anxious face with sweat anxious face with sweat anxious face with sweat anxious face with sweat anxious face with sweat anxious face with sweat,67.33333333333333,75.66666666666667
1394719287462567937,1377355256720453637,1219304770491600898,guys I am heterosexual [SEP] @zhoncIi @AccXix Girl you do be missing out,51.666666666666664,77.33333333333333
1394723435402694662,1078797519285567489,751705911039700992,"I honestly think it is best to focus on improving the your style/the style of your preference before trying to learn different artstyles. But at the same time, you should definitely do studies trying to imitate other artstyles because it helps develop your own. [SEP] @LizDrawsHStuff It is beneficial to practice multiple styles of drawing to strengthen your overall skill. You will be a stronger artist in this way vs sticking to one style. It sounds backwards but your brain learns better this way.",39.333333333333336,87.66666666666667
1394606919961227268,1289802551538352128,1273555923915534337,"you all, do the cars have the driver's seat on the right or on the left [SEP] @silverseokie Depends on which country you're frm",54.666666666666664,67.0
1394017825354813447,386172445,1273028584840458241,"It is an international world. White people do not own it anymore. I know that is a hard pill for a lot of them to swallow. But the sooner they come to terms with it, the easier it will be for them. [SEP] @hmcadena Very proud of you! White middle aged man. Glad you do not feel as if you are being oppressed. That is what it is all about. If you do not feel privileged then you must be oppressed. I asked my white son if he feels privileged. He said yes. He got away with all kinds of stuff.",52.333333333333336,83.66666666666667
1393542736620388358,1127276395363627008,1332031803134132225,i cried like a stup!d b!tch infront of my therapist today and then told her about few funny incidents to make it up to her.... because I cried....what [SEP] @leftitcita Biba g. YOU truly need meditation. Go to a peaceful place n rest you are mind n soul.,59.0,58.666666666666664
1393213526605402113,1368558989588406275,1237375621732286465,Who according to you is the best competitor of BTS ?? [SEP] @7angelsonearth Is that even a question it is BTS of course,24.2,80.6
1393006764946231296,538728275,2218989224,"One thing as a disabled person that frustrates me is that unlike others, much of where we live is tied to our care needs. We cannot just move somewhere. We have to consider who will care for us at every turn, and that is incredibly exhausting, frustrating and unfair. [SEP] @andrewgurza Nothing in this life is fair. My life got much happier once I gave up complaining that things were not fair.",16.333333333333332,79.0
1392790438835335174,36528126,1136286922068938752,"Rough week. What I learned? Do not let drug addicts work for you and do not accept “favors” from people who will use “favors” as future blackmail. [SEP] @kirstiealley No offense, but you needed to learn those two things this late in life?",63.0,94.0
1392953811401052168,386077883,3571960277,Time to bring back HUGGING!!!!! smiling face with heart-eyes [SEP] @ALawRadio Have you really not been? Just asking,35.333333333333336,53.666666666666664
1392817477768339458,1085893652004720640,192176879,Am I Depressed or Am I Just Dumb And Unaible To Absorb New Knowledge Ever Again - a year in the brain of Marie Balon [SEP] @balon marie Maybe you just need to get your thyroid levels checked woman shrugging light skin tone,49.666666666666664,72.33333333333333
1392331526252150784,1334977201,1225970550343897088,he wanted to caption it my gf karina told me to post but i told him to wait [SEP] @winkytaegi me and him laughing right now,63.0,67.66666666666667
1391989446258565121,1153713116,876745832057393152,"jeonghan as an idol is an enigma. he walks around like he owns the place and everyone worships him, his idea of a meal is baked leaves and marshmallows, calls his fans furnitures, finds safety in cutelry, bullshits in a way that sounds like gospel truth and is proud to own a rock [SEP] @aobadahzai Hey! Can pls do drop tags, promote svt mvs and spread awareness about the world issues right now. Thanks!!",46.666666666666664,61.0
1391910839314259978,1197861078312607744,1212155572126019584,Meatballs with golden raisins is my Jam - In Marinara of course and dusted with parmesan...... No pasta for me - [SEP] @UncleSnotty Sounds good except for the raisins. Sorry.,41.333333333333336,84.66666666666667
1391874561432510464,886977366152687617,931119569233678338,"My imaan always suffers when I think do not we all pray for muslims who are oppressed and see bloodshed daily, who lose their families? Do not they cry in pain and pray for freedom? Why do not god hear and help them out, its in His hands and it hurts me every time i think about this [SEP] @noorulfajarr pls do not blame God into this, He clearly sees everything He just tests the ones closer to Him, the ones He loves the most. Allah has planned something better for them in the hereafter or maybe in this world too one day",64.33333333333333,68.33333333333333
1391030154797977602,817913801748135936,414146322,"I will no longer entertain rude comments. My soul, heart and time is reserved for positively. Wish me luck and strength and wish you all the same. black heart [SEP] @Nightingale 31 @annembee Escape is sometimes necessary but do not disconnect from reality as you leave yourself vulnerable to propaganda and coercion...",51.666666666666664,81.66666666666667
1391051484868059140,1087829918283677701,1339333111704924161,"how well did you score? - moots with me: 5 points - know my name: 10 points - have seen my face: 20 points - have dm’d me: 15 points - know my age: 15 points - know where i am from: 15 points - been in a gc w/ me: 10 points - have my priv: 10 points [SEP] @ivysfool 80,i still do not know how tf you look like lol",60.333333333333336,59.333333333333336
1390923189895712770,1245201083305164800,198749388,Men tell me “I will never pay for porn” as if that makes them morally superior than men who pay for ethical porn. Like bruh cat with tears of joy [SEP] @TheCamiStrella I will not. But if it is good enough I will...,60.0,66.0
1390342101968195589,891363089655967746,822852400826511360,"If you are looking for the Kyle Pitts is 1.01 crowd, they were probably banging the drum for CEH as a mid 1st round redraft pick in 2020. As a humble analyst, I ADMIT that I am not good at identifying outliers. And neither are you [SEP] @jlarkytweets Where are you ranking him then? The 6-8 range?",48.2,62.0
1389823378538831873,1215965423931478027,1302217712005939203,what if no one actyally likes me they just think they like me becayse of the picture they paint of me in their head and if i am too much myself they stop liking me [SEP] @flightotbrave Calle it is late and you are overthinking again. Go to sleep pls,29.666666666666668,74.33333333333333
1389682256277647361,111159688,739182418532405248,How do I get nicotine out of my system? [SEP] @StevieJShit Stop putting nicotine in....,43.0,67.0
1388897290367217664,1293611894662729730,1182492864837754880,"But men! face with tears of joy face with tears of joy face with tears of joy Some guy can be here telling me of how he likes everything about me,, now he has just told me mbu he likes the way I breathe! rolling on the floor laughing rolling on the floor laughing rolling on the floor laughing rolling on the floor laughing rolling on the floor laughing face with tears of joy loudly crying face infaaaaa [SEP] @iam daphyn Just know your a monster at breathing sometimes they say so ...so that you change",27.0,75.0
1388205461959217154,1375594791136808962,1371926821416136706,Going back to sleep...i hope [SEP] @BalenciagaBro Good luck. Let me know if I can help. I give an awesome sleepy massage Daphne.,42.0,68.0
1388193932031537153,1316028714858160133,70811765,Just curious. I know it is going to be like 90%+ but I am wondering.... Please be honest. [SEP] @NipSlipNation 2 91% males and 9% males lying,57.333333333333336,66.33333333333333
1387559719565410306,1355905900561780743,1366132886424944645,"What. The. Fuck. #AEWDyanmite [SEP] @pixylwrestling it was good, Hangman has an out because he was jumped gives him a feud since Mox and Kenny is continuing",51.666666666666664,48.333333333333336
1387216609383796740,612267747,1018700834828423168,what vibe do I give [SEP] @grover girl12 I feel like you are a Gemini Gemini,26.0,70.66666666666667
1387172272658698254,842813270801039360,962465834,"Oops this sounds sarcastic, I am genuinely swooning Lol wow I fucking love my husband [SEP] @Chronic Tired lmfao you cute kids smiling face with hearts",57.333333333333336,70.33333333333333
1386170886370340868,562385127,1214074628231979013,"Am I the only person who likes Overserved? I mean, evidently I am the only person on earth watching it, according to the ratings... [SEP] @ranona ryder Yes you are the only person.",52.333333333333336,84.0
1386705189378330628,3034218514,725212182,"Grief sucks. I have never experienced real, excruciating, constant grief, like I am now w/ the death of our 2 week old son, Finn. I keep waking up to feed him his bottle but he is not here. It is constant trauma. I miss his tiny feet, his skinny arms &amp; legs, his beautiful face... broken heart [SEP] @hippiemama2002 My heart breaks for you. I cannot fathom that pain but I can pray for you and your grieving family. I am so sorry.",59.666666666666664,66.66666666666667
1385824183624429571,1267203110289707016,1314632699357917184,someone just tweeted the word jamaica and i thought it said jessica [SEP] @esnylovebott Jessica is the whitest name I have ever heard,60.666666666666664,73.33333333333333
1385305492688416769,405871370,1135978634,"Joe Biden ladies and gentlemen...but hey at least trumps out of office Lolol fucking idiots [SEP] @Nice2 MEATyou You do not like incoherent sentences and increased taxes?? Ha! Loser, must be a trump supporter",95.33333333333333,89.33333333333333
1384180876200714241,10810102,253861635,"So now's the time Serene Ivanka To pack your things and to weigh anchor, To Brunei, Dubai, or Sri Lanka... To find another Sugar Daddy, But this time, please, not such a Baddie John Cleese 1939-2021 ( assassinated by teatime ) [SEP] @JohnCleese Now do one on Hunter",85.66666666666667,83.33333333333333
1384155720468164618,3307817272,1158314799429636097,Why am I not following you [SEP] @Sayngelic Question is why am I fallowing you face with tears of joy,54.0,76.0
1383666740811354122,2450068830,2834862712,"This is a reminder message to all Religious Bigots, Elon musk is an Atheist, and he is currently the world's richest man. [SEP] @Allezamani Okay. Be an atheist and become second rich after him. Your argument is lame.",75.66666666666667,87.66666666666667
1382847181925781504,2973135683,1336132163385712640,"I am not a fan of attention-seeking tweets. There are plenty of good therapists out there. [SEP] @Three3sMalka You know that all tweets are ""attention-seeking"", right? Describing them as otherwise would be somewhat oxymoronic.",52.0,73.66666666666667
1382600630708080640,1133108350516965376,1015025453571158016,"I give my kids what they need + some of what they want. But I do require them to earn special things. I told my 13 yr old I would match dollar for dollar for a PS5. He shoveled snow, raked leaves, mowed lawns + is 15 dollars away from earning his part. I am a proud Mom for sure thumbs up [SEP] @FireBallNPizza Good for you for raising them right Michelle smiling face !! Keep up the good work as a Mom! Hope there is a good father figure in the picture? Both are important!",39.666666666666664,76.0
1381975840263524362,1158992565007290368,1678524828,I always behave ..... just not necessarily well. smiling face with horns [SEP] @comefindme01 I hope your not the type I would find passed out on the bathroom floor in the bar. Wait was that you? winking face winking face with tongue,59.0,68.66666666666667
1380702588086022148,260886966,24557674,I just discovered something called “Peanut Butter Whiskey” exists and I am offended on behalf of alcoholics everywhere. nauseated face nauseated face face vomiting [SEP] @Dr24hours Oh no! It is yummy! Especially if you mix it with Godiva liqueur and voíla! Reese’s martini!,41.0,65.0
1381694074349088768,1367462728516964353,1324456739694063622,&gt; two hearts &lt; 200 art raffle 1st place medal = bust up 2nd place medal = headshot thank you all sm for all the support! rules &gt;retweet &gt;like &gt;follow extra &gt;comment oc ends on April 28th &lt;3 goodluck! [SEP] @missliolita Done I will comment my oc when a commission is done but is your pfp a bit inappropriate? It does not bother me I am just wondering grinning face with sweat,78.33333333333333,58.666666666666664
1380496433468616705,314700035,959100830220783616,"Just seen the first draft of a new TV programme I have worked on and I am SUPER proud. Wow. [SEP] @DrJessTaylor Please do not get too sucked into fame, you do not need lip fillers, cheek implants and a botox forehead. You are so much better than that thumbs up",55.0,95.0
1379985273350590466,171673031,563988441,"Yo the other day I was talking about junk food/fast food cravings slash binge eating and I have FIGURED OUT A “HACK” THAT IS WORKING FOR ME so I am going to share (TW for food related stuff) [SEP] @heyashleytea Once you figure out how to cook for yourself, you can easily forget about junk food. bear",36.0,82.0
1379272000133300230,18494981,1314228365772165121,"Soooo is “Get the lingerie on the deck, call the janitor” a common saying I am unaware of? #NCAAM [SEP] @SarahSpain Sarah used to watch sports and now she just looks for reasons to be offended. I miss the old Sarah",48.666666666666664,73.66666666666667
1372855975531573255,1326052252289699841,1336764115965136898,//these are my kinks and the percentage so kink warning [SEP] @OfficialAnimeS3 GURLLL I WAS 100% MASOCHISTIC loudly crying face loudly crying face loudly crying face AND 100% SubmissivE LIKE bruh I THOUGHT I WAS A SWITCH,49.0,58.333333333333336
1377631060763291658,1103730505931997185,1311028477974515712,"It should be YOUR decision as an American to get the vaccine. It is a fucking experiment. And I do not know about you, but I love my life and I prefer to not be a guinea pig. Now you need a vaccine to fly? Ya still think ya are not being controlled?! [SEP] @surayaa 12 So you are anti science...? Because these vaccines are a scientific breakthrough some might call a miracle if such things existed.",75.33333333333333,67.33333333333333
1377048588631564293,1344269838382993414,1370779676390653959,"this whole thing has really sucked out any incentive to try new things/put out new work but like also if i do not keep smiling and entertaining i do not get to eat so all i want to do is get paid go make people feel good + not be walked over &amp; apparently a lot of people have a problem with this [SEP] @itshongreyIi Do findom, you do not have to pretend to like the subs paying you and they will refer to you as a Goddess while genuinely enjoying sending you all of their money to receive nothing in return face with tears of joy it is much less exhausting i am going to",69.0,65.33333333333333
1377039394578763779,109387836,122239667,"Black Jews: This thing I have seen or heard about makes me uncomfortable. Here is why. Non-Black Jwitter: But I do not mean it in a racist way. And this one Black person from 60 years ago disagrees. So clearly it is always OK and does not depend on context. [SEP] @RVCBard In all sincerity I think there is a mess of issues related to this, not least of which is both perceived right to participate in the Passover story and a generational shift in what was considered ""good allyship"" among probably sheltered, well-meaning CW/Jewish liberals.",60.333333333333336,68.33333333333333
1376866095324393475,634207754,1237729631148572673,Long distance relationships are actually peaceful. [SEP] @presh rabbit Not peaceful but peacefool and fucked up,57.666666666666664,67.33333333333333
1376725493450432512,328756439,831649277881491457,"Harriet led the railroad. Rosa refused to get up. John Lewis crossed the bridge. MLK taught us to seek justice through peace. Malcolm said any means necessary, and Stacey Abrams is the voice of a generation. Kamala shattered the glass, &amp; we damn well will not go back. Pass #HR1 [SEP] @ResisterSis20 @lindyli The ""storm"" reference is used by Qanon followers. I do not know if that is your intention, just bringing it to your intention in case you did not know.",49.333333333333336,57.333333333333336
1375078200196399109,1250845945832636418,1365094558007189504,// i am just going to give up on becoming a serious rp account so i am just going to be some lighthearted parody acc or smth [SEP] @sluttyyzoldyck It already was a parody skull,62.666666666666664,64.0
1376039942598520835,1340493886695690240,1208593273171787776,backhand index pointing right Copy hashtag like #RubinaDilaik #AbbinavShukla #RubiNav #RubiHolics and while you talk to someone in comments copy paste and then talk it is easy and convenient backhand index pointing right Make atleast 10-20 comments with hashtags under their posts everytime from backups 2/2 ATTENTION EVERYONE :) Great startegies to increase hashtag count:) backhand index pointing right Turn on Bell Notification from all your accounts for Rubina and Abhinav (Like and RT immediately after they post anything) To be continued 1/2 [SEP] @ShivamDalal13 @RubiNavFan16 You are using the wrong hashtag for AbhinavShukla #AbhinavShukla,56.666666666666664,61.333333333333336
1375627319872655361,1363053577258692611,1365350221027377152,Have you ever looked at a pancake and wonder how it gets so fluffy? I just want to use it as a pillow pleading face [SEP] @DatSnowpinx You have an interesting thought process Amor,60.0,72.33333333333333
1375330275698352128,1215333835199610880,1268628811,Warriors Coach Kerr plus Bob Myers and the FO went around this season the wrong way and it has gotten worse as the season goes. I do not know how it gets better in the off season. A thread... [SEP] @Just Tasha Great thread. I do not agree with all but a lot of it.,33.666666666666664,98.66666666666667
1375105835207122946,822672380552155136,1283217293166559232,"The bar for men is so low, they expect praise for not assaulting women and being a “good guy”. [SEP] @sapphiresdust Not all men are like this. Just far too many. Especially here in America.",51.333333333333336,79.66666666666667
1374811897783009281,1246926268228145156,1248413747565256704,I wish I had the desire to workout everyday [SEP] @oliveredwardsxx Find something that gives you the desire. Mine is that my BF likes to bite my biceps,50.333333333333336,71.33333333333333
1373786667149111300,16619832,113706530,"I am currently 17 hrs 34 mins 39 secs of light-travel time from Earth (2021:081:000000:2L) [SEP] @NSFVoyager2 Two days back, you were 17h:34m:43s of light travel time from earthlings. Have you come closer by 4 seconds ?",35.6,64.6
1373835512943939587,1188545811950505985,247175752,The Atlanta Hawks will beat the Clippers tomorrow hot beverage [SEP] @YBBSportsData And no one cares.,51.666666666666664,88.66666666666667
1373309670341931018,21479903,2809701435,"I am 64 and torn with the Vax - No Vax issue. I should have been 'done' by now, but was not registered with my local doctor having moved (fallen through the net). Iv'e seen all the for's and against, Leaning towards against. Recommendations? Please RT..See where it goes. [SEP] @petemorristwit It is really your choice so you should not be relying on a poll. What is putting you off having it? Have you given any thought to the possible outcome if you get the Covid bug? Are you fit and healthy?",41.666666666666664,55.0
1372656578017431554,2192863808,1097870607876800512,"""I never read Endnotes's Misery and the Value-Form, but I have miserable notes about the value-form coming out of my rear end."" - communizer-chic Bill Haywood [SEP] @postcyborg they did this on last Reel Abstraction. stealing bits now, man... lol",51.333333333333336,73.0
1371973994669309957,411194933,55864737,"The media shit on Trump for simply breathing. Biden has done nothing but wreck havoc, fail to meet promises, and yet the media will not even speak a fuckin bad word about him. [SEP] @TWood35 You are following the wrong media, my friend. I see a ton of ridicule toward the biden administration on my timeline from various sources... Just because you do not see it...does not mean it is not there BroChaCho.",34.8,79.0
1371862633586905089,1168205707121844225,1115554469746372613,bro this account really lost all its interaction coz I went is so should I make a new account or just stay here [SEP] @hoejiminn stay! you will get your interactions back eventually lol,32.0,81.0
1371886512393052160,433456866,1320937897009291265,what masterpiece did you have a reprint up on your dorm room wall freshman year? I went with Guernica [SEP] @racatiwood What kind of mood did that set when you brought a fella back to your dorm lol,13.0,76.66666666666667
1370326676182347776,982764360736133120,1367037976534937607,"Although i am not taking it in Islamic pov..our society has too much more shit that is more sinful than purposing someone so kindly before teaching me shriya and islam that i know already go and correct them and urselves. People purpose and get hugged and kissed in private and no body give a shit about haram secret relationships but hadika and Shahryar did it officially and publicly and they are being misjudged...IRONIC [SEP] @unicornbabez (no doubt,our society have more sinful issues than this ,since you have raised this issue,I put forward my perspective)and in all humility,I can only claim in humility,that the few verses I court you about Sharia n Islam is for all mankind that includes you and me.(stay blessed)",72.0,77.33333333333333
1370611405334966273,1691371819,1208026210116218880,"niggas who play stardew valley swear it invented pixel games and farming sims. it did not invent either, shut the fuck up [SEP] @BloodlePoodle Is it just me or have you been quite irritated/aggressive in your last few tweets? I mean on this subject specifically, I play stardew valley and I Am not stupid so I know that it did not invent either of those. Might be because I work in game development and am an artist but I mean",25.666666666666668,58.666666666666664
1370253330518138880,2385395126,1272556634263261184,I broke a sad news to my Mom last night. Something I worked on with all my heart over the last three weeks did not pan out. Her only words to me were: “Smile for the opportunity. Now go order your favourite food.” Moms are the real MVPs. [SEP] @TheWayfarerSoul That is good and I hope you paid the delivery boy in cash and not in slippers,61.0,56.666666666666664
1370028749014540296,411737555,1253818154243035136,"I have decided that on Saturday ( the rugby) I am going to have 3, 4% beers. That will not damage my liver anymore will it?... [SEP] @dimamynedd F*cking Welsh lightweight. face with tears of joy Fosters and Stella are not an official 6 nations drink. Get on the shorts Charlie you pansy. thumbs up",68.33333333333333,96.66666666666667
1369603508639514640,1306831032713457666,34083138,20 people unfollowed me overnight. Wtf is that about? [SEP] @Daisy S S But do you really care about that though? I mean I would not give a damn about them at all...ijs,52.0,60.666666666666664
1369421555114082311,148094976,1004009687954743296,"A: Pyre, where is your cosplay for MinoMarch? Pyre: The what? A: You know, an axe on your shoulder, nose ring, that stuff? Pyre: *VERY UNCOMFORTABLE SHUFFLING ON HIS HOOVES* No no, I am good... [SEP] @SingartiBlackwd How about a shaman cosplay, instead? No need for axes and nose rings then. smiling face with halo",55.333333333333336,53.666666666666664
1367795077762940928,1315561490859130880,1234795139710754822,I hate mistake’s! Pyra nad Mythra are fun. I am considering maining them but i am not sure yet. https://t.co/yI8wOOvPfA [SEP] @ossi lehtinen well this one has one too i think it being mistakes but i am not sure,55.666666666666664,78.66666666666667
1367019249030553600,2734265833,1109076731028070400,"Menstruation is a normal physiological process then, Why not to tell anyone? Why to hide expressions but inside dying in pain? Why menstruation products are sealed in a brown envelope? We should aware masses its importance, hygiene &amp; mutual cooperation in work during these days. [SEP] @DrRekha99 Well done thumbs up Please do a ""Short and precise tweet"" on this subject in Urdu and regional languages too.",27.666666666666668,83.66666666666667
1367154334824345606,1092199467720343553,40253396,If you are looking for a new job where do you start? Online? Are there specific sites you check? Do you just Google and see what comes up? Do you use LinkedIn? Indeed? Do you have a network? Genuinely wanting some feedback on this and curious about what people do. [SEP] @ohnotthatmimi I have been on LinkedIn for years and have yet to find it successful. Of course at my age no 20 something HR minion is going to hire their dad / grandad to do anything. I lost my 30yr career to the 2008 recession.,68.66666666666667,78.66666666666667
1366823162428547072,1239921239193292800,310517292,I practice twerking better knowing Jesus is watching me [SEP] @ThrashBandicute Always thinking of your audience. Good for you!,53.666666666666664,73.33333333333333
1366769264904925184,2223680390,1142064488071536646,"Waaaaaaaaaaaaaaaaaaaaaaaaaaaaaaaaaaaaaaaaaaaaaaaaaaaaaaaaah composition is still a weak point [SEP] @Skeezard Some of your work is a bit plainly presented, but I think quite a lot of your work has really great composition. Are there certain aspects that are bothering you particularly?",34.333333333333336,75.66666666666667
1366531686033317890,1359728072891662336,1078530875673833472,"To all my haters: Keep sucking, I am about to cum [SEP] @armandostinks Good tweet -Twitter for IPhone",55.2,70.4
1366143347933470720,1330996840007917569,1141721667493912582,You have to be some kind of crazy to be betting the Blackhawks as -200 favs [SEP] @IceKingBets Catch them live if the opportunity presents itself... I parlayed them with bruins. 1-10 Greiss starting and Lankinen has been solid.,42.666666666666664,54.333333333333336
1365541898115559425,1195322957326946304,885045396355133440,"Haha I love it when you guys desperately wants to correct me thru my tweets face with tears of joy face with tears of joy But man!!! Sve it fo yo kids, I have got ma mama beaming face with smiling eyes [SEP] @yoLoyalPal That is exactly what you're doing right now and probably me as well.",47.6,69.0
1364989778199015426,2664961232,857072234,I genuinely do not understand how anyone would ever want to revisit the Let us GO series ever again. It is literally a worse version of a main series Pokémon game in every way [SEP] @ResortOriginals Stop telling us it is for the young Pokémon fans. What about those of us who have been here since the 90’s? You can add different modes for difficulty if you are that worried.,26.666666666666668,95.0
1365030099943366657,151652506,4489206493,Why is eating healthy so fucking expensive? [SEP] @aleshazapp Your just to picky with the organic food.,38.333333333333336,61.333333333333336
1364977124944338947,1326193864491798529,1300951631471706113,good morning lgbtqia+ community [SEP] @emmalangevinxo A is not usually there but i get your point. thumbs up and i am happy that you emphasize it smiling face,58.333333333333336,62.666666666666664
1363583223821967360,1280050548394332161,1257302099215466496,"""Stop or my mom will shoot"" is available on Netflix. Yassss beaming face with smiling eyes beaming face with smiling eyes beaming face with smiling eyes beaming face with smiling eyes [SEP] @Mistress Hedone Oh dear lols, sorry Mistress.",64.33333333333333,70.33333333333333
1363337619120160772,1251678449258901505,1289773856807243779,"Me flirting: I bet you are a heartbreaker relieved face relieved face [SEP] @delegruze Umm, you are the heart breaker, no?....",65.0,82.66666666666667
1360621658797711363,705339078888316928,1237851762117074946,"Is Ronwen Williams as good as you all rate him? I think most of ya just go with the hype. He is only good at saving penalties [SEP] @alan sithole I hope you got your Answer, today.",64.0,56.666666666666664
1362858765494722560,810510204907515904,896081877752324096,I really got confused cuz my followers increase whenever I dissociate from Twitter which forces me to think that I am better off without my nerdy tweets :) [SEP] @khaliddorra It depends on your purpose of your account Looking for followers Or you come here to vent like the rest of us,41.0,80.0
1361734765800394753,777725900343300096,1360381742436253697,"Still upside-down face no slightly smiling face water upside-down face Well, we got another 2+ inches of snow here last night. I am still at my mom’s...word is that my building still does not have water, they could not find more fuel for the backup generator (duh), &amp; now some alarms are going off that they cannot locate the source of cold face We made it to my mom’s, &amp; she has power for now at least. It is straight-up post apocalyptic in this city. Roads covered in ice. All the lights are out. No gas at any of the gas stations between my place &amp; mom’s. Grocery stores closed. A nightmare. My pets &amp; I are about to be picked up though &amp; we should be okay. I appreciate everyone who is reached out so much red heart Update:: power &amp; water still out. Also the building’s backup generator—which powered our elevators &amp; lit the hallways a little &amp; powered the gate to get cars out of the garage—went out. &amp; you all...I cannot make this shit up...a spider just bit my face. Annnnd our water is out. I would say it was sometime within the last hour when the combo of living alone during a pandemic in ~10 degree weather with no power for 2+ days really became unfuckingbearable, in case anyone wonders. [SEP] @mag gabbert I am so sorry. Were taps left open so that pipes do not freeze? If it is an apartment building, the super ought to know or be told to do that.",15.333333333333334,92.33333333333333
1362031216866643970,1195389408414818304,614886921,I woke up to my alarm instead of an hour early for once &amp; I just cannot seem to get it together. I am off to work now to fuck some shit up ~ Stay warm everyone &amp; send good vibes to the people of Texas red heart [SEP] @janeknowsshit Have a great day slut! red heart,58.333333333333336,68.33333333333333
1361870132096749570,234898596,537818331,"Do you use your corner kitchen cabinet for food or appliances? [SEP] @KaraNextWeek ...do not design L and YOU shaped kitchens. Inefficient, more expensive and they look old school.",69.33333333333333,69.66666666666667
1360674161404821509,345139782,1137704750340878336,EVERYTHING GETS LOST IN MY DMS I CANNOT FIND A BUSINESS DM NOW THAT I NEED TO RESPOND TO LOUDDDD NOISES [SEP] @stephiesmallls Try changing your profile picture. I am a super hot guy and I used to get DMs all the time. I changed my profile picture and now nada. You either: 1) like the attention OR 2) need the picture for followers,73.0,73.33333333333333
1360363201788002306,3043105145,803228305436672000,"(never talks about gender in my videos) why do all these youtube comments keep calling me a man [SEP] @hbmmaster People make assumptions, you do have quite a masculine voice, I would have assumed you were a man until I saw your Twitter Profile",45.666666666666664,83.33333333333333
1360230231362134020,1136066793934598147,20785168,thinking of deleteing this to many fakes cunts on here [SEP] @QueenSpoonie x Hope that is not including me. You just have to weed out the bad ones and stay off DM ing people. I made mistakes doing so in the past,65.66666666666667,69.66666666666667
1359571027060264961,1333459951759618049,1351953176275152896,"tw// cw// dark thoughts sadness what is the point when you try and reach out the ones you meet and fall in love with just want to go and leave? i am just a crazy suicidal headcase [SEP] @deadgayboyvamp He just got out of a coma, I know this is hard but he needs some time to get used to his surroundings again he will love you again in time",15.0,85.0
1358971341815357440,2557635973,1268239946760019970,White people must be stopped [SEP] @amayonce All negative energy must be stopped is what I would say. sparkles,78.0,56.666666666666664
1356967312797167617,55595840,824615837789216768,"I am feeling conflicted regarding this evening’s clap for Captain Sir Tom Moore. Keen to show my appreciation for this wonderfully inspirational man who touched the hearts of all, but am niggled by the tribute being instigated by a politician (of any persuasion). Thoughts anyone? [SEP] @StuartC70 You are being manipulated into a jingoistic display by a complete charlatan. Sit and think about the old guy instead. Raise a glass to him.",17.666666666666668,76.66666666666667
1356856792714780672,1050857808902668290,855569092706799618,My boyfriend bullies me for eating eggs with ketchup but they are eating sardines out of a can right now [SEP] @AuruLupus I Am disturbed by both of you so clearly the perfect fit face with tears of joy face with tears of joy two hearts,59.666666666666664,70.0
1356099891555147777,1272540525640462336,1316311931163041793,why cannot the scenarios in my head be real neutral face [SEP] @sweetenerbebe No. I do not want mine to be.,43.333333333333336,78.0
1355946283530244096,1100808202659147776,464079593,"So apparently I got asked out on a date last night. I did not check it fully. It is still in my messenger messages...how long do I wait before I can safely open it without actually having to answer? weary face [SEP] @ImNotCharity I am going to make most people pissed at me for saying this but take a chance. You really need to look in your friendzone for the right guy...seriously I took a chance 25 years ago with someone who was ""just a friend"" Her &amp; I lasted 12 wonderful years She was killed by a drunk driver",65.33333333333333,79.33333333333333
1355862291837833216,1006394480973447168,703252245840859137,Good morning....nothing but a bikini and a smile today.... off to my happy place. Be kind to each other. [SEP] @gymlifeanimal Keep the smile and lose the bikini and I am heading to my happy place winking face relieved face heart suit,38.666666666666664,62.666666666666664
1355582037198069764,283609868,223951722,Enjoyed that first half from a football pov. Should be ahead. Tierney is quality tbf [SEP] @PrinceAdam17 What did you enjoy about it? 2 sides too scared to try and score,22.0,53.333333333333336
1354516279005122562,2395293079,782883414441660416,"He is missing some teef, I may have let him sit in the bleach bath a bit too long, but he is still so cool!! eyes eyes eyes CW: Gore ?// One of my projects I have been working on — Ozzy the Opossum! (or I think he is one LOL) smiling face with heart-eyes sparkling heart Eden and I found him on one of our strolls, and I decided to take him home with us and get him cleaned up! It was an...interesting experience LOL https://t.co/DJuZXHRY2L [SEP] @LionintheTrees if you ever want to whiten bones again might i suggest hydrogen peroxide? :0 bleach will degrade bone over time, leaving it brittle, so hobbyist tend to steer clear of it",63.0,63.666666666666664
1353560423090413569,988512513225617408,14154843,"To you all Republicans out here getting defensive over me calling out Boebert: I do not see a single one on you saying “Give Biden a chance! He just got there!” #IdentityPolitics [SEP] @thereal SnS Well in fairness he is been around DC decades longer than she has, been alive. beaming face with smiling eyes",13.333333333333334,99.33333333333333
1353253542623064065,425109694,1345156924644462598,Stop forcing native names on foreign items and foreign names on native items [SEP] @ alkazeeem @Bams Jnr But.. sometimes the foreign names sound cuter or nicer?,55.0,69.33333333333333
1352559997285249027,1130151152761409537,1207732649755844611,ya’ll got to stop letting these lame ass outsiders tell us how to do our job face with tears of joy like come on now [SEP] @babyfaceRODNEY definitely not telling anymore how to do anything. hell i have an OF but i am solo because i have not found anyone i had chemistry wit. i am a consumer &amp; creator.,19.333333333333332,98.33333333333333
1352543291103969281,1175728324284473345,778323210261716992,"I just want to urge ya'll to please"" Fix your issues with the Lord Jesus this Morning!! [SEP] @ lamlebo Are you not a gay gent kanti? thinking face",64.0,35.666666666666664
1352075082563166208,34288932,41418257,"If I say, I am not interested in a relationship, do not come on to me like I am going to change my mind. I do not give a fuck if you think I am beautiful. That does not make me yours face with rolling eyes . JFC [SEP] @IAmNotOk Ok if someone is making you feel uneasy on here i could deal with them sounds like a dick does not matter to me i like defending woman on here",54.6,71.4
1350856115358212105,1247618856006418437,1260247721157357568,My gf chose jimin over me beaming face with smiling eyes broken heart [SEP] @perfectaegi She has better taste beaming face with smiling eyes,28.8,91.2
1350579533007773700,10836362,23052427,"if a reporter never calls someone for comment, then says the person ""did not immediately reply,"" they are still telling the truth. [SEP] @YatPundit No they are not. A reply, contextually, contains an initial successful contact. If there is none, it is a statement or comment.",38.6,72.2
1350658464465432578,1280628465243471872,17471770,"We really are going to the AFC title game loudly crying face I have dreamed of this success in playoffs my entire life [SEP] @SquidsCards dude, are you a youngun?",59.666666666666664,100.0
1350527705238958082,1151923477907218434,233510362,Nigeria is a barbaric country. We blame our leaders yet we the citizens cannot follow the rule of law. Why video her private part over an IPhone? I hate being a woman in this God forsaken place. Why not hand her over to the police? loudly crying face Lord I am pained loudly crying face [SEP] @PreciousDeseo Tag me to the video...,49.0,39.0
1349162088946671616,1256792669969428481,921049405507227648,450 miles of border wall BUILT. Thank you DONALD J TRU United States P [SEP] @gunz3379 @Mostly Fiery Well that is one wall for a new apartment complex. Living room kitchen on our side bedrooms and bathrooms on the Mexico side. Because joe biden will take it down.,75.33333333333333,65.66666666666667
1348154051603660802,2401830277,40649238,After 33 years of marriage. I divorced and it is the bravest thing I have ever done. [SEP] @ZanneQuinn face with rolling eyes thinking face YOU took such a longtime.. To realize.. Itni badi tubelight ho,56.666666666666664,77.66666666666667
1348132060267950083,1198917106387083264,149578233,"If you follow me I truly will follow you back as long as you have more than 0 followers. If I am following you please do me the same favor. I follow back, retweet, tweet, comment and like. What more can you ask for? [SEP] @CC62407008 Respectfully consider this. I signed up for Twitter in 2010. I worked 50 hrs a week &amp; I had no time for Twitter. So a yr ago I chimed in on Twitter to see what people were saying about Trump &amp; followed a few people but I had 0 followers. Using your logic, was I not worthy of a follow?",55.333333333333336,78.0
1347076364180967424,1207389541650202624,113272772,"The kids dads car died &amp; he will prob need a new one so I was like 'take mine when you have the kids, I am only studying on weekends. Except Friday 22nd, that is my Twitter wolf rat pack catch up, I cannot be missing that'. Deadset genuine life priority. [SEP] @somewherein84 Your being good to your kids They will remember it for a long time",23.666666666666668,64.33333333333333
1346756692864872448,1330755979034681345,1249576245743874048,"""you needed therapy"" my girlfriend [SEP] @waterwitheroses Lesbians are cool love you bestiboo red heart pleading face two hearts",42.333333333333336,93.66666666666667
1346312964731621377,61371461,1177035882,You* but also he is still a punched dough head. Mike Pence looks like a piece of dough if your punched that dough with both fists and put black olives in those dents. [SEP] @AkilahObviously You sound a little drunk Akilah. #notjudging,67.0,66.66666666666667
1301359348363530242,1009547150559252481,1317905130432450564,"*He and his family actively supporting and even campaigning for not 1 but 2 QAnon supporters. Margerie Taylor Green, and Laura Loomer. Loomer says Islam is a cancer, applauds and cheers when migrants die and calls for 2,000 more of them to die! Greene has several racist... ..to have facilities up and running by NOV 1 to begin mass vaccinations. Even though we have no vaccination, and we are not even out of phase 3 of human testing and 2 of the possible vaccines need to be kept and 80°below zero at all times. (Logistically possible in 50ish days?) *RANT* Tonight's news has got me flat out terrified. Today: * trump told his supporters to vote twice. *He is suing to stop mail in ballots/election drop boxes in several states. *They sent a letter to all 50 governors and territories... [SEP] @lifestoshort114 I am also sent MARGERIE GREENE...honey, I know you are new to this...and some people would call you a traitor... wait you ARE..You are following DON and he will teach you a lot. Like how he can grab any women’s “ p###y and she would allow him. And I know you are a Q TIP ANON..DON two hearts YOU",58.333333333333336,71.0
1346214159004917761,116859000,783275104268681216,"OMFG our younger son is going back for one day tomorrow and then we are doing home schooling. I just cannot. [SEP] @IncorrectEn Have not the restrictions come in immediately? The law is passed Wednesday, not the restrictions starting?",60.666666666666664,64.33333333333333
1345963355861868552,37545615,3912723552,"My parents did not want to seem “rude” to their good friend when the friend showed up at their house maskless right before Christmas and hugged me before I even realized what was going on. Yesterday, the friend tested positive for COVID. Mom was tested when she spent the 1/ [SEP] @ JeannieSays This makes me furious that this selfish asshat put you &amp; your parents at risk in such a careless way pouting face",38.666666666666664,72.66666666666667
1345842284533788675,93523126,1005593586,Georgia! Do not let Republicans win. They are cancer. They do not care about you. You have the votes. Trump and his enablers are a cancer to your country. Listen to the tape. Cruz and Graham and the rest are horrendous. For them it is power over principle and country. [SEP] @Spenny Spencer geez bud. Take a breath!,26.666666666666668,87.66666666666667
1345766468017905664,828950547159990276,892500273054314496,"I are not forgot how you did me wrong. Your turn is coming, baby, you better believe that. [SEP] @TheWidowmakerX *did not forget squinting face with tongue squinting face with tongue face blowing a kiss",43.333333333333336,97.33333333333333
1345793434855104517,418000137,712044665562927104,I am watching a funeral online because this world is shit right now. [SEP] @MusicAndRacing I am DVR ing it do not tell me how it ends,0.0,100.0
1345354249920802819,737231421358641152,1142871528385720320,"A media house will never post a comedians work for a whole year but December they come and post “which comedian made your year” just for engagement. What have you done to project their works for people to answer that question?? Mttchewww GHANA ern [SEP] @ComedianWaris Yaw ei, is it by force? Lol",66.0,66.0
1345233335442944001,1143344986936598529,1298240884333350912,LRT if you care about jun stream his covers jgn hebring cuma hashtag doang woman shrugging light skin tone how many of you have dream on you are spotify playlist huh?? stop acting like you give a shit and actually give some shit ok sparkles [SEP] @peachykyeom You actually do not need to claps back to other people and assuming they did not really care about him smiling face with open hands You can use a nicer words you know that smiling face with open hands,75.33333333333333,70.66666666666667
1343802013058883585,1317539631676551168,1244348093845450752,"you like it when i have you on your tippy toes up against the wall? that sweet ass is for my viewing pleasure. We will see how you prolong that bratty little b itch behaviour when i have you impaled on my cock, shaping your insides so that I will be the only one that satisfies you. [SEP] @urdaddysukuna you lost me at 'you'. I guess he does have his flaws does not he?",84.66666666666667,83.0
1343474167329349632,905594187193630720,1104527291302916096,Am I going to survive menopause? We shall see... [SEP] @PaulaVotesBlue2 I love menopause! Best time of my life. Sit back and enjoy the ride :),46.666666666666664,84.33333333333333
1343365697766891525,278937589,20548503,"Also someone just said to me, 'is tiktok like youtube haikus?' and I cannot stop thinking about this. [SEP] @casskhaw I mean...a haiku is more than just a short poem, so no--but maybe, like, a bite-sized YouTube video? slightly smiling face",56.666666666666664,53.333333333333336
1343065989706080256,32287809,503115315,"This has me curious now, what did you follow me for to begin with? Thank you https://t.co/BiC7HSPBLk [SEP] @PaleoSteno I discovered you after you ""left"" the Brony fandom",61.666666666666664,79.33333333333333
1343139179438493697,212614460,70140237,"Good to know that Junpon is open to do anything from the requests because I have seen many a tweet asking him to return Aiba's kisses from Arafes, so I am waiting now, Matsumoto. [SEP] @AibaNoAmore @MidoRin 1224 I Am waiting for a Sakumoto moment smiling face with hearts red heart purple heart",62.333333333333336,54.666666666666664
1342170531592859648,1135198851244204032,1093489814,"I barked the bark and skipped my maternal family's Christmas Eve lunch today. They have downplayed the severity of covid and they are all conservatives who ""still love me, even though you are gay."" So I really had no interest in being around that kind of negativity today. [SEP] @EntrancedG @JHaldew The this is a tweet that should only be about they are disregard of the covid-19 law. I myself am a gay man from a similar type of family. Do not slander you are family like that. All love approval, and understanding has to start from within you, bring your family closer to you.",54.666666666666664,61.666666666666664
1341262462511796226,841772016462045184,1303061308464672769,so many men woke up today and chose toxicity [SEP] @kalamata olive I am not saying this to because a problem I am saying purely because I want to see the other side of it and I want to start by saying is the kam in you are name for Kill All Men? Or is it just you are actual name. If so then why do you support that side. Again purely because I want to see another side,61.666666666666664,64.0
1341519406359187456,2996397530,745016633832267776,"SMH and Nine News have headlines that NSW are expected to record single digit cases and no spikes ahead of Christmas. Excuse me, but how does one predict such things? [SEP] @SweetAmberLeigh They do not. But it does help the ratings. Remember these news sources are not independent; they need ratings to sell advertising to make a profit.",56.666666666666664,81.0
1341380073153310722,143195261,705784410789040128,"Finally, now I can focus on what truly matters. [SEP] @ejemenofili So you actually unstanned Laycon ...was laycon the one that offended you downcast face with sweat downcast face with sweat downcast face with sweat loudly crying face loudly crying face loudly crying face",39.333333333333336,77.66666666666667
1341078725341765633,51848919,14164915,"feeling left out. should i add an out of office message that says ""i am still here. still on the couch (but festive). still checking email. i am on call and i do not use PTO days if I am expected to be at my computer""? [SEP] @abbyfuller Disconnect. I promise you will thank me later.",27.0,70.0
1340188588491857925,1324078028905943041,1312639170880458752,welp hi [SEP] @ELOISE DIGGORY hello eloise diggory (?) i am rory!,78.66666666666667,79.66666666666667
1338873507300577286,3052829634,87516410,I am in the market for a new dog. Sell me on your favorite breed. [SEP] @OhOEvie Definitely a mutt from your local animal shelter. PLEASE do not shop or purchase an animal from a pet store or breeder. There are SO MANY homeless animals who are LITERALLY dying for lack of a safe place to call home.,84.0,79.33333333333333
1338168574356180994,449101145,1047006077005508616,Where is God taking our parents bathong?! Every second tweet someone just buried their parent(s). So triggering. weary face [SEP] @Mo Setumo Biggest fear losing my parents loudly crying face broken heart Yoh may God keep them alive and safe fod me folded hands medium-dark skin tone,0.6666666666666666,99.66666666666667
1338292138791071746,1260360531631902721,1336699812251656193,Call me crazy but I am feeling a 31-24 Pittsburgh win. man shrugging medium skin tone [SEP] @TheMicDr This tweet did not age well. rolling on the floor laughing rolling on the floor laughing rolling on the floor laughing,53.333333333333336,67.0
1338040743760330753,183015860,860104568285384704,"Priest is level 60 and maybe I just make all my characters Kyrian lol [SEP] @Valomir maybe some advice? When I get SL, what covenants are best for Pally, Mage and Huntard?",36.666666666666664,82.33333333333333
1337758393948397569,2179123161,1192933384110116864,I regret to date but then again ni life .You do me dirt I do you dirtter [SEP] @ColdJota thinking face Did you go to a brothel? Guys on my TL today are talking about their devastating experiences in those places....,39.666666666666664,74.33333333333333
1336804869726904323,1310956248519581697,1335251364243337217,"I am not supporting people who steal other people's arts and they just like ""ctto"" [SEP] @minhee sq What if he did not now the real artist??//",61.333333333333336,73.33333333333333
1336795167295234051,1264950753103360000,1330480909380952067,*whispers in you are ear* sex [SEP] @ nishinoyayuu You are too short to reach my ear,51.0,53.333333333333336
1336917497040105472,1599911502,1262155588231819264,"also do not sleep on $GILD. Beautiful 5/50 formation happening right now and 30ma backtest. Goodnight [SEP] @ ms izzy Serious question, how much of move can be expected with a 1B float?",66.66666666666667,92.66666666666667
1336678167226945539,91718168,483650102,"I do not like to post this kind of thing here. But curious to know, how many people feel alone in having others understand how much restraint it takes to not jump? Like feeling like no one understands how hard it is to not? Just curious. The thoughts that pop in when you cannot sleep [SEP] @sexybbwkrissy Hey, if you are finding the thoughts popping up all the time, they might be ""intrusive thoughts"" which happen when you are under extreme stress or overwhelm. For me, they are now a sign that I need to get back on track with my self care.",31.0,80.33333333333333
1336271260062453762,952889836746264576,2175579580,You have sex virtually everyday of the week . You drink all brands of alcohol. You smoke everything smokeable But your meal everyday is indomie and egg and in most cases bread and sardine . You are slowly dying and need someone to remind you hun . [SEP] @Queen Minic All these people in your life.,71.0,72.66666666666667
1336213141089345536,389096219,19325184,for $10 you can send me your crush’s astrology chart &amp; i’lol tell you if they are worth your time or not (: [SEP] @TeresaAP98 how about you just show me how to read them and I Venmo you $13,14.0,72.0
1335984795076190219,815708250217840640,2175936033,"Also - wireless earbuds exist. Loeffler can definitely afford them. Who needs a wire to repeat 4 phrases????? Do not be the Q Anon of the left. It makes us look bad &amp; lose credibility when we spread unsubstantiated conspiracy theories. It gives fuel to the ""both sides are the same"" argument. An identical rumor was spread about Biden after a debate. #FactsMatter https://t.co/3lW6Jt9HKo [SEP] @TheSWPrincess This and the blue MAGA hats are the dumbest ideas. Why are Dems choosing to follow the Republican madness? These people are no better than the ones they have been condemning the last 4 years.",57.333333333333336,62.333333333333336
1335349418191691776,1009156334326046720,1325148160805629953,"so when white people do holiday parades and protests downtown it is completely okay but when people of colour peacefully protest and rally for movements (BLM, Free Palestine, No Farmers No Food, etc.) we are suddenly the problem woozy face it is the double standards for me weary face weary face weary face weary face [SEP] @simranm221 Everyone has the right to protest but does that mean tearing up our city and causing destruction to businesses? What other protest or organization besides black lives matter protests have you seen that do destruction to our cities and businesses?",73.0,50.666666666666664
1334921759930404866,1292139377594896387,162330692,manifesting plastic hearts tour 2021 [SEP] @wuttangclan We want mtbmb tour first!,41.0,65.33333333333333
1334884526644977665,1244596581963370497,1310695383362924544,"Remove AKA on that fucken list of yours face with rolling eyes face with rolling eyes #BaseHottestMCs [SEP] @tintswalomegacy He does not deserve to be there vele, cos he released the whack project dis year litter in bin sign",52.6,72.6
1334183196624228353,1179849297568747520,794231524187140097,40+ guys... What is something you would tell your 20 yr old self about the right way to treat women? [SEP] @LyfeOfRyley That I deserve to be treated well also.,56.666666666666664,70.33333333333333
1333579946208452608,1697931168,1258387561,There is no way the letter G belongs so early in the alphabet. It should not be before I or even L. Someone messed up years ago. [SEP] @nraasch19 This is the dumbest shit I have ever seen on Twitter,63.81481481481482,65.55555555555556
1333433211880419328,855888260,912802224618778624,"The fact that I need to decide whether or not I want to pay 500 a month or 600 a month for 2 people’s health insurance through my husband’s/my employer - which does not even cover everything, &amp; that is seen as a *benefit* and a *privilege* is such a uniquely messed up part of America. [SEP] @sarah fong though Is not your husbands employer a hospital though? thinking face",59.0,58.333333333333336
1333172134307356672,877553978527154178,21384910,"Just sold $BTC at $18,300 that we had bought at $16,700 before Thanksgiving. We are on the sidelines again. [SEP] @WyckoffOnCrypto In 4 weeks I am 150% up on XLM investment..got my full principle out..can you best that performance?",10.333333333333334,69.0
1332984199905767424,2318933057,481543246,"Good morning FAM, pls i am looking for a job for a single father who is depressed and suicidal, in Ibadan. Any job that only requires school cert. Pls this is a cry for help, pls rt if you come across this folded hands folded hands [SEP] @fluffyOlami If he can drive ... find him a bolt cab",40.666666666666664,73.66666666666667
1332776728067010563,719212329683009536,896439080246026241,Someone has been distributing rude photos of me and I have their phone number. The fool did it to someone that I know. 2010 Topher would have tweeted their number. I am drinking wine. I will probably be 2010 Topher by 9:15pm. [SEP] @helloiamtopher Is that not your job lol,65.66666666666667,58.333333333333336
1331433856059265025,11768142,103387634,I have been very bad. My plan was to write 5 commentaries per day for Theater Hopper: Year Five. I have not written any commentaries since last Thursday. :( Going To try to make up a little ground tonight. [SEP] @tombrazelton If you do not watch the channel you should check out Slopes Game Room. He does videos on Kickstarter scams. Your Kickstarter even though you did take a while to update is better than some of the Kickstarters that he features on his channel.,71.0,75.0
1330923671800582144,862238398324584448,1314633636856037376,I am dying to change two things in my bio.. But my uni &amp; earth's rotations are not Co -operating [SEP] @rupcee twt You are 21 i thought you were 16/17 loudly crying face face with tears of joy,51.0,72.66666666666667
1329447002594275330,919457696574709760,1341039902,"JL: Have you guys seen my shirt? Button-down, faded salmon color? LXC: You mean your pink shirt? JL: Faded salmon color. JC: No, I have not seen your pink shirt. [SEP] @incorrectLanYin It always leaves me a tad bit confuse whenever I read words of 'unofficial colors'. I know they are legit and means to pinpoint the exact color of certain things, but there are a lot of salmons that I am pretty sure not anywhere near pink. face with tears of joy #stereotype?",67.0,58.0
1330380019399528449,16566042,84095501,"Nicole Kidman has a different coat for every day of the week in #TheUndoing and they are all to die for. [SEP] @MACcable The green one is ugly, she should take that one out of rotation rolling on the floor laughing",86.66666666666667,56.0
1329805389970464771,797174808328945664,1325374062818947073,"Why does not anyone just address the elephant in the room the British Army medical Corps can man the Nightingale hospitals here if necessary easing pressure on NHS but no, we will let businesses go to the brink so sf are not upset, as we all know they would be screaming [SEP] @AlisonW37619617 Excellent point but I doubt if they have the guts to do it. The executive are scared of the sf dirt",59.333333333333336,82.33333333333333
1329394631931473926,1159871903428988930,1204440134680227841,what do you guys think about the Yarn x penguin x valwop edit pack ? should i buy it ? [SEP] @zksVFX why do you speak english here ????,20.333333333333332,74.66666666666667
1329018099341922307,1255352762566615040,1276514293199114240,my irl told me she did not want to give me her twitter because she never posted but actually she is a babygater and zaim so now i understand.. [SEP] @SCRIPTEDARE Umm... maybe if she felt confident in you without fear of you judging her for her opinions she would have given you her twitter ...,65.0,74.66666666666667
1326851657762811906,1282386888,970087737624875008,"Thinking about the escalation between games I wrote. Game 1: let us be toys and have adventures! Game 2: BE GODS, KILL GOD [SEP] @Mr Ray rpg You are like a JRPG.",50.2,82.8
1326967381579579392,43339361,38786621,Holy COVID numbers. man facepalming [SEP] @dahomes Got a link?? Was hoping to come for Thanksgiving but may have to stay home if you guys cannot get your acts together. Haha.,41.666666666666664,56.0
1326371125706813441,21365525,957176129940373504,"I mean... his reply immediately cancels out the possibility... Got asked out at the gym today... had to tell dude that I am in a relationship but I am flattered, but his response though... “oh well I hope the relationship does not work out so we can go out” Me: https://t.co/us3FoylF0v [SEP] @tehknuxlight can you blame him for his misplaced hope your cute as f@&amp;$.",70.0,67.0
1324803355563204619,965259185637265408,734922988181721088,"So apparently Republicans want trumpies to surround Philly to exert “a demanding presence” to intimidate them from counting votes. As a PA resident, all I have to say is Bitch, try it. See what happens. [SEP] @moonlightjuni Where do I ship my d cell batteries?",62.666666666666664,71.66666666666667
1324538675825315841,1310857894334738432,469551079,I have not had a new follower in over a week. Anyone want to help a patriot sister out? white heart [SEP] @jay816816 Hello there.. hope you are the real deal and not a fraud.,59.0,63.333333333333336
1324453170081247232,43975722,1307068955178217475,"I keep not sending messages to people because I type them out, but get nervous and overthink them before sending, then forget because I am busy overthinking everything else. What would you do? [SEP] @pamperedpenny That is a terrible habit! Just type it quickly and send. Do not let it occupy your precious time by overthinking it. Love your honesty though x",54.666666666666664,54.0
1324161016482140160,2812155060,947369056956534784,"What the Republican Party is SUPPOSED to be, and what its turned into under the trump administration are 2 completely different things. You can be a republican and not support Trump. If you identify as a Trump supporter there is something wrong in your soul. Deeply. Lost 100 followers so far from tweeting about how much I hate Trump. I feel the racism by association being cleansed from my digital soul. [SEP] @manishie I think there is something wrong with you forcibly pushing your own ideas onto other people. We all can believe what we want to believe. This is a perfect example of the Democrat party, “if you are not with me, then you are my enemy.”",50.666666666666664,43.0
1323855633389637632,779296266836582401,28149316,"If your not free to express how you feel about politics or moral issues, than your not free! I refused to let my son fly a flag in the back of his truck because of the crazy dems/ antifa It is sad, we are in ga. I do not think this mind set will last much longer. [SEP] @Panther092203 Then he is not free!",45.666666666666664,51.333333333333336
1321965348107833345,1036715610183553024,976648711,"fuck this trashy ass overdue homework, i am going to do free pulls and my fucking nails because at this point who the fuck cares [SEP] @lapis lazuli423 This actually made me laugh face with tears of joy",71.0,61.333333333333336
1321894713834774528,307469863,1262757156,"wow for the first time in my entire life, I want scrambled eggs on purpose [SEP] @EndOfDaysWoman Wait. Are you pregnant?",59.4,66.6
1321860583050735616,401847894,1177777889091162112,What do consider to be a large twitter account? [SEP] @Cerra How can one person keep up with all those people. I am nowhere near that and I am lost most of the time!!!,7.666666666666667,79.0
1321247677829599234,4836354754,1171598992360132608,"people should stop thinking loving yourself is only liking your body, you all are so superficial [SEP] @youniversenamu I agree but liking your body is not always superficial. it holds an important part of your identity.",31.333333333333332,80.0
1320783343919792130,1276031731695587329,1207304860644843522,"An Ariana fan page who does not deserve to be called an arianator, spreads the safety net snippet! I dmed and told her/him to delete that, she/he saw it but did not reply and continues to spread that leaked video... Reply to this and i will send their @ to you so you can report them! [SEP] @backtoyouv @? Please, thank you I will report this bitch",67.0,44.0
1320507993360867329,1296527559044272129,1179281236667310080,"So OBSESSED with Suburban Women who are mostly married ladies. I love adultery! [SEP] @mrdonaldplump You grab a suburban woman’s pussy with one tiny, grubby hand and a stack of hamberders it is the other. Very talented. Many people are saying you are the most talented, tiny fingered fucker they know!",70.0,66.33333333333333
1320277043926413313,323372239,367360583,Lots of tweets saying fans hammering Macca! I have not seen one. thinking face #GTFC [SEP] @antporter76 This season @1Jamesmckeown has won more points for us than dropped: fact #utmm,0.6666666666666666,94.33333333333333
1320107639892836353,96672131,176368841,Khabib just announced his retirement. Stating that he cannot continue after the loss of his father. [SEP] @FranktheTank210 What in the wojbomb kind of tweet is this ?? Lmao,47.0,78.6
1319694364428406788,1127517531864956930,1030924401691119616,"If your child has done a massive poo and blocked the toilet with half a toilet roll, and you cannot unblock it... is that a landlord issue or a tenant issue? I have tried hot water and unblocker liquid. I cannot put my hands in, I have copraphobia. [SEP] @ladybex1994 Bex for fucks sake I do not understand why you have never owned a plunger but for the love of god this life lesson is to buy one... no one PLUS A BACKUP (no pun intended) ... just remember YOU WILL GET THROUGH THIS and IT COULD BE WORSE. Trust me.",42.666666666666664,57.0
1319919673538916352,273116475,1192327058740768769,"oh now people realized that nct are human beings and were also victims of racial discrimination but the boys never said anything and never asked for an apology from anyone out there and instead kept touring countries with a big smile to make their fans happy GET OUT! [SEP] @limorrk Hey that is not fair, but us South Asians have seen a lot of CA happening with respect to us. I am not saying that hurting their comeback or ""unstanning"" will help, teaching them definitely will",48.0,68.0
1319798557491122177,739070594688262149,1191855827667128320,Harold Holt is trending. Has he died? [SEP] @clairegcoleman Yes - are you disapponited? He had a fatal accident in the water and has never been found it was in 1967,52.0,79.66666666666667
1319361168046252033,1144639137728933888,1200101454708715520,"about the breakup and wants to find out what is happened to make him break up with her. It no longer makes sense as he is acting so in love. I AM IN! I AM READY PLEASE GIVE US A 4 HOUR EP OF JUST EDSER #SENÇALKAPIMI OK SO Eda has temporary memory loss after her fall and does not remember serkan breaking up with her. And him being madly in love goes along with it because why not. She then remembers he broke up with her but does not tell him, because she is now suspicious + #SenCalKapimi [SEP] @DiziloveE Is it a supposition or your just making a summary of the fragman ?",35.333333333333336,61.0
1319039841133318144,760234705618870273,52416576,"If I may, a medical analogy; Obama slamming in the central line and floating a Swan. Diagnosing all the bad. [SEP] @AndreaR9Md I know you like he shoe size. winking face with tongue .. but he is really, really good.. for someone like him, I see why other Countries have Leaders for 16 years (I am from Germany, so Angela Merkel.. she is going to retire now.. after People voted for her for 16 Years)",65.66666666666667,62.666666666666664
1319035869840494595,64441041,455267696,I have decided on my costume and it involves a bag of wine and I could not be happier about it face savoring food [SEP] @wessjargo Dressing as a pirate? Lol,47.666666666666664,56.333333333333336
1318198380774985728,1253835345470390275,1210703009283551237,I am ready to do this relationship thing..... but i got to meet a nigga first. But it is hard to meet a solid and faithful masculine DL nigga out here in PG County or DC. Too many fake DL and flamboyant dudes. [SEP] @SolidNasty Same here bruh but I have realized “DL” means different shit to every nigga that use the term. I just do not believe there is a DL dude who defines and lives by that the same way I do. Let Me also add that I do not believe a dude is DL if he are not got to girl man shrugging medium-dark skin tone man shrugging medium-dark skin tone,20.0,96.33333333333333
1318207766226440194,2270649464,1270103667270656001,"I am already thinking about lunch. What do I get? [SEP] @toomanycommas3 you can have me, I am tasty",41.0,56.333333333333336
1318145554560450561,409343660,249134468,Why do lads video there joint on Snap for 5 straight mins [SEP] @Helenconley Why do you watch them face with tears of joy,51.666666666666664,73.66666666666667
1316937058569670656,3188694442,177693967,"In one of Joe Biden's radio ads he decribes America as going through a ""season of darkness"". I just heard the ad and it scared the hell out of me suddenly. Know why? He is right. We are in dark times under Trump. He must be defeated. It is imperative. #BidenHarrisToSaveAmerica [SEP] @LisaAtlpeach33 Just now? Well, better late than never to see the light.",61.333333333333336,60.0
1316376279093055490,411958406,4777113617,"My contribution to the Chomsky discourse is that the man knows he was wrong about his Bosnian genocide denialism and rather than apologise to the survivors, he has made an effort to excuse his repeated revisionism and has ignored all Balkan scholars who attempted to reach out. [SEP] @Rrrrnessa Hello there. I have a lot of respect for your opinions and scholarship, but I do not think this is true. Chomsky denied the applicability of the term “genocide” to the conflict, but he never denied the brutality that was taking place, nor the horrors of the war.....",55.333333333333336,79.0
1315824309600886786,1275695271293456384,985720569357217797,"i saw smngg recording something like predebut contents. and again, i only saw 5 girls. i also saw lee soo man wth loudly crying face [SEP] @sonofnox Uhm are you clowning us or is that really true? Please I do not want to get hurt anymore",33.666666666666664,54.0
1315762116100599813,1058806590,809982102,"I am not crazy about the word ""impact"" or any of its forms, unless it is referencing to automobile accidents or maybe teeth. I really do not think it belongs in an educational research paper. I am losing the battle on this particular front. [SEP] @ClaireHMajor Seems like pretty straightforward metaphorical language to me, like “losing the battle”.",37.666666666666664,64.33333333333333
1314122019278000128,1703520566,1178342700728365056,i love to play xbox 360 games [SEP] @pauljac3 Paul have you played the xbox one?,45.0,83.66666666666667
1313526706737733632,1194358626993033218,788666787969708032,Can you all tell my sexuality just by looking at my layout? [SEP] @cswmwiph wasohm No because its not right to judge people,66.0,66.0
1311890988340830209,414366645,1249410613605838848,Maybe after my facial lipo surgery I will be able to pull off the sexy pixie cut a la post timeskip Mikasa or Casca [SEP] @BuffBunnyMika Facial lipo? My two cents? You really do not need it. I think you could easily pull of the pixie cut just as you are.,77.0,75.0
1312558788956901376,766085289802629120,4447555653,"My MAGA brother just sent me a message lecturing me on my comments about Trump getting COVID-19. The conversation ended with me saying he is dead to me. [SEP] @nodank When Trump and Biden are long since dead and the country is still fighting same shit political battles they have been for 40 years, you will regret this. You said yourself they have always been supportive of you...",58.666666666666664,57.666666666666664
1311609438046883840,1243031471129890816,1187307147287302144,Ever had anyone follow you and try to send a message but suddenly his account is suspended??? [SEP] @AcerbicAlmond face with tears of joy face with tears of joy face with tears of joy face with tears of joy face with tears of joy face with tears of joy face with tears of joy . I am legit dying of laughter,51.333333333333336,72.66666666666667
1311193585950351360,1009840705047588867,2388548248,"why tf did i open up to him huh??? mein kia soch rahi thi??? [SEP] @maryamakhai No offence but are you waiting for someone to tell you that you tweet a lot about your crush or ‘him’ ?? Like if this goes on, someone will kill him. Stop. For the love of god, stop",69.0,83.33333333333333
1311033415815311360,1666231424,2610403572,"Someone explain ‘Among Us’ to me eyes [SEP] @CherryFaexxx Why did you change your name? Your ""brand"" has always been Krystal Orchard....",34.0,39.0
1310395635569438723,33842936,1295698396209123328,corey just calling him jimmy uso rip [SEP] @johnblud Because its easy to get twins mixed up are not that hard ya know,62.666666666666664,57.0
1309015005128544256,773218226385727488,787044306,My twitter got hacked again I do NOT have a desire for big balls [SEP] @lenamoonxo I just figured you were drunk or high you know,58.666666666666664,81.66666666666667
1308313941546872832,541914020,1053097301730746368,"Question: Is Allah a Different God Than the Biblical God? [SEP] @MimiReeds I am sorry sister but I find it hard to believe that a sensible person such as yourself asked a nuanced question like that and expected an academic answer, on TWITTER.",36.666666666666664,79.66666666666667
1308553893803175941,778513486754246656,1233163809230950402,i cannot do the january -&gt; september meme i look literally the same just with more tattoos [SEP] @MUCKWlTCH What Is you are tats? I really want to get some but I be nerves,50.0,77.33333333333333
1308231525712846848,1169460760759504896,1286435997811646467,i am a romantic i just be frontin’ like i do not like that mushy stuff. [SEP] @fritziannette Frontin’? Your tweets read differently love,74.75,75.0
1307695534644367365,1303494944,1257373131804741634,"GOOOOOD MORNING! I am going to sit on the couch and watch football all day, have yourself a good one! [SEP] @PizoTV With football you mean the ACTUAL football, aka Premier League and not AmErIcAn FoOtBaLL that is not even kicked with the foot?",60.333333333333336,68.33333333333333
1306943245302337537,282182210,2820220528,"Legit the only cereal I eat these days is Weetabix and yes I absolutely put a LITTLE bit of sugar on top. Normal cereal in the UK at least has barely any sugar in it these days, unlike other countries... You put the cereal in the bowl, add the milk and then sprinkle some sugar on top. If you do this in any other order we cannot be friends [SEP] @MGH Maybe that is why you are diabetic? No offense",55.0,91.33333333333333
1306566132510285825,601156199,137240047,"My dream was to get featured in one of those weight loss pics, before and after ones. But I realised I was only moderately fat to even get noticed. So now I am on a mission to get fatter, so that subsequently i can get thin for those pics!! grimacing face grimacing face face with rolling eyes face with rolling eyes [SEP] @PureWaste Do not want to be rude but you look kind of fat in your DP. Spare yourself from putting on more weight",83.66666666666667,79.33333333333333
1306428718198317058,742209460907573248,823588761208549377,"After the week I have had, the temptation to drop kick this asshole child into orbit was holy grail levels of tempting. The utter disrespect of the parents. Fuck. Me. I just had a client meeting where they brought their 6yr/o (not really appropriate but I accommodated this.) This hell child then proceeded to kick me in the shins multiple times throughout the meeting only for it to be laughed off. Was like being back in hospitality. [SEP] @TheBloodyDrongo if this was at your place, stand up, open the door and tell them ""we can meet again when you learned to educate your kid"" if it was at their place, stand up, leave while saying the same. you might not want to hear this, but you need to grow some balls. customers are NEVER right",52.0,41.333333333333336
1304934385024602112,1690561176,635231719,"i am tired of having my name, anyone want to trade [SEP] @phoopsiedaisy Yo not to be mean but you got a whole ass second name",18.666666666666668,71.0
1304730592827891713,62592479,777156996873281536,"Anyway, as a Londoner with a London-born mum and a Lincoln-born dad, can people living hundreds of miles away who do not experience living in London every day please stop having a big old panic about some Londoners not being white? Made the mistake of looking at why ""Londoners"" was trending. Lots of ""they are not even from London"". True! Many Londoners are from the Midlands, Up North, Scotland, Wales, N Ireland, Ireland, I know Americans here, Canadians, Australians... But that is not their point is it..? [SEP] @icklenellierose ""B-but if someone looks different how am I supposed to ignore them like I do everyone else on the street"" - A southerner, probably. This post made by Northern Gang. Say hi to people. Smile. Be happy.",51.666666666666664,57.666666666666664
1302107854623580160,100792448,1643442716,"Did you ever Fall in Love with your Teacher smiling face with heart-eyes [SEP] @twittydoodle shutup, do not raise this question atleast on teacher's day, Guru ko koi is nazar se nahi dekhta...",56.0,84.0
1301858771858345984,15466959,733070058,"Guess what? I am still thinking about sausages (stop it). Londoners, tell me about your favourite London bangers! Restaurants, cafes, takeaways (but not butchers/shops). Yes, it is for a thing. [SEP] @FoodStories What about Hermann the German? No-one liking wursts?",59.333333333333336,74.0
1301552008407789569,807087307945902080,16457794,"I am sorry, but I really do not want to be the first woman you have dated. [SEP] @broadwaytail Serious question.. was your first time sleeping with a woman with someone of color? I am curious as to how this next generation will handle coming out...",58.0,51.0
1300567063744970752,944649410,877290836656050176,"PSA: If a volunteer from a campaign texts you, do not ask if they are single. [SEP] @hwilcove Sure, take all the fun out of politics for us creepy old guys!",51.0,49.333333333333336
1300852821785415680,1271938274110525441,1105583333398872064,I wonder why anyone has any confidence left in the Fed or their credibility? The Fed has never been right and all they have done is expand their balance sheet to trillions.. How is that credible and how does that instill any confidence in the US $ ? Specially against GOLD [SEP] @BozoHero Fed does not care about average Bozo,66.33333333333333,75.0
1300242153948344320,73550387,1171128276175249411,"Not to be that person but we all know that all these award shows are rigged so like do not base everything on that okie?? We know everyone is talented [SEP] @xfeyre very true, honestly when taylor swift won the best direction award we knew",72.33333333333333,71.0
1299718426999439360,302104509,143746455,"Why is a 24 yo hitting on me I am atleast ten years older lil brother play with your PS [SEP] @nidzk123 If I became your brother, will you get me a PS? pleading face",40.333333333333336,65.0
869710103259336705,358683225,1299591707684737024,So the books are problematic and the show is not? That is irrelevant. There would not be a show without the books. WE LOVE CASSANDRA CLARE [SEP] @ladymultifandom If you have not noticed the show is totally different from the books!! Totally,31.0,58.666666666666664
1299202262321881088,1079035610118025216,1124984947897454594,Legend rabbit face rabbit face rabbit face says rabbit face rabbit face rabbit face if rabbit face we rabbit face rabbit face get rabbit face rabbit face rabbit face dynamite rabbit face rabbit face rabbit face rabbit face rabbit face rabbit face with 300M rabbit face rabbit face rabbit face rabbit face rabbit face views rabbit face rabbit face rabbit face today rabbit face rabbit face rabbit face jungkook rabbit face rabbit face rabbit face rabbit face will rabbit face rabbit face rabbit face post rabbit face a rabbit face rabbit face rabbit face selca rabbit face rabbit face rabbit face [SEP] @vantaengell but if we reach 300M and JK does not post a selca.? Then.??? Then what.??? How will you take responsibility.??,27.0,59.333333333333336
1295929196250718208,2497319186,1077773703826558976,"I do not want to give too much Details but here are their basic roles in the story Nia(she/her): Nana personal guard/childhood friend Akuah(they/them): protagonist sent to assist nana to find his father Nana(he/him): king Finally finalized my main characters for my pitch! face with steam from nose Here is Nia(16),Akuah(15), and King Nana(17) star victory hand dark skin tone https://t.co/61mZL6VAfZ [SEP] @abellehayford I would due without the non binary crap",61.333333333333336,81.66666666666667
1297589681392058373,2861192685,1115072368659980288,Agree or Disagree: Society should reasonably expect the majority of parents to pay for their child's first car and college degree (Note: remember that taxes pay for public education). [SEP] @WelsknightPlays This is a very privileged question. Many families can not afford such luxuries.,37.666666666666664,77.33333333333333
1296946530734268417,1010727850322821121,1294498525485469701,CHAIN IS SO MEAN GOODBYE [SEP] @F4IRYSE0KIE why is he mean &gt;:((,0.0,95.0
1295722706298720260,928408616721440769,1272716413468241920,"Please support naija based clothing lines like you support Versace, Palm Angels, Louis Vuitton, Burberry etc Launching my clothing line this week and I pray to God I get the support I expect. Bless [SEP] @cityboyoflagos i get what you mean but damn, do not you sound a little entitled there? people will spend their coin however they please man + i saw what you sell and one could perfectly go to alibaba and purchase off there...",21.333333333333332,91.0
1295599896226082816,1166968705651286016,1193697205804322818,"""His eyes, though, his eyes were utterly unchanged, dark as peat, unfathomless. The kind the ladies at court had said they could get lost in. Not her, though. Never her."" ...3 guesses what is going to happen here? #WritingCommunity #WIP #amwriting #SnowWhite [SEP] @KateMacAuthor I think I know the answer. But hope you do not mind my saying unfathomless is not the word you want. Fathomless is correct. It means so deep you cannot reach the bottom. I suppose unfathomless would mean the opposite.",59.0,41.0
1295225851613765632,1220281483509800966,1279952343304462342,"“OK SOMEONE HAS PUT ME IN A BAD MOOD!!!” (She crosses her arms in anger, pouting as well... she is extremely pissed off) [SEP] @UchihaTricia * Bro stop acting like an anime character lmao",65.66666666666667,73.66666666666667
1294792892293275649,1207489125722607617,1195369761703694336,I am starting to feel better again.. or maybe it is just the meds. Either way I have been decluttering my home and my head.. my heart is another story.. got to light that shit on fire and let it burn. fire [SEP] @Goldmama420 I am not sure what the time to do with the fact of the day is not a real big thing for you it is like climbing the Great Wall in my world I am so glad to be back though I am spraying again and I am not going to say it is a all happy hour of time I am not as sad though,62.0,68.66666666666667
1293938652045807616,111697772,1225553161764642821,"I have been told my MCs are too cheery and confident, which did not leave enough room for character development. Am now considering making them demure and diffident. Any tips on how to write a reserved character that is not annoying or cringy? sleepy face #writerscommunity #WritersCafe [SEP] @monicanguon Here is the thing, do not let anyone sway you. Any character with enough thought can have development. And not every character needs to have an arc",15.666666666666666,100.0
1293962998982283266,245999168,1180872966755799041,Why do children get so stressed out about exams? Is it that we just hear about it because of social media or something else. I do not remember any of my friends being stressed about A levels. I know I was not. [SEP] @andie1105 That is a crap tweet Andrea. Their university places require grades. Of course they get stressed.,72.0,88.0
1293960656186519552,14387793,4848041769,"The grandstanding by Rockets fans, even in the face of bad news is something. Also, the assumption that a player who relies so heavily on athleticism is instantly good to go the second he returns is another. Not saying it is all gloom and doom, but let us cut the shit here. [SEP] @alanshow you quite literally act like it is all gloom and doom in most occasions. lol.",58.0,87.66666666666667
1292987486415749120,382334752,794585796,"just got pulled over in the car with my boyfriend and i feel like this is cliche as fuck but i have actually never been that terrified in my life. he had him step out of the car and i almost started crying right then. i am so glad to have him sitting back in this car right now [SEP] @honeysjoints No I feel you girl. I am white my fiancé is black...the only times he is EVER gotten pulled over was w me in the car w him and I feel like me, being white, and being w him is what saves his life. It is terrifying.",66.0,50.0
1292644792644534272,1216895387606405120,1241942573930987525,"#NorthCountryViews: Lots of bees this year! Anyone else noticed? Not bumble or honey bees-#yellowjackets, #paperwasps, #whitefacedhornets-nasty suckers! I have killed 5 hives so far out near my hunting blinds &amp; on my trails. 3 more to go- but I ran out of ammo! [SEP] @richardtmonroe1 They are pollinators and kill other nasty bugs, maybe if they are not in an unreasonable place you could let them be. Just a thought.",34.333333333333336,74.0
1291184598005829632,1071937046606999552,810835918701461504,"OPINION: when talking about changing your name upon marriage, the quip: “my husband did not go to med school, I did! smirking face ” is insulting to doctors who decided for themselves and their family that they wanted to change their name. woman shrugging medium-light skin tone [SEP] @OKAY medicine If one is this easily “insulted” they will have a hard time- The medical industrial complex is so corrupt, if you let what other people think bother you it will be very difficult to survive. I changed my name, then I got divorced and change it back NBD",66.33333333333333,55.666666666666664
1291146083968724993,799420581389209600,1220615533260730368,"I am followed by Endless War twitter, I am followed by leftist twitter, I am followed by film twitter. Folks, what cannot the Revvy Man do? [SEP] @RevolverDotCom Seek refuge in NSFW twitter. Or Normie twitter but I do not reccomend that one. Puppy twitter? That is a good one too.",63.333333333333336,56.333333333333336
1290055050392297472,835305164210757633,324069058,"I need to point out here folks that the last fib Spiral is subject to change of course if we continue up, that should be a given though right? #BTC #GANN #GEOMETRY Would you take the Blue Pill or the Red Pill? Just an observation here folks, but an interesting one at that, would love to know your thoughts! So many choices.... winking face https://t.co/u8pMpyY74l https://t.co/qh6mhxD2IQ https://t.co/dwe7th7rOp https://t.co/3wxiNMex5D [SEP] @CryptDoMillons Yes, you are assuming we are at a pivot point. Did you draw one from the previous top?",26.333333333333332,46.0
1289115796657131521,1231944053496913920,243354731,"Why do pensioners vote conservative when all the Conservatives do is hurt them. We pay the lowest pensions in Europe they are lifting the triple lock. taking the NHS away we have no social care, care home scandal want them to work till they are 75 and they keep voting for them [SEP] @cool grandad My Mum did not vote for the crooks.",40.333333333333336,68.33333333333333
1289194061107142666,1041161604774060032,994718376189677568,"mornin, you all- it is a rainy restart kind of day. &lt;yawns, stares out the window&gt; tell me something good... please? [SEP] @abnormable I like you you are funny face with tears of joy",83.0,57.666666666666664
1288637569526190081,145821686,2270931745,"I do not think I can give someone a chance anymore putting work into a possible relationship is stressful as fuck. [SEP] @manny diamond You might be trying too hard. I am not very good at human interaction, but I have begun to understand that we need to be patient and not jump to conclusions. It is also okay to wait for people. It is alright to evolve for others. smiling face slightly smiling face",44.333333333333336,69.66666666666667
1288249172781674496,1194381925626109957,545277920,wow i am kind of drink lol [SEP] @AGUSTD10R You alright there bub?,25.0,74.66666666666667
1284244022899376134,806009385252167681,1260747618977812482,Truth is stranger than my Uncle Bob. [SEP] @Beamo23 So Beamie I have a riddle for you. I turned on the Keurig machine. Put in water and coffee thing. Hit BREW and walked away for a minute. What did I do wrong??? Answer: Forgot to put cup under there. Bout peed my pants laughing while I cleaned it up. grinning squinting face,57.666666666666664,75.33333333333333
1286867055573004289,977615263909625856,293873407,When I see sex workers trying to defend the validity of their job by flexing how much money they make i get a little annoyed. Like 1) those people still hate you no matter how much you make. And 2) The validity of someone is job is not based on income. It is low-key classist. [SEP] @Freyajade sounds like @poppycarmine is at it again lol,61.0,55.666666666666664
1286590229848227840,739159106,100323384,Good Morning sparkles [SEP] @MncedisiSindane Dumelang Mcedisi smiling face with smiling eyes smiling face with smiling eyes I hope you are well this morning party popper party popper woman dancing dark skin tone party popper woman dancing dark skin tone,48.666666666666664,77.0
1286334957556834306,329959020,1657792406,"The fact that #CharlotteMLS hyped up such a bland logo and reveal, only to be SHAT on the next day by #SeattleKraken with a phenomenal promo, branding, and jersey... Some things in life you truly just love to see. [SEP] @darthkennon This, but reverse it completely. One is class, one is what happens when you give a 15 year old an hour to make a team grinning face with sweat Agree to disagree!",29.333333333333332,72.0
1286218047884275713,1254019408181288960,1278433065887563783,"Again, I woke up to the same message “can we do that rp now!” *Sigh* I am not going to do that rp anymore [SEP] @BullseyeFNRP Oh my gosh I get you completely there is one guy who asks everyday",79.33333333333333,69.66666666666667
1285185465163952128,1275609437940613121,719572864882622465,i think sharing nudes with someone is a bonding experience i think red heart [SEP] @ryanasff Who are trying to bond with face with monocle,32.0,59.2
1284846019352694786,816489010373783552,1069811629481750529,"“Negro” is trending? And for what??? [SEP] @laurrrelyse What is the correct term to describe POC as then? I never really knew this was offensive (I have never used it, but I just want to be educated if possible!)",68.33333333333333,50.333333333333336
1284570632060116992,1260288479466008577,8716142,"Hi everyone who recently followed me, I should warn you: i am a gay assyriology student and i talk a lot about cuneiform, ancient near eastern history, and museum ethics. i am a jewish anti zionist and i will fill your timeline with anti imperialist rants. i am also gay [SEP] @protosemite So I have followed you for a while, and it started to dawn on me. Now…do not take this as me being judgmental or anything, but are you gay?",47.666666666666664,67.0
1283944571999674369,20471190,835641206449262595,"CompTIA Cloud+ (CV0-003) beta exam $50 until October. eyes Okay, bet. Let me switch up the tempo. [SEP] @Skys HerLimit You should take the Azure Fundamentals first. I covers a host of core cloud computing knowledge. And aviatrix as well which is free until July 30.",56.666666666666664,51.0
1283909540782788612,42707337,965121867790127104,"I mostly have reply dykes, who are sort of like reply guys except they dated two of my exes and could probably kick my ass. [SEP] @laurenthehough Wait....I know I am not a dyke, just a supporter, so am I not suppose to be tweeting to you? There was no questionnaire to complete and I am not a guy.",53.0,56.333333333333336
1283924138957078536,193329000,601121929,Ron Rivera got off the plane from Carolina and landed in the D.C. minefields. [SEP] @ChettEyeKnight Did they change the name yet?,57.666666666666664,73.0
1283492453824200704,18364723,1268614337834504193,"Cats lives matter! #Catslivesmatter Cats get discriminated against, probably way more than humans! Time for a gigantic cat statue to be erected in Parliament Square. Which famous figures had cats? I know V S Naipaul had a cat. Anyone else...? [SEP] @naomi2009 I hope this is some kind of humour that I am not getting ... 1) if discrimination is criteria, cats definitely do not come in top10 2) If at all only cats to be considered, how having their statue going to help for a because",36.666666666666664,93.0
1283416596527165442,2861354860,1022292265606230017,"Okay, open forum! What do y’awl want to talk about? Keep it kind, but let us all chit chat ally what is on our minds. [SEP] @TheGingerMinj I want to talk about how you spell it yawl, not you all skull pensive face",62.666666666666664,54.666666666666664
1283071288395866114,1152289387,1168172558757322752,Itona is annoying [SEP] @mckvnz you are just now watching that show ?,52.666666666666664,80.33333333333333
1282774720044249093,28763613,592343514,if we have ever flirted and you are cool with it I would love to suck your dick just saying eyes it is been like six months since I sucked a dick am am I going to die? [SEP] @TransSalamander No time like the present to start. Why the long hiatus?,52.666666666666664,91.0
1282432593015824384,734540916833288192,1201994311782608897,"REMINDER: Numbers with a / are combined orders. Shipping Monday: 2255, 2277, 2279, 2282, 2285, 2286/2287/2292, 2288, 2289, 2290, 2291-1, 2291-2, 2297-1, 2297-2/2400, 2298-1, 2298-2, 2300, 2301, 2307, +6 non-base orders [SEP] @FuzzButtFursuit Do it know when 2706 will be done?",17.0,96.66666666666667
1282232595321778176,3549603325,1125340315164930050,Please do not call me by any other name than Nash. It is in my display. You can see it. I would not add it there if I wanted people to call me other names. Please do not assume my name to be whatever. [SEP] @ thismoonchild Ayye I did apologise loudly crying face loudly crying face loudly crying face I am sorry.. loudly crying face loudly crying face loudly crying face,30.0,76.66666666666667
1281925789609492480,217021945,262384605,"Walking my dogs I passed a married couple whom I know by sight. She, having nearly walked into my dogs, said, 'Sorry did not see you'. I smiled, 'Not surprised with that muzzle covering half your face.' We chatted, they have been wearing them since March, 4mths! All day every day! [SEP] @PoppyMeze And they are still around, so where is the harm in being safety first. a wise couple, who love their dogs so much, they want to make sure, they can look after them for many years more after this horrible time has past:)",49.666666666666664,76.0
1281692368887046150,239033346,70314343,"So, I usually walk a mile when I take my kids out for recess. One of them noticed I was not “exercising” today and said to me “You not excercising?” I said no...”she said why? You should for a little bit” so I did, she is only 3 you all. pleading face [SEP] @ShaiAngelita Low key called you fat.",64.0,86.66666666666667
1281542821921472513,4776096987,242266975,Genuine question like how do you say fck off to someone without offending them? [SEP] @MiishNottyAna You done? K.,76.33333333333333,78.66666666666667
1280921255802265603,960000538527092737,564932826,"I will never spell the words vicious or rhythm right on the first try. Never, it is impossible. What are the words that you just cannot get right, #WritingCommunity? [SEP] @CKnightWrites Wow, did not you say something about being an editor? You really should not let those things slip out. I had every intention of sending you my manuscript. Read it, his the job and we will see how it goes.",51.666666666666664,71.33333333333333
1280945349214044161,721427839732609025,700502827,EL OH EL. So can you all start calling those colleges that are charging $1200-$1500 to learn how to trade a scam. Because you all a little too quiet for me face with tears of joy face with tears of joy face with tears of joy face with tears of joy face with tears of joy wyaaaa???? [SEP] @callme nibbss i want to learn but all these IML AND MLM are a scam. i have been watching youtube vids and reading about it.,31.333333333333332,61.666666666666664
1280953742011985922,424472850,1140892071496208385,Nick Gage still fucking sucks lmao. [SEP] @killface toast Leave white new jack alone,74.33333333333333,58.0
1280544548868042754,331387898,244995134,I am struggling with learning about and trying to reclaim my culture and heritage as a Fil-Am. I want to know more about the gods we worshiped pre-colonization. I do not know where to start looking. [SEP] @QuoiGender You may want to look into anthropological studies perhaps.,35.666666666666664,74.66666666666667
1280257200972165121,724680806673731584,1101934318199427073,"bro I do not even give a fuck about nascar. but the threat was real and documented the whole bubba wallace thing is amazing because there are fucking pictures. Yeah the rope was a garage door pull rope but it was tied into a FUCKING SLIPKNOT, AS A THREAT [SEP] @WKDart I do not know, I saw somewhere that it was tied like that before?",64.66666666666667,78.66666666666667
1279812243107074048,1732472672,1211990170318168067,"On this auspicious eve of me hitting 0.4k followers I am going to do Nothing [SEP] @AdarshHeerekar the ""k"" is very important",46.0,89.33333333333333
1279681755016904704,1686700256,1184440212992221184,I will not say I would never work on a dream project get at me Tor about a Gideon the Ninth TTRPG nerd face but the culture was so filled with toxic land mines the juice quite literally was never worth the squeeze. more and more constantly happy with my decision last year to start turning down TTRPG work... [SEP] @hottestsingles What do you mean toxic land mines? Most of the ttrpg's I have read is like the most wholesome stuff ever,50.666666666666664,46.0
1279487887268970497,1254394595800051713,125669885,lol if he do not post I bet mym or his sister scold him face with tears of joy face with tears of joy let us see face with hand over mouth who is still awake?? waiting for lmh?? LMAOOOOO this is wild face with tears of joy face with tears of joy I will be waiting till 5:15am kst if he do not post then 🤦‍ [SEP] @minhowluv He did not do anything wrong...he just updated as usual (far from his usual) lol,29.666666666666668,88.0
1277759987247247360,782670348638560256,1268991552749264900,Derek Colling is unfit for law enforcement. To have a temper over something so small. He apologized at the end but I am wondering if he apologized to Robbie's family. I am sick of seeing him here. I am just sick in general. #laramie #wyoming #JusticeForRobbie [SEP] @sarielubembers I do not think I am sorry makes up for shooting someone in the back while running away,37.0,80.33333333333333
1278814646275801088,1013135114543484928,1269725116713189376,"since most people who follow me are not british, do your best british impression in the replies [SEP] @kiIlmyIwt oom, aye went to thee sto' toodaye tooo get me soom taters ahnd mash",60.666666666666664,72.0
1278375175864700928,2420843377,904993784,I just set my bumble age up to 36... is this a new low???? [SEP] @errrnnissen Oh dear. Just imagine for a second the kind of 36 year old that would want to date a 21 year old..... probably a creep.,63.333333333333336,58.0
1277664730916806661,1142429395182936064,3337405541,"wake me up when liberals stop jerking off about Obama as though he did not co-sign brute force being used against protestors during all 8 years of his presidency red heart yawning face [SEP] @NikaLomazzo @jourdayen When the protests turn destructive, harmful, and violently persecute anyone with a different opinion ... brute force is entirely justified. Put the animals down.",71.0,66.33333333333333
1276771046746619904,1259721988463083520,1173269327144898566,"If my music's too loud. You are too old! [SEP] @MusicMarketingA Sorry to be a downer, but as a sufferer of tinnitus I wish this phrase would go away... The constant ringing is awful. If I could go back and protect my hearing better, I would. 85dB is plenty. Get clarity, not loudness. Please be careful. red heart musical notes sign of the horns medium-light skin tone guitar",44.333333333333336,69.0
1276465032281415683,1232699571077308419,1243925894676316160,"Are there babes who go straight to the point like.. ""Can we have sex? "" [SEP] @sarcasm barbie Bur I thought you said you are married with 3children. So what are you teaching?",35.0,59.333333333333336
1276372439014838274,706283527151554560,1109351280516816896,"I wanted to be more involved in my culture and I found out that my country and race is a mixture of part middle eastern, mostly European and part Asian. Huh... interesting! [SEP] @BabyDolsTuesday Where are you from?? My guess is Turkey",56.0,76.33333333333333
1276162639484391435,1212206379764568064,1247200056463085568,Every time I shoot my shot I get turned down. I must be shooting out of my league. I am never my types type. I got to have a 16” waist and a big fake ass lmao. Whatever. Never shooting it again. [SEP] @NinaSnow00 see Sista Sue that is your problem stop going after these cats just go about your daily business and the right cat will fall into your lap trust me that is how it works I know what I am talking about.,51.333333333333336,63.666666666666664
1275260432492699649,326249116,924776360,Never watching roots [SEP] @groovyambs How come if i may ask?,0.0,98.66666666666667
1275169023320305667,1066519391293067265,1091165330314006531,nsfw (?) the f in men stands for both funny and finding the clitoris [SEP] @highwaybandito the c in women stands for clever and original joke,54.666666666666664,67.0
1274978097616560128,1240741142628577280,1244577172964233217,Boyfriend who gets mad when I allow male bestie to sleep over because it was too late for him to leave triangular flag triangular flag triangular flag triangular flag triangular flag triangular flag triangular flag triangular flag triangular flag triangular flag triangular flag triangular flag triangular flag triangular flag triangular flag triangular flag triangular flag triangular flag triangular flag triangular flag triangular flag triangular flag [SEP] @ImInYourGallery Nawe you are a big triangular flag Men are out here calling themselves trash and you are the one saying #NotAllMen. You are wrong your and bestie is trash!,76.66666666666667,91.0
1274426427480461312,88001676,816467746233860096,"My weedwhacker has not come yet, so yes, I was the man trimming the edges of his grass with scissors just now. [SEP] @notaxation You sound like a city guy experiencing his first lawn, lol. In about a month you will be paying the neighbor kid $5 just so you do not have to deal with it.",44.0,46.666666666666664
1274184902024413184,3626500152,805635661923352576,"Are you good in math? [SEP] @minnminniee YEP , ITS PRETTY EASY FOR ME I DO NOT KNOW WHY THOUGH KZBDIANWJS",5.666666666666667,94.33333333333333
1273689536300814340,823804099,933005772031741953,See as table tennis make me forget say football even exist face with tears of joy face with tears of joy [SEP] @brightutd Dey post am abeg as you dey lose make we dey lose too vice versa,16.333333333333332,91.66666666666667
1272845678667018240,768504623330160640,4685096539,"War on Police! Over 431 police officers have been killed or injured in recent far left BLM protests and riots. These 431 men and women put their bodies on the line to protect all of us, and they paid the price! America is in a state of war! God bring us peace! Amen folded hands [SEP] @domenicadelia22 @daryll barham I think your numbers are way off depending on your time frame, but the message is still true!",65.0,77.66666666666667
1272137974818451457,1272111812876664832,1242750509435543552,My human says there is a whole gang of you out there! Offering virtual sniffs and licks to the #BTPosse Can I join the club? [SEP] @Sniffs n Licks Welcome to the #BTPosse gang young man,25.666666666666668,93.33333333333333
1272040869391106049,491554665,413903853,I got to take a shit so bad [SEP] @GoingBack2Kahli rolling on the floor laughing cut yo phone off madam,64.33333333333333,77.33333333333333
1270830552153645056,37396883,1242807545179320320,"If there is fear and doom, then the medium is negative. Anything invoking positive feelings is probably what folks should opt for. It is a simple choice. [SEP] @amritabhinder Why use 'Probably'?",50.8,74.8
1270745055410741248,1142923239347445760,764100408407158784,"Should i make a patreon? I really do not want to sound like i beg for money but with a little bit help i can improve my pics and cosplays because my current investments are moving currently. But hey i listen to you all gladly! [SEP] @DreamingMiku Do it Miku! But like, do not expect too much from your followers because it usually does not end well for people who do that.",61.666666666666664,72.33333333333333
1270088175092772864,20729327,756909382093443072,Things Republicans pretend do not exist (cont'd): Global warming Women's reproductive rights The Constitution Family separation Kids in cages Things Republicans pretend do not exist: Racism Police brutality The virus The recession The depression Democracy Russian election interference The rule of law Voting rights [SEP] @wallisweaver You forgot Covid19.. it vanished or what? thinking face,40.666666666666664,72.33333333333333
1270139790038622215,23845222,48446117,"Today is the first day since lockdown began that the people of Buenos Aires are allowed to exercise outside (from 8pm-8am only), and I cannot decide whether I am more likely to get assaulted on an after dark run or a before sunrise run [SEP] @pickupthefork Oh please. Have you ever been assaulted in BA during a run? If yes, I apologize in advance but it seems you are 3/4 joking.",62.0,61.0
1270292368940507137,1437248678,1244971600442580992,"How many of you are single's out here? hear-no-evil monkey [SEP] @Tedddy bearrr So, they were right. Twitter has really come to work as Tinder Lite face with rolling eyes face with rolling eyes",70.0,71.66666666666667
1269312892660338690,471021423,772499534358388736,The day I lose my ability to whistle will be a very sad day [SEP] @svffy That will be the day I never have to hear killing me softly again. Cannot wait,53.0,79.33333333333333
1269130296516947968,476442083,2407600543,I simply do not get being middle of the road about anything happening in America “He who passively accepts evil is as much involved in it as he who helps to perpetrate it. He who accepts evil without protesting against it is really cooperating with it” -MLK #BlackLivesMatter [SEP] @keri lowe Mlk stood for rights and knew how to communicate effectively. That is how one man can move mountains. What is happening now... a lot of people that do not know themselves and just go with it and then follow the guy next to them. Sad.,49.666666666666664,66.0
1268914598633254914,15569336,322002985,"Did 16 weeks of lockdown &amp; still feel isolated in hospital. When will this end? [SEP] @allyc375 You seem to always be in hospital , darling! Who is caring for your cat?",60.666666666666664,71.66666666666667
1268839120547254273,3310007448,823504480805277697,Amber Liu should honestly just kill herself because that is apparently what all of your shitheads want. You want to see her post her slitting her throat and dying on camera. Would that make you happy then? Would that bring tears of joy to your eyes that Amber Liu would be dead? [SEP] @MonstaX WBB uhm a bit much there…,75.33333333333333,71.33333333333333
1267226034073677826,482877428,2830025560,"If you are offended by the following hashtag, you are on the wrong side of history. #JusticeForGeorge [SEP] @MGC3I It in no way offends me. The so called ""justice"" those rioters are carrying out offends me.",25.666666666666668,82.0
1266659773300322309,1231862530299121665,867519237174198272,"If Zozi's tweets were by Trevor Noah, people will be laughing and losing their minds with laughter... Anyway have a good day. call me hand medium-dark skin tone [SEP] @BKayBokala Is she a comedian ? face with raised eyebrow",37.0,74.0
1266437550815825921,1176197655929806849,1239778049668706304,Which do you prefer from your favorite Madden content creators? Just trying to get some ideas going forward into Madden 21! [SEP] @WizardOfWoz Actual football strategy &amp; game play. I do not find the pack opening content interesting at all.,11.666666666666666,98.66666666666667
1266313514483933189,841724330962747392,2291292170,"There is no question Woody Allen formed a relationship with a woman when he had previously been in a relationship with her mother while she was still a child. If this was an LGBT person critters would be screaming ""grooming"". [SEP] @setoacnna Nice to live in a fact-free zone.",67.0,69.0
1265934472098115584,1073065459371565061,200598217,Pakistani men: Amna Usman did the right thing by beating up that home wrecker Also Pakistani Men: Asking Uzma Khan her rate on her social media accounts face vomiting #AmnaUsman #uzmankhan [SEP] @mahnoxr But somehow it gave you the right to hate Pakistani men. There are a lot of decent Pakistani men to who you either choose to ignore or avoid in order to paint the picture with a broader brush,79.66666666666667,68.66666666666667
1265135866378362883,1073259525539536898,868968224708317184,The fact that SHANTAY just seh dat to me while aguh .......ahhhh me aguh mek it stay [SEP] @Tyler A Y LMAOOOO YOUUUU set yourself up for it!,55.666666666666664,64.0
1264401947056115714,1159337246065143808,2802967267,I have been in Chicago for 3 days and I am CONSTANTLY HUNGRIER than I have been for the ENTIRE 8 WEEKS I was home... what is HAPPENING [SEP] @morgansglasses The pizza is calling to you,40.666666666666664,83.66666666666667
1263988414795386883,166938015,2239602995,"Boarding PIA is suicide. What are the people waiting for? its 2nd crash within 4 years. How many people will have to die in order to realise that these capitalistic jerks do not give S$¥&gt;#. So Please its an APPEAL #BoycottPIA [SEP] @AnicaHasanat Instead of Boycott PIA we should trend #RevivePIA. Boycott is not a solution, plan crash incidents do happen to other airlines as well.",74.33333333333333,65.33333333333333
1263752229498032128,1090698467989696513,3461247316,"ONE SIMPLE STATEMENT. HOW CAN PEOPLE STAND UP FOR THIS SO CALLED "" RELIGION OF PEACE "" AS A BRITISH PERSON YOU SHOULD BE ASHAMED OF YOURSELF. NOW COME AND CALL ME A LIAR. United Kingdom United Kingdom oncoming fist oncoming fist United Kingdom United Kingdom folded hands star folded hands star folded hands star folded hands star folded hands star folded hands [SEP] @PaulMer52 Paul is there a reason you use Caps all the time, could you use normal text no offence intended thumbs up",51.0,68.33333333333333
1262753530500112385,764475393755742208,1151868203125133312,Asking for a friend. Any dog’s eyes bigger than their belly? A almost full roast chicken went missing from the kitchen yesterday &amp; has yet to be found. None of it. The dog in question has not ate breakfast and is feeling sorry for themselves and a little bit fat. [SEP] @rex collie Uh oh! May want to watch the baby closely because chicken bones are a danger to dogs (not to mention pancreatitis from eating so much fat)...just sayin’,34.666666666666664,50.333333333333336
1262482657050611713,250515388,39083535,Packaged hummus is not real hummus! It is hummus for people who have never tasted real hummus. As you were... [SEP] @alaatweets Alright Allah let us have your hummus recipe.,67.33333333333333,86.0
1261299560690921473,2462424019,545278193,i probably tell my daughter 100 times a day how pretty she is. she is going to grow up knowing how fucking beautiful she is. [SEP] @bridget fox00 @MamaYbarraxTwo Tell her how smart she is instead red heart do not let being pretty become her identity. It puts a lot of pressure on her to stay that way if it is the main compliment she gets from her mom. I am so happy she is in such a loving home!! -child psychology major two hearts,56.333333333333336,80.0
1261286520989892609,1255125740875546624,1188118729,You can pretty much bet that I have forgotten your name. [SEP] @YourPerson22 Unlike darling how am I doing so far hahaha,57.333333333333336,59.333333333333336
1261140157412999168,795813804562972672,1213324894638731265,"Anyone else on welfare benefits who is been staring at the extra stimulus money sitting in their bank account, too fucking scared to use it? [SEP] @HappyNacho73 Do Not be scared, just do not be flippant. Use it. Even if it is just a takeaway coffee at a time. Small businesses need what they can get.",71.66666666666667,81.0
1260807706899693568,1064924614759989250,735245132887429121,"Jeff Bezos could pay everyone in America’s rent and like win the hearts of every person and not have it dip too deep in his pockets and yet he does not do it thinking face [SEP] @layajospe Every time there is a crisis somebody says this, it does not make sense. 1. tens of billions of dollars in equity cannot just be instantly liquidated. 2. It would be a waste of money to cover everyone who *can* afford rent 3. If he listened to every call to action he would be broke",68.25,74.0
1260730427494543360,24540958,21953875,"So eating Mac and cheese topless when you are slightly buzzed is a mistake. Do not ask me how I know, just be better. [SEP] @blurbette Slightly buzzed? You drunk!",46.4,85.6
1260292743600975875,258135801,211700296,"Add all these obstacles in an already difficult situation and we cannot be surprised by what happened in Wilno in 2015 or what happened in Nova Scotia earlier this year. Rural women face so many barriers to a life of safety and I desperately want urban feminists to pay attention. 6- The few resources that do exist, have massive catchment areas. For example, the sexual assault centre in Renfrew County has a catchment area the size of Prince Edward Island. Which means it is actually long distance to call from one end of the county to another. It is HUGE. 5- Limited transportation options. If you do not have a car and money to gas it up, you are screwed in a rural context. Public transit is non-existent or extremely limited. 4- Poverty, poverty, poverty. Because Canada has shifted to an urban country, the youth migration, dying of old industries, etc. has meant that most rural communities have incredibly high levels of poverty and often, intense dichotomies with no real middle class. 3- Resources are limited or non existent. Shelters that might be hours away from your house, limited beds, long wait times, etc. Because funding from government is on a per capita basis, fewer people = less money, even though the cost-per-victim is actually higher. 2- Confidentiality is largely a joke. Everyone knows everyone. Everyone knows you. Everyone knows your abuser. The officer assigned to your case might be the same guy who busted you for underage drinking when you were 15. 1- Guns. Guns. Guns. I grew up in a house of guns and I literally did not know a single person growing up who did not have guns in their house. Domestic violence gets cranked up to 11 when you know the man has access to a firearm. I was born &amp; raised in rural/Northern Ontario. I have done work to end violence against women for 17 yrs. Some quick facts you should know about violence against women in a rural Canadian context: [SEP] @JulieSLalonde I do not mean to try and tell you your business but number 7 would have to be social stigma/pressures. Women in small town where everyone knows everyone are under tremendous social pressure &amp; judgement every day.",46.8,65.8
1260180748637782016,1205258590623281152,1223646213699964930,In hell everybody loves popcorn [SEP] @wodymre what is wrong w popcorn face with steam from nose,49.333333333333336,89.66666666666667
1260110135189475328,963036704,1237940523597533185,"Am I now hearing that my former ""hero"" Trey Gowdy may be going the way of McCain, Romney, Graham, Ryan, Flake? I did think the timing of his ""retirement"" seemed a bit odd. I hope Gowdy will not disappoint me as those others have, but I am hearing rumblings. What are you hearing? [SEP] @Marsha250 I like you, but I do not think you have any proof of this or you would not be asking? Pls do not put out BS. This is a time for unity, not confusion. Pls do not put out what you HEAR, before what you know. We are trying to FIGHT the MSM, not BECOME it!! thumbs up oncoming fist United States United States United States",14.666666666666666,89.33333333333333
1259719094279917568,4320293058,1037368369408823298,"Are not you all tired of the same white guy psuedo intellectual debate bro? They are literally all the same. They contribute literally nothing of value and they are fucking boring. [SEP] @lottieblix Not sure if you mean him or not but Vaush has a lot of interesting chats - most recently to a Canadian activist about the Wet'suwet'wen blockade. It is not just debates. We need a diverse range of advocates online - inc ""debate bros"" (we need more POC &amp; women though, for sure.)",39.0,83.0
1259798178087538688,30051093,33787059,I am really tired :(. I wanted to call off today. Guess I need to find some time to take off downcast face with sweat downcast face with sweat [SEP] @WrkoutWithJells How exactly does that work since YOU work from home thinking face rolling on the floor laughing woman shrugging medium skin tone,28.666666666666668,85.66666666666667
1259554840402898949,789493734132031488,425288718,"I do not understand why people are saying the plan is unclear &amp; vague. Do you want something definitive? He is not physic you know. What he says its dependant on so much. And hes made it clear that if it goes backwards, it will go back to a stricter lockdown [SEP] @JJ49E The message is ambiguous on purpose, let people make their own minds up regardless less of safety...he is a cunt of a man but you keep telling yourself he is not physic as if that is a defence for his pathetic leadership",21.333333333333332,67.0
1258679348153942017,42707337,237160624,"I want to delete the entire book but also I am confused why that story I submitted three days ago has not been accepted yet if you want to know my current delusion to self-loathing ratio. It is perfect really. [SEP] @laurenthehough Oh, honey . . . you could get some real-time editing on the fly. Dig in. I got you. Srsly. Ask @13astard",41.0,78.33333333333333
1258481068476452864,2986498697,106597475,"TW: I am sick of people telling me to “just eat/stop starving yourself.” “The weight will come off.” no Sarah, I do not want to starve all day to weigh less. I do not want to think about taking laxatives or throwing up all my food. I do not want to cry my eyes out after eating a small meal [SEP] @baileewash You should do it the traditional way . Just workout . Need some motivation HMU . I will try and find something that will work for you .",56.333333333333336,42.333333333333336
1256799448987992070,984145748,465336645,"No man, no marriage. No kids. Until I am completely healed. I am not bringing anyone into my mess. It is not fair &amp; I refuse to be that person. [SEP] @Divyaadu I hope you get to a better mental state folded hands medium skin tone",48.666666666666664,64.0
1256367003339837440,1233085097294934017,796577772,"Oh great , The “Extra TV “ show has a man on there saying that heat helps with Covid-19 . That is just great . Anything will give trUMp an “ I Told You So “ moment . Thanks Extra . [SEP] @LosTD77 If that were true, why is Hawaii suffering? Sciencey stuff, trump has a big, you know, but you are right, ah ha moment. India, Australia, Viet Nam, all hot. The light and heat do work on some virus’ but not on a global pandemic - we have to use short words for trumpo",38.333333333333336,52.666666666666664
1255710435485143040,614782736,1154595063726559232,once the packages i have ordered online arrive at my house i will finally be able to put Mental Illness in my past. cannot wait [SEP] @AnOliveGarden Now I am curious what is it medication straight jacket keys to the city?,70.66666666666667,65.0
1255431468551229442,146473485,807829404,"Can I have a sanity check please? I am still aching from doing a ""beginner's"" home workout (beginner's my arse) but it is my scheduled run day (week one of couch to 5k). I had a day off yesterday, but still tired. Do I just do it or leave it for tomorrow? [SEP] @AstridClark Anyone giving advice based on this tweet is a fool and if you take their advice you are a bigger fool. You both might be right but fools do get lucky. Whether you run should depend on what condition you were in starting, on what &amp; how you may have overextended. We cannot know.",42.666666666666664,73.66666666666667
1254461138458120194,793357050705084417,1236020198882197504,ᵇᵒᵗᵗᵒᵐ ᵛᶦᵇᵉˢ ᵒᵒᵒᶠ just found out that my girlfriend is a 𝖋𝖊𝖆𝖙𝖍𝖊𝖗 𝖇𝖆𝖌𝖚𝖊𝖙𝖙𝖊 [SEP] @jenniejeann HEYY SHHH istg i am a top,70.33333333333333,54.333333333333336
1255086800802021377,870756224287027201,395554653,"Poll says 60% of Canadians are 'for' a mandatory vaccine. Clearly we live in a nanny state in a place where people do not value freedom, liberty, individual responsibility. [SEP] @ALGhammer I think you have inflated that number. Especially since “they” tell us we will not have the antibodies after getting covid, but somehow a useless vaccine will help! Give your head a shake!",72.0,82.66666666666667
1254658906044784642,2996115143,763497753213153280,"Why do our brains inevitably make us hate something we made the more we look at it? Why cannot I stay proud dammit [SEP] @heylauragao My brain does not do that; so be careful , if you are assuming everyone is brain does that. I think I have followed a thread about Chinese parents. Maybe it is a conditioned reflex?",72.0,70.66666666666667
1254529524328550400,1010698454799192074,1188288357203398656,"Trump specializes in not giving direct, specific directives on many occasions, however he will instead use the power of suggestion, or allude to certain things, so that later he can come back, if questioned &amp; deny what he has said, calling it sarcasm, musing or thinking out loud [SEP] @RevJohnHMoore1 Giving him way too much credit.",47.333333333333336,49.666666666666664
1254330935824261120,46105004,256882188,"Just had a shower &amp; a whole load of hair came out in my hand when I was washing it I know it is the stress of lockdown plus being constantly harassed on here It makes me feel so anxious My hair is such a huge part of who I am I know that sounds shallow, but it is really upsetting [SEP] @Flaminhaystack Do not get too anxious over hair falling out. When it gets warmer we sweat more and hairs that are at the end of their cycle fall out easier. This also happens more in the shower so do not fret.",48.666666666666664,73.0
1254327238092300289,743666843299155969,917466950371966978,NOBODY KNOWS WHAT NORTH KOREA HAS IN SECRET STASH!! [SEP] @riturajsharma Wonder if they have stash that we want @JaisanRaj,68.33333333333333,87.0
1252710544815071236,2800859405,444550635,"Please do not call me sweerie or my angel.. in the name of who you serve please do not loudly crying face loudly crying face loudly crying face . [SEP] @jennifermike Sweerie, is everything ok ?",55.666666666666664,71.33333333333333
1252598261162168325,896827279065710592,2718611195,"Would you guys watch me fail at Dark Souls?? [SEP] @omankovivi Why not, we watch you fail at everything else face with tears of joy face with tears of joy",72.66666666666667,82.33333333333333
1252212738161606656,2804260904,527716779,"Today's anecdote: Betting this one's not in the 58 part Jordan loveliest: '84 Olympic championship game: US vs. Spain. Knight had put usual stuff on board: matchups, scout stuff. Walked back in, board had been turned around. He flipped it back and written on it... [SEP] @JFeinsteinBooks What is wrong with a love fest for MJ? Because he went to UNC?",48.666666666666664,88.0
1251669990362710017,572058999,959870145253457920,ordered elastic online so I can make some masks that are better than the ones I have made so far (you have to wear them in public in New York State; please do not fight me about the efficacy of masks) and I am not surprised that people are price gouging on mask supplies but… woof [SEP] @doctorboda I want a latex mask...,36.666666666666664,82.0
1251497129484464129,84658448,945761820438073345,"Peter Piper did not pick shit. Peppers do not grow pickled. WAKE UP SHEEPLE! [SEP] @TheFaceOfDave @dimplesticks Does not say he picked them out of the garden Doll, could have picked a peck of pickled peppers right out of a barrel one at a time as he shoveled them in his face.",55.333333333333336,82.66666666666667
1250080581724991491,1107693983147266048,128123360,"So, I read this book back in 2015 namely ""SHAJAR HAAYE SAAYAHDAR"" authored by Syedah Humera Maududi. Its written in this book that whenever someone says he/she is a SYED, look for a few basic qualities in him/her; • Syed never gets angry. If he gets, its only in case of Deen. [SEP] @Anisa Tariq @imjunnybhat Please do not say anything about Syeds, They will cast a spell on you or curse you squinting face with tongue rolling on the floor laughing rolling on the floor laughing",60.333333333333336,97.0
1249417069570994176,255220060,27952062,my dildo came in the mail on easter sunday :) [SEP] @giannacormier Hope you did too love,10.666666666666666,56.0
1249422342289326081,1061616731360296960,316140286,Manners are the key to kindness. We are all rushed. We are all stressed. We are all exhausted. It is never late to become a better person. Good manners are a lifelong skill. They never go out of style. [SEP] @binishala Hope you are enjoying Easter with your family despite the current situation we are all in. How is everyone today?,56.333333333333336,78.0
1248685410966011912,1180968804362395649,754362127780044802,As a police Officer can I opt to take 80% furlough so I do not have to go in to work and babysit the self righteous/endulgent? I would rather be at home ensuring the safety of my family rather than policing people who do not give a crap about theirs. [SEP] @RatGrumpy @annmill1966 I wish ours would stay home..useless lot they are..more in drive thrus and napping while nailing speeders instead of disbursing crowds right in front of them.,65.0,71.66666666666667
1247729817023283200,462104542,1242912099891740672,"Dr. Fauci may be intelligent but he is driven more by politics than medicine , so in my humble opinion, he is not very smart and certainly not helpful. [SEP] @chuckwoolery Careful, Chuck blocks comments.",70.33333333333333,69.66666666666667
1247606708588941312,51304086,1229812236656443394,Sigh.. why was a cursed with a juicy moose knuckle gorilla grip coochie :/ [SEP] @yourbestg1rl Why the fuck would we know why you were cursed with that thinking face ?? If you are supposed to have one it could be for someone who deserves it...,47.0,74.2
1247234920713351168,369909086,1165175362210263040,Some of you all need manners more than tickets to Malé. [SEP] @zueshan I saw some screenshots of the Malaysia Viber group and damn..... you lot more toxic than the virus itself. Please stay in Malaysia face vomiting,60.333333333333336,91.33333333333333
1246758001219944448,852507406370263042,204323381,Ban outdoor exercise. What a dick. This only works with our consent mate. We can withdraw it en masse. How many vans you got. [SEP] @EmmaManzini This attitude is exactly why they will enforce lockdown yes it is by consent but surely if you are not selfish or stupid and do not want to spread a virus that kills you can manage to not sunbathe in a park???,26.0,70.33333333333333
1246654120850673664,26090755,14479845,"As a cancer survivor, I cannot give any time to the ‘should I shave my head in quarantine’ game, like it is some badge of badassery. Do not @ me. [SEP] @BethanySWinters grimacing face but I really want to shave it?",45.0,70.66666666666667
1246722108442308608,732804527699693568,3231866558,Why the fuck am I so sad all the time Valorant soon Quarantine so excuse to never leave house Exercise and diet going really well But I am telling you man I am fucking boomed still [SEP] @Carter OW Need laid. EZ Clap.,36.666666666666664,71.0
1245358001474670592,986311634091114496,211253470,"I have been trying to stay as positive as given the situation right now, but Twitter fam, I am discouraged and disheartened by what I am seeing at work. It is so much. If I could impose on you for some words of kindness and encouragement I would be ever so grateful. [SEP] @MariaLaikWrites @LeftistGodzilla If you can, just not going out and about is contributing to saving someone is life, if not your own. Think about it. If you are forced by your circumstances to be dealing with sick or distressed people, I keep a positive thought for your welfare.",65.66666666666667,78.66666666666667
1245218746475728896,1133529539248828416,1155513462526578694,anyone remember when luke mullen deleted all his posts last year for april fools and everyone lost their shits like the dumbass andimackers we were [SEP] @kippenlovemail WHY did i think you were garren lake,36.666666666666664,63.333333333333336
1244179723489599489,3019275530,1244169898408005633,bennie got to whole army coming behind him fr loudly crying face . stop playing wit dat man [SEP] @yungchrissyy The only good army is trumps army. #DogLover,17.666666666666668,48.333333333333336
1244064551143964683,462621604,809021657637490688,I am still running a low fever (99.3 about 35 minutes after ibuprofen). Doing small things like changing baby’s diaper or walking to the kitchen leaves me exhausted. Body aches are still bad but barely coughing. I would sleep more if I was not so uncomfortable. [SEP] @cakesandtacos I read that ib profen is very bad for the ‘rona?,69.0,58.0
1243721089504731136,1176994519,1186456161756663814,"It is so damn dead yet I still got to be here till close, 3am sleepy face sleepy face [SEP] @ChelseiWahlgren But you still have a job.",72.33333333333333,72.33333333333333
1242916648937545728,584462476,197215449,Who is handling the #COVID19 pandemic better? microbe test tube [SEP] @PuckingItalGal What if I said neither :P,36.8,78.6
1242659692850999296,217677522,1564571406,"2 weeks ago a man downtown ""pretended"" he was going to rob me ""for fun"". Last week a man threw a brick from across the street that missed my head by a few feet and shattered against a wall. For the first time ever I do not feel safe walking alone downtown. [SEP] @CamilleTroxel Camille - i agree with you - it is not safe for ladies to be downtown alone",70.5,77.5
1242467494612193282,1042555447,2387883571,"Sometimes feel that humanity is like a virus (with shoes) to the Earth, maybe this is its immune system kicking in, it is been riding a temperature for a while. Just a thought. [SEP] @marcoshealey Please consider that most people that will suffer from covid and a collapsed health care system will be poor people, large families, elderly. Those people are not a ""virus"" by any means.",40.333333333333336,84.66666666666667
1242212840297111555,763470002381058048,1192095135829577734,"How will police know if you are on your 1st, or 10th walk, or visit to the shop? [SEP] @JethartJinj They will not. But you will. Do the right thing. #StayAtHome",62.666666666666664,70.0
1242201494222450688,65103071,498300377,"Oh well work as normal for me then, classed as an nhs community essential service. At least the roads will be quiet grinning face [SEP] @ozzelli01 Confused if your in the NHS??",73.66666666666667,69.33333333333333
1242099791523266565,211862143,2848261538,India fucking deserves #coronavirus ! This country is full of idiots. Inko ye lockdown mazak lag raha hai because. [SEP] @KameeniChhori Do not be so rude. Lots of people have no access to education. They really do not understand big picture.,72.33333333333333,54.333333333333336
1242070727194562560,99156570,1093492721204056064,Bring back niggas who wear COLOGNE speaking head tired face [SEP] @guccikid718 1-not wearing cologne does not = smelling bad. 2- in some situations wearing cologne is unhelpful to people sensitive to smells.,72.33333333333333,82.0
1235993068991434752,736310470370430976,1298972496,"March 6 But he said to me, “My grace is sufficient for you, for my power is perfected in weakness.” 2 Corinthians 12:9 #2020Vision [SEP] @KathyMpray4jb I think you forgot March 5 Kathy :) from Wednesday (March 4) you went to Friday (March 6) so Thursday (March 5) is missing :)",47.666666666666664,41.0
1240341590570303488,260459942,1164617857700941826,"On a positive note this really made me laugh, I had no idea toilet roll could also be called “bog roll” face with tears of joy weary face learning something new every day [SEP] @niicolecorrales This did not half make me smile face with tears of joy relieved face",55.0,81.0
1239571172867461120,9427202,1091723853011795968,"Seriously if I have to see one more “just go outside and run!!!” I am going to cut someone. (Metaphorically. I barely leave my room.) A week ago I was doing two workouts a day, now I am winded stripping the bed and putting bedsheets in the wash. flexed biceps face with medical mask [SEP] @slackmistress If you are looking for effective and targeted workouts that you can do without equipment I would definitely recommend checking out the Fitness Blender YouTube page. They are got tons of great workouts you can do from home :D",59.666666666666664,52.333333333333336
1238871860298895362,3352466116,787525173494878209,"Where the fuck is Mitch McConnell and the Senate during this National Emergency when the house passed legislation for Americans? Why did Mitch send everyone is one? Why are not they in Washington doing their fucking job? Why do not republicans care about Americans? #WheresMitch [SEP] @AKADonaldTrump @NotDevinsMom @BlameCanucks Brett, look at this one",66.0,65.33333333333333
1238810970937384960,1086743792059768832,107432525,"Guys, I do not know how I feel about the whole, ""hello world, how is the lockdown, with love from Kashmir"". I just want to to say let us not wish this on ANYONE, let us pray in solidarity and this time unite as one world, no borders, we are is it not together. This is WAY bigger. [SEP] @ Aoi Neko It is not that we wish this on anyone. Just a reminder that, that is what we are made to go through and noone bats an eye. Frankly, when we are polite noone gives a damn, trust me noone will care even if we are sarcastic about it. So ""politically correct"" behavior seems redundant. person shrugging",61.0,63.666666666666664
1238767715315318784,921715874318385153,3087089954,"The sexist literary canon and sexist wikipedia: ""Susan Ertz was know for her sentimental tales of genteel life in the country."" Also them: ""Ertz's Woman Alive is a science fiction novel set after all women other than the titular heroine have perished in a plague."" [SEP] @secondshelfbks Why not sign up as a Wikipedia editor and change it yourself? Wikipedia reflects its editors - so the more female editors there are, the less sexist it gets. There are loads of projects trying to redress the balance like @WikiWomenInRed",31.333333333333332,81.33333333333333
1238760671631880193,1029841225552224258,635277259,i can live based on a diet entirely consisting of crayons and lighter fluid [SEP] @niminkim I- Are you good sis?,48.666666666666664,84.0
1236318751466950661,128340857,25839412,"Wonder why their showing vaginal dryness product adverts before the #ENGvWAL #6Nations match, wondering what the target audience is? thinking face [SEP] @1968bonner Oh, I do not know. Maybe women watch rugby too? thinking face",68.33333333333333,73.33333333333333
1235610166202191877,131223120,1175631142600368129,"On the train: Young man wearing surgical mask, sitting across from a young woman in full niqab. It is a meet cute waiting to happen. [SEP] @Joannechocolat How did you know that that the woman in full niqab is young?",21.666666666666668,97.0
1233558105365131264,1148377464076492800,1121596999793565698,I literally hate “XD” so much it is so cringeworthy please stop [SEP] @iiShyBaby it is so popular there is no way everyone in the world will stop just because you say so woman shrugging medium-light skin tone,54.666666666666664,45.666666666666664
1235262808868163590,72910463,1174359072247865344,"Depending on the angle, a good photographer can make a 3 inch dick look a foot long, just saying [SEP] @Deauxma Which angles make it look bigger ?...asking for a friend",38.666666666666664,86.66666666666667
1235083154492248064,3285816936,3745509137,"I think I am going to shave my pussy, armpits, and legs tomorrow. thinking face It is just fun to do two or three times a year [SEP] @CaringErin Please leave the beautiful bush",38.666666666666664,47.0
1234901172051435522,253645253,819133612427722753,"Anyone else a tiny little bit worried after playing the 7Remake that they game will be much more linear &amp; story focussed? I mean, not that it is a bad thing since having a great story is all good, just a bit worried about the world map stuff &amp; free roaming parts... [SEP] @PhantasyStarBoy I actually hope it is linear and story focused I would prefer that over needlessly wandering an open world map grimacing face",42.0,71.33333333333333
1233943776072282112,1228721122272784384,2508366319,Now got to listen to the media that is in the tank against Sanders spin the hell out of this Biden win to influence voter before Super Tuesday. Beware #SCprimary2020 [SEP] @jackbannedit Why cannot you bros just root for your guy without the toxicity. Have not we had enough of that shit???,54.0,77.0
1234006221281251328,1075341793137491968,1099050162905849861,Guys someone just made me feel unpadh frowning face frowning face SO DROP SOME GOOD WORDS RIGHT NOW pouting face backhand index pointing down PLZ pleading face [SEP] @deadpannedd Plz change dp that book is a scam.,37.666666666666664,80.33333333333333
1233082793132843011,547234963,949424817102606342,Some stuff be so corny to me nowadays face with tears of joy face with tears of joy [SEP] @simplykennedy Just remember Kennedy you cannot have love/communication and maintain your pride they cannot co exist. A lot of issues can be resolved through proper communication and privacy. Best regards purple heart,55.333333333333336,98.33333333333333
1233131424095645697,449514418,1093340802,Teresa believing me when I said I could run an EKG on a patient for her was probably the funniest thing that is happened to me all week and I thank her for that laugh. [SEP] @TheAlyssaCar Are not you a doctor,58.0,60.333333333333336
1233058986796208130,2363887313,740912545,Any so called expert that ever tells me Carrick will not do certain things will now be officially ignored... I am also questioning the brain age they told me he is [SEP] @Marshall5Sharon All your hard work paying off sunshine,60.0,82.0
1233059893378256896,152170595,259682279,No. No it is not. End of thread. /2 Thread: Is it okay to refer to Ahmadis as ‘Qadianis’? /1 [SEP] @UsmanAhmad iam Does the Constitution not call them that?,73.66666666666667,68.33333333333333
1232321484086902784,763542800377876480,388283886,Just a question. Does Elizabeth Warren remind voters of Hillary Clinton? [SEP] @angry saint Why because they both use #her #she to identify? Does Bernie remind you of Perot?,44.666666666666664,86.0
1231460722908987394,399485207,220892087,I am too scared to get up and go to the toilet in my own flat because my nightmare was HORRENDOUS. This is why I need a man. No joke. [SEP] @princessaammyyy That is crazy. Apologies for being nosey but ever thought of therapy?,75.33333333333333,85.66666666666667
1231196414962753537,2797648033,334232848,"I hate Facebook memories sleepy face bloody never go on it. First time I pop on in ages and I am reminded of a photo of when I was healthy and happy with long hair. Thanks a lot Facebook. F*ck you. [SEP] @NikkiStix55 Time marches on, we are all victims...",34.333333333333336,60.333333333333336
1230877797939179521,1184785611858690053,1196119183714652160,"My brother wants me to help him pack his bags coz he is leaving for Goa trip tomorrow but I am busy streaming..he is pissed off now woman shrugging medium skin tone [SEP] @ilsankingknj If he is old enough for goa, he is old enough to pack his own gd bag face with rolling eyes",55.0,74.66666666666667
1230383768499892225,1203044805518995457,1083889692976631808,i want to be cre*med like corn [SEP] @jusxybiz I thought you were going to bed,28.666666666666668,83.66666666666667
1230224385492934656,2861019221,50085606,remembering when i used to drink vodka and play 6 different power violence albums + the “all songs on trout mask replica at the same time” video and a bunch of live footage of harsh noise shows all at the same time and smoke and dissociate to the horrifying wall of sound. nice. [SEP] @waui zaui I got hipper reading this,15.333333333333334,70.0
1228724972438380544,154857864,1662140460,"Invaders can never be my heroes. [SEP] @SyedIHusain But, then, sir, with all due respect, you also invaded many territories. This one included. The Arabs, I mean folded hands",64.33333333333333,69.33333333333333
1228722135331430402,178977802,28002822,"I do not care what anyone says but when you crack your back and get a massage.....it HURTS so fucking bad! [SEP] @Lampshade gurl Do not you mean ""it hurts so fucking good!""",32.666666666666664,96.66666666666667
1227614245484998656,804441183497764864,879978153095168000,"#gamedev is a sine wave where at it is peak you feel incredibly clever and innovative and at it is bottom you realize you were not clever at all and someone made it a million times better [SEP] @sabbi tabbi Well yes, but actually no. I have played a lot of ""game like *"" and sure they play similar to each other, but some games are just more fun. For instance my favorite beat them up is scott pilgrim. I also liked dragons crown. Scott pilgrim just felt like a better game.",31.0,48.666666666666664
1226968122986500098,19107004,858291622173454337,"So, I am going to Secret Cinema on Saturday, and I have bought some beard dye for my ""character"". Unfortunately, I am filming next week, so if the dye has not fully washed out by then, please rest assured that I am not having a mid-life crisis. I have not gone full Edmonds. [SEP] @mrbiffo Shhhhhhhh it is secret then you post it on twitter. Twat face with tears of joy face with tears of joy face with tears of joy",75.33333333333333,49.0
1227008908981657600,143991548,22560804,"subtronics is two days before my brain surgery .... do i spend what little money i have and send it or what lmao [SEP] @Bad B Rudegirl Brain surgery sounds pretty scary, if it was after I would say no way, subtronics will be back trust me but since it is before, def go...sober just to be safe, maybe the extra serotonin from the show will help man shrugging light skin tone",50.333333333333336,82.66666666666667
1226905849857224706,441077700,1112465333892321281,"I am going to be thinking about this comment for a long time. Because: 1. GOOD! 2. Write it, yes? Live it? No luck so far. Slap it on my tombstone! https://t.co/c9lT1zg2xl [SEP] @WrackWonder Dude, maybe if you write what you live (put that pain into words!), you get to live what you write later? I do not know, just trying to lure you into writing...",62.0,77.66666666666667
1225447218452279296,2424898653,512220853,"Just read an article where someone is bashing California and talking about how profitable and amazing Florida is and like, are they high lol [SEP] @thesummerwars If their from florida then probably or just crazy since that seems to be the norm there",50.333333333333336,87.66666666666667
1225376221610962946,1169594190444945408,1169090935,Okay this is super late but I just noticed that February 6 (2/6) can also be read as “Jiro”... [SEP] @hama saikyou3 I just noticed too earlier before performing the prayer. Hahahaha. But why Saburō and Ichirō did not relate with theirs?,63.333333333333336,64.66666666666667
1224856093551140865,1020290738582622208,1158410523995758593,"stole this from tl!! pleading face I am a '96 liner, compared to you i am: teddy bear babie balloon younger smiling face with hearts same age pleading face older sauropod ancient [SEP] @cleverseong pleading face Or sauropod not sure haha",57.666666666666664,73.33333333333333
1225091247406104581,4896560001,1101238004566450177,Eagles announce coaching hires and organizational changes Thursday morning at 9:48 come back to this tweet [SEP] @TheJayClamb Are you an Eagles news source now? Rumors suggest there will not be an official OC this season.,38.0,74.0
1224460291599192064,905171677327319040,276166811,"Blades are doing great, no doubt. But I am 46 &amp; have seen Owls lift a major trophy at Wembley, seen them finish 3rd in top flight, seen them beat Blades at Wembley,play in Europe, have current football writers player of year,a chunk of England team. Have their day, but match that! [SEP] @SWFCFAN7 Lives with his Mum!",68.33333333333333,71.66666666666667
1224452787599134722,1166482446323523585,406321659,Worksop Town the worlds fourth oldest football club needs 30 k to survive. Can anyone help ? [SEP] @JeffStelling I should imagine a 10% donation of wages from each sky presenter should do it surely you could arrange that if you feel strongly about it?,50.333333333333336,51.0
1224432770316820480,138168339,133759718,"As a #disabled voter who has previously had to force my way into an inaccessible polling place and be carried in, in my wheelchair, I have serious concerns for #IowaCaucus #disability voters. #CripTheVote [SEP] @VABVOX They are held in community buildings which are most often handicap accessible.",46.666666666666664,93.66666666666667
1224000452825620482,866010939916775425,2628931131,"Forgive me for I am going to swear. FUCKING THICK, SELFISH, ILL-EDUCATED, JEALOUS, WORKSHY, SCROUNGING, INSULAR, LAZY, INCURIOUS, IRRESPONSIBLE, XENOPHOBIC, MEAN-SPIRITED, FREEDOM-HATING, DEMOCRACY-STEALING, SOVEREIGNTY-REDUCING, NHS-DESTROYING LEAVE FUCKERS [SEP] @Eddystone506 @HitchinlassRose How is that going to help? Rage privately or with friends over a beer but how does a public tirade help? Most leave voters are not those things. If you want to help people obtain help with the Government's Settle Status Scheme, alienating those who cld help is shortsighted.",52.333333333333336,56.333333333333336
1223554626940755970,87208385,301315994,"Saying I was European made me feel ten times more sexy than saying I am British [SEP] @AbbiHardingham Abby, were you pro-brexit or against?",66.33333333333333,79.0
1222726815271268352,974128654363054081,1024309759737049090,". If Trump is acquitted, then every Democratic candidate could call upon foreign countries to start investigations into Trump and all the Republican Snators, right? Right? [SEP] @WatchingWhatYou No because that is against the law. We are better than them. I understand what your point is though. SDNY is already investigating Trump and family.",60.0,74.0
1222968485531119617,990083661578944512,4363641741,quick what are things guys like nowadays [SEP] @goukuzaruu Just talk to him and if he likes you he likes you. If he does not he does not. Just take the shot.,63.666666666666664,52.666666666666664
1222242028597260292,2807905153,983074793938411520,"If the world is as ungodly as our Bible and our theology says it is, why are we the church so entangled with it? [SEP] @soothkeep @IIIDeaton That is a simple question to be asking... You should not have to ask... We are to witness to the wicked and lost.. we are to be a testimony to the truth and validity of God's word... We are to do God's work... As a true believer you should know that..",47.666666666666664,65.66666666666667
1221922877227831297,1184535633253031941,1121219260037120001,"Lol guess who is at the police station because they got caught driving with only a permit clown face clown face clown face [SEP] @jenjinjimin oh my god jen I was worried this was going to happen, are they gon a take away your permit?",43.0,68.66666666666667
1220773332997607426,27733204,1642329272,"Always tricky when someone asks me ""So, your #diabetes was juvenile-onset?"" Yes, I did get #type1diabetes at age 9, BUT ""juvenile-onset"" is NOT a diabetes type and #T1D can arise at any age...And by the way, kids can get #type2diabetes too. [SEP] @MiriamETucker It used to be what they called t1, as you may know. Cannot blame people for being confused.",58.666666666666664,63.666666666666664
1220430867266514944,37503584,1189298845597011968,Last night’s #AEWDynamite was historic for a few reasons! First wrestling show to be broadcast on cable TV from the middle of the ocean on a cruise ship! First title change in the company! First time any of The Elite won titles! Such a great show all around! #AEW #AEWonTNT [SEP] @AllEliteTiffany Do not forget the first AEW mixed tag match. Although I am sorry to correct you but it was taped on a cruise ship. Now next year it will be actually broadcast from one.,27.0,100.0
1220447539503169538,766627704196075520,1015025453571158016,"Still at the ER, waiting on Doc. FYI...skin and bacon grease are adversaries. woozy face I know this know. [SEP] @robertas world Oh no, Roberta! What happened? Hope you will be ok!!!!! disappointed face crying face ! Do not like it when a friend is in pain!!!",57.666666666666664,73.33333333333333
1220196335703465984,2857693171,996993375378194432,"This depression feels like it is killing me.Why cannot I find a safe place? I cry alone in my car because I have to put on a brave face when I arrive Home just as I did when I was a child because I was suppose to fit in even as an #adoptee. I am so tired. Life is joke. A cruel one. [SEP] @Intolwoods I am so sorry. I was there a few months ago. It is a sad and scary place. I find empty parks a good place to walk and cry. I hope you can find a safe, comforting place. Have you talked to a Dr or therapist? They do want to help. Sending hugs to you.",59.666666666666664,73.33333333333333
1219742355424759808,743504844128980992,1162762369099059203,I feel like complete shit. [SEP] @leoncristaal I feel like complete vomit nauseated face nauseated face,48.0,71.33333333333333
1219002305212628993,1148965842933047296,1009101162631651328,"Can someone pls tell me why I should believe it when I read/hear that GOP senators will pay for it come voting time if they do not allow witnesses? Their idiot voters do not care! They will still vote GOP no matter what. Where is the hope?? [SEP] @saveusfromGOP In your heart &amp; mind. Fight for it. Someone else did years ago. Sons, dads, sisters &amp; brothers fought for it too. Stop being a wimp. Fight back.",40.0,88.6
1217336694019477511,732027915894824960,255641012,I am trying to convince myself that I do not need that long weird lens in the video you guys keep tagging me in so stop tagging me because you are making this very hard for me lmao I must resist [SEP] @alissa ashleyy Upload hella vids this month &amp; use the Adsense money to buy it face with tears of joy face with tears of joy face with tears of joy face with tears of joy face with tears of joy rolling on the floor laughing rolling on the floor laughing rolling on the floor laughing rolling on the floor laughing rolling on the floor laughing rolling on the floor laughing,17.333333333333332,68.0
1216192694793515013,41039311,814951603555995648,Will I ever not have gut pain when talking to my daughter's mother?? More at 11. [SEP] @thorninsky Whenever I get upset. I have to instantly shit. Fight or flight?,64.0,63.666666666666664
1216450975315173377,123368021,505745768,have a dream where i have a baby but i am really ashamed to tell people because it means i must have had sex but going through all my memories (fun while asleep) i could not remember having it so i thought it was an immaculate conception but no one believed me [SEP] @bonestobreak All hail the virgin Skaz!,57.0,84.0
1215948217491345408,1148950298083438603,2936065085,do you guys pronounce anti as ant-eye or ant-ee [SEP] @gaythinkfast I cannot tell if you are serious or not,55.666666666666664,74.66666666666667
1216037424985464832,963149462066511877,1083388466090725376,my mother got botox today and told nobody and then i got a text off her with a picture of her face to be like guess what i just did. mom you are old bro get used to it face with rolling eyes [SEP] @gkgcp Sorry but is not that kind of rude because why not if she likes it then,48.333333333333336,72.0
1215737617423257600,51084973,51411166,So I have just weighed myself and it appears I have got 2 stone to lose to get back to pre pregnancy weight. Fml [SEP] @zoe bearx Hey lovely I have just found @LucyWyndhamRead and so far I am loving her work outs choose between 4 and 7 mins (so if Rex ever sleeps you could try one) and great result too look her up on YouTube xxx,19.6,80.0
1213196120882655232,21115387,463821051,You know what is annoying when these accounts say well I have some big news and cannot say..like stfu just say your ass wants fucking attention [SEP] @BuckeyeMel8699 Subtweeting Mr Kyle lamb! face with tears of joy fire hundred points thumbs up raised fist handshake,45.333333333333336,71.33333333333333
1212831623340793856,1198795108596043776,722845325552128001,"Is brioche a synonym for orgasm or no? [SEP] @kaL12578 Brioche is French for ""Charge $9 for this roll. No, $12. Fucking Americans will pay anything for French crap."" face with rolling eyes",81.0,60.333333333333336
1212104491031580672,2303475156,1188321393928065024,"Wokeness is a modern day form of Gnosticism. It is finding that ""hidden inner knowledge"" and becoming enlightened. It is full on heresy as it was when it entered the church 2000 years ago. [SEP] @ThomasCoutouzis The word ""woke"" is also used in a lot of different ways, though...it is become a pretty generic term for anyone who is aware of injustice that they did not notice before. Not sure that is a form of Gnosticism.",49.333333333333336,83.66666666666667
1211872228045754368,22237383,935334308746633216,"The poll to break the tie is currently tied and I find this hilarious for some reason. I know it is only been 15 minutes but at this rate I am going to be flipping a coin while I make dinner. My poll ended at a dead tie, so here is a runoff with the tied two. What should I watch on New Years Eve? [SEP] @wordsleadmeon go dancing or dining and having a ball.",31.0,83.0
1211457734702489602,569480997,520024438,"If anybody has any nuggets of wisdom on writing a creative writing masters application statement I would be eternally grateful??? sparkling heart [SEP] @LizzieKemball Not being a wise-ass, rather offering a serious nugget based on a peeve: do not end a statement with question marks.",83.0,87.33333333333333
1210902081281970177,73764239,935284921387667456,#PrayerRequest My cat Pryncess totally quit drinking Water a few days after a recent surgery. I have to give her Water by oral syringe to keep her moving. She is Ok but will not drink. Please pray she starts drinking on her own again soon. Thanks!!! Happy New Year...! smiling face with smiling eyes revolving hearts candle [SEP] @Pryncess 2009 have you tried switching to spring water or bottled? She may not like a chemical in the water.,70.0,69.66666666666667
1210609203561324544,1068953375247659008,811554331,"So my son's dad did not bother to send him a birthday card or gift, or anything for Christmas..... I was hoping my son might not notice, but he has. [SEP] @redhead ordead Kids do not forget that stuff..... That is the kind of scar that stays with someone for a long time, trust me on that one...",32.666666666666664,94.0
1210049167181127681,283346511,1095745344862859265,I never understood people wanting to only date white people in Haiti. You know they age like hot spoiled milk left under the Haitian sun right? [SEP] @ReineLaetitia You would have to understand colorism and the development of beauty standards man shrugging dark skin tone,47.333333333333336,90.0
1208057222032437248,254441469,870260121351401472,"14:22 - Prince Philip taken to hospital as a 'precautionary measure' 14:52 - IRN casually re-send their 'Major Story Plan’ inc info on ""the unexpected death of a senior royal or very senior public figure”. Me, every time my phone makes a noise for the rest of Christmas - oh no [SEP] @radioptrics Has not there been rumours going around lately that he is about to snuff it?? Do news orgs have advanced notice of this stuff?",37.333333333333336,63.0
1207834722803437568,888573957376532482,14629025,"Wish I had more friends local to me.. I feel alone these days .. [SEP] @Hon3yxmilk Ironically I am close, but also know considering the world as it is now, you cannot trust me. Just know you are not alone. Good people are out here.",32.333333333333336,68.0
1207410132058959872,1106359134138425344,880535437894459395,"Straight woman in the gay community have always been the most annoying. Like little buzzing mosquitoes. The #LGBT community made a mistake years ago when we let them into our bars &amp; clubs. First we let them have their bridal showers in our clubs while we could not get married [SEP] @SourPatches2077 We need to make bisexual spaces... Wait, no, that would turn into polyamory meat market. Blegh. Ok. Round 2: We need to make female bisexual spaces. It is sad that we do not have a place to be, though I respect why lesbians want us away.",66.0,76.0
1207288462195535873,432102704,1852501266,Making money off social media has to be my biggest flex this 2019. [SEP] @LifeOfOsas Good ebening boss full moon face new moon face,55.333333333333336,67.0
1207340588699246593,307671774,2986329276,i was only asking??? [SEP] @seoklyjin Sorry was I rude in the commemt to you? I did not mean to frowning face,66.66666666666667,57.333333333333336
1205446005514260481,34692270,1004295346544103424,"It is so unbelievably sad how many people fell for tory lies, even more the ones in working class areas like north wales. The Tories have not and will continue to do absolutely fuck all for Wales, they do not care about us, our language, our heritage, our education, nothing. downcast face with sweat [SEP] @maredparry Historically speaking the position of the prince of Wales is also an insult. Just a quick reminder.",57.333333333333336,68.33333333333333
1204682710251450368,809453453797892100,1023049218,"Being absolutely spanked for #RuralCrime in this area recently. Burglaries, thefts from farms, #LandRover theft, trailer theft, night time poaching &amp; coursing. Worst year ever. [SEP] @ACountryChap Same here on Gower. Police do not give 2 fucks and i fear things will be taken into peoples hands and end in tears soon...",52.666666666666664,69.33333333333333
1205528100739657728,818680464663834624,61910998,My broke ass got the nerve to tell people “I am here if you need anything” loudly crying face loudly crying face [SEP] @LegitTryn face with tears of joy face with tears of joy face with tears of joy you do not need to have money to be there for someone sweetie,69.66666666666667,48.666666666666664
1205317572800831489,2964467759,914709266833002497,"So apparently new Halo also going to be on PC? good. Sorry I am not really watching right now, editing a vid &amp; just monitoring my twitter feed for updates. [SEP] @falloutplays Not new news they announced that a while back.",45.666666666666664,98.0
1204910783320281089,1263007808,135228055,"I have been using a new app to remind me to drink more water, which means that I am waaaay too hydrated for a 45 minute drive grimacing face grimacing face grimacing face [SEP] @itsginnydi Take an extra stop instead of driving the whole way, better for you and safer. winking face I know the feeling though.",26.0,80.33333333333333
1204571367082848256,3062430625,166692651,"Why am I not going to the doctor and just dealing with the pain, you ask? Because I do not want to be told I am old and fat and drink too much. That is a road for self-loathing and crankiness. I can cope with a pinched nerve, just let me grunt and limp and be a little cranky. [SEP] @daveskoster You are wise, a foodie and enjoy the good stuff. Better?",30.0,61.0
1203341159940206593,218236795,2328864005,Very likely that the race is void. I fear that the jockeys will probably face suspensions for continuing. [SEP] @pigeon island Ever tried to pull a horse up doing 40mph? It is difficult I tell you Martin. Such a sad day x,71.66666666666667,74.0
1203188257267179520,1019116318782566401,4097247207,if you call pop “soda” I do not trust you [SEP] @FoxWithGuitar You must hate Michigan then huh,11.0,78.33333333333333
1202160648072900609,21189795,3194413823,"I have removed the video of our third goal last night, did not realise that the keeper was a young lad. We all make mistakes, good luck to him in his career. [SEP] @CIFC Really? Keepers make mistakes all the time. Relive it and we make sure not to make the same mistake. Either way wish you all the success.",40.333333333333336,47.0
1202058372767289345,829788035659268096,14123310,"No longer shall our brothers in space be excluded from our houses of worship! What we need is an interfaith coalition to support religious acceptance of extraterrestrials [SEP] @gommunisd sitting up from my Minority Report brain tank to report that there will definitely be some sort of Catholic-Posadist synthesis gang on this website someday, if it has not already started",50.333333333333336,73.0
1200979751038586880,44943127,3269513887,Targeting is such a dumb rule [SEP] @LatvianMissile Spoken from a guy who never played the game.,46.0,71.33333333333333
1200205550052622338,944489389337477120,212776572,Thankful for dick that actually made me cum [SEP] @bevs the best Well can I have the opportunity eyes thinking face,57.333333333333336,87.66666666666667
1198138278035066880,45129669,1024074154600030209,I have so many opinions about the Tesla Cybertruck that I am tempted to make a video about it. There is a few BRILLIANT engineering ideas going into the actual aesthetic design that I think are really misunderstood. [SEP] @SirWrender You posting a video on your personal YouTube channel. Funny,53.333333333333336,79.33333333333333
1198423704537124864,3931242563,998150409125494784,"""ARMYs hate any group that gets famous in the US."" No, we hate any company who tries to make their groups famous using underhanded marketing tactics. Notice how Day6 was promoting so naturally in the US in 2018 and literally nobody minded? Coincidence??? [SEP] @naija0329 Is the comment referred to b****pink?",70.66666666666667,78.66666666666667
1197447756685594624,1059779545,1038056408,guys i need to buy a printer. what should i get. [SEP] @refrainbow Never get a brother. My sister is a graphic designer and her works were never printed right on them. She would also spend over 30 minutes trying to print as the printer needed to be reconfigured every time it turned off,41.0,57.0
1197114420213641216,762907664,798759326177333249,Wowww 2 eps left to translating Baekkyung time in this drama weary face #ExtraordinaryYou [SEP] @jkfairy You have worked so hard. Thank you.,49.0,69.0
1196885615763185664,20634775,333287693,"Corbyn and his IRA cronies do not believe in the union, do not be fooled #LeadersDebate [SEP] @katielfrank Do you mean the ones the Queen shook hands with?",35.666666666666664,83.0
1196252526720339969,520990059,1059839888701472769,"I am generally a super upbeat person, but I am struggling #WritingCommunity. My daughter and I both have IBD &amp; she is in a flare. As a mom, I want to fix this. But I cannot. And that breaks me. I hate this... disappointed face #Crohns #UC #IBD #Spoonies #FINDACURE broken heart broken heart broken heart [SEP] @LKCOLOR Leslie - I was diagnosed with IBS and chronic ulcers over 20 years ago and nothing really helped and I just could not watch everything I ate. About 6 most ago a Dr suggested taking fiber gummies. This has changed my life. Thought I would pass that along.",57.0,64.0
1196115562109263874,1000295179,1134588206480015361,I am home. Just going to do absolutely nothing all night! [SEP] @Seapeekay Please make more youtube videos soon!,15.666666666666666,71.66666666666667
1195964259823476736,4147851292,3119970258,"Joining the Army can give you pride and self-worth, lift you from poverty, and make you a better human being. &lt;whisper track&gt; Side effects my include horrific injuries, mental trauma, and death. Some patients experienced political awakening. Only take if in dire straights. [SEP] @EddieFetherman @sabrina68 ""Dire straits"", is unfortunately how the United States military machine gobbles up so many POC!",52.333333333333336,51.333333333333336
1194747584616648704,1322449700,925524645431992321,"you all can shit on pokemon sw/sh as much as you want, but i will most definitely get it anyway and will probably have a blast. do i have any concerns? sure. will that stop me from enjoying it? probs not. [SEP] @SstrSapphire I have got some serious gripes about the game, but the thing that really convinced me to cancel my pre-order was Game Freak's blatant lying. They clearly have no respect for anything besides our wallets. I will abstain from purchasing their games until that changes.",67.33333333333333,49.666666666666664
1194659516178026499,1080139225566269440,285525507,"Karma works like a boomerang Whatever you do you receive Do good else do not expect any in return [SEP] @Bse02189763 @Mizzling Gaze If you need to do good with an intent to fulfill your expectation of getting back good, what you are doing are not good anyway.",15.333333333333334,42.666666666666664
1194425501516853248,25248972,189043864,turning into online bullies and trending a negative hashtag just because you do not like his wife? how does that make you all any better?? nino does not deserve to have such fans [SEP] @jiaminomnom I agree 100%. But I also think nobody should not judge or criticize anybody.,55.666666666666664,82.0
1193376681962151937,2984252703,884792511314542592,"To anybody who is 5ft5 or taller: How does it feel to have height privilege? [SEP] @StarlitSiren back pains suck, but if it means I do not need anyone's help to get the glass cups in the top cupboard, it is worth it. grinning face with sweat",33.333333333333336,52.333333333333336
1192516178306125824,498820709,708039217667051521,"The Grateful Dead is emo for hippies, change my mind [SEP] @mmmyfe Ok. You have obviously zero knowledge about the GD, emo, hippies, or music. Nobody does, did, or could do what they did. Absolute phenom. Bluegrass, country, jazz, rock, acid rock, blues, cajun, etc etc etc. Thanks for chiming in though.",46.666666666666664,67.66666666666667
1190744384586833920,3099124114,1163052694992543745,Having a proper down day today. The wife is away for the weekend and I am with the kids. Old feelings of depression are creeping in so any happy messages would be gratefully received!! #depression #MentalHealthAwareness [SEP] @cbabcoach You are with your kids so please treasure every moment. I miss my kids every minute of every day - hug them tight and love them.,74.66666666666667,90.0
1190292977836539904,1641372691,1177900909852086272,everything is so outrageous smh [SEP] @anar chic hmmm let us vanish to last.,62.0,68.33333333333333
1188599259194691584,983143425850699777,1072575049109000193,Department of Horrible Potentialities: What is the WORST possible consequence of time travel you can imagine. [SEP] @darklordjournal @joedonnewrites There are so many alternate history stories where the Nazis won WW2. I wonder how many there will be with no Trump or Brexit.,40.0,85.66666666666667
1188494609699110912,1000759300074061824,19184385,"One thing that grieves me about the church? Being an outsider. To the Jews I am a Gentile. To the blacks I am white. To the evangelicals, well I do not think they know what I am. I have been so lonely all of my life that being excluded really gets to me. I do not know what to say. [SEP] @Eldermld1 @BrsheetRag1955 If you believe in God, pray to Him and admit your loneliness and desire to be included into His Family of believers. God does not pay attention to skin color, but to the content of one's heart. Find a church, and study the Word of God. Get to know who Jesus is ...He is waiting !",67.33333333333333,68.0
1188510427866681351,758404,13298202,Cleaning the apartment because the cleaner had to cancel. Bribing myself with junk food. [SEP] @Marri LOL first world problems.,33.666666666666664,84.66666666666667
1188096838383144960,240770642,302114364,"jesus is king? heh, more like jesus is ass! new kanye sucks shit!! [SEP] @IANfidance Just like the rest of his catalog",67.0,68.6
1186678755781201921,836972562856960000,1534380823,"I am such a low energy, non-argumentative person that most of the time I would rather conserve my energy than trying to prove why I am right. Even if I KNOW what I am saying is correct, I will just say ""mhmm"" so the other person leaves me alone and I can continue on with my day [SEP] @jessblazecos SAME. I have too few spoons to spend on idiots.",56.0,62.333333333333336
1184125524261646337,816678152583970816,1078386930402897922,"A challenge/psa for erotica writers: - Open your finished story - Find ever time you have used the word ""against"" - Is ""against"" really the best word for to use moment? - Is it really? Or is there perhaps a more effective word you could be using instead? [SEP] @jayne renault I try to use different words or phrases, but there is only so many ways to describe a penis without being silly. I have not tried eggplant though. eggplant He grinned feverishly as he stroked his enlarged eggplant. How does that sound? winking face",82.33333333333333,75.0
1183380113825697792,776538505,2374132140,"Being single is so lonely pleading face [SEP] @LatoyaMag Ao, where is the Nigerian? It is sad not tweeting within cuddles huh",57.0,63.666666666666664
1182245607995559942,873124453265297410,231003347,"today's another one of those days where i just do not want to be here. been getting a lot more of those days recently &amp; it is starting to scare a little bit. mental health is no fucking joke, and if you think otherwise then, how do i say this nicely, fuck right off. [SEP] @scrofanoshoe You will be okay. Just take a breather when you need it, think of the good time you had with your nephews, think of going to FTLOF soon. Just take a breath andget something good in your mind or something to look forward to.",29.666666666666668,100.0
1182012008482271232,1153522532709834752,33860243,"Here is a big shout out to the Republican senators and Congressmen of Idaho... YOU ARE ALL WORTHLESS AS TITS ON A BOAR HOG YOU CHICKEN SHIT BASTARDS [SEP] @justintime69777 Do not be shy, tell us how you really feel! rolling on the floor laughing",74.0,81.75
1180962534742003712,1104407582112923648,1115365668990398466,imagine having two nut allergy attacks in one week haha could not be me [SEP] @KidFromSpace That would be pretty nutty!,43.2,81.0
1180709428435271681,22114412,529498445,"Just to clarify, I was NOT at a frat party. I am 37 dang years old, &amp; I actually yelled across the street at them to turn of the dirty music. The old couple beside me clapped, so these are my people. face with tears of joy face with tears of joy face with tears of joy old woman light skin tone [SEP] @MissMandy126 Glad to here that you do not want to be that Frat Cougar. rolling on the floor laughing face with tears of joy",82.0,86.33333333333333
1180903475896557570,164536190,4503025700,Kneading pasta dough is therapeutic. [SEP] @TheKitchenista You got to get out more...,64.33333333333333,83.0
1115985419034923008,93667573,938004887228559365,"#DefineYourMusicTasteIn7Bands Pet Shop Boys New Order Roxy Music Depeche Mode Kraftwerk AC/DC The Smiths [SEP] @PSBstarlight AC/DC? OMG, nooooo :D Just horrible LOL.",61.333333333333336,59.666666666666664
1178825776201895936,3024428931,6072772,"Imagine if what we are doing now Is some sort of after life... but we feel we have woken up and go do the same things we remember before we died, go to work, go our day to day lives and we are just doing things the way we thought would have gone if we was still alive exploding head exploding head exploding head exploding head exploding head exploding head exploding head [SEP] @ImVitaMors I have always theorized that when you die you are given the option of a sort of ""reincarnation"" to live again fresh no memories, how many times have you thought to yourself what feeling love for the first time would be like or eating a food for the first time? I would do it all over.",18.666666666666668,69.33333333333333
1178345630709628931,1170292490177396736,986340725574045696,Should i use my real name now ?? [SEP] @chal bhagg There should be another option of “who cares” face with tears of joy face with tears of joy face with tears of joy,57.0,50.666666666666664
1177781949458341888,413779729,28553981,"I have not even turned on the coverage yet Cos I am too nervous and I am seriously considering deactivating twitter tired face [SEP] @PollyMaeve there is far too much footage. i am planning on sliding in to friend’s bbq at the last minute, or later. no skin in this game, but hoping for a gws win.",46.0,56.0
1176154836779372545,29212652,417246145,"Do not consider this a moan because I am very happy with how my channel is doing, but I do wonder how some other true crime channels seem to grow so much faster than mine? I would love to know if it is the algorithm or something that I am doing that is stopping people subscribing [SEP] @georgiamariexo Love your channel. You provide a lot of info &amp; it is obvious your cases are well researched. However, you do come off a bit stiff in your videos. Like you are just reading the facts and not bringing any of your heart or personality to the cases/videos.",55.666666666666664,70.33333333333333
1175946818611568641,1175530371389300736,1110051383007277056,"skzfurniture are trend setters, now everyone is trying to be like us, love that honestly [SEP] @chanswall e Idek why there is a wall talking but either we all need to go back to the circus or we going to be jobless",50.0,48.666666666666664
1175125567051653121,407781903,571586249,IS KENYA READY FOR A PARLIAMENTARY SYSTEM? Israel and Italy have frequent and divisive elections. Governments fall numerous times each year. Israel has just had the 2nd unresolved election in 3 months. Will Kenyans withstand the costs and instabilities of a parliamentary system? [SEP] @MigunaMiguna what is your take in that general...for the first time be nonpartisan and let your views be in line with what you stand for as a person,28.333333333333332,46.333333333333336
1174195784646090757,1646817217,14358235,"Let me tell you when a parent should realize, your parenting skills stink? When you repeat yourself. My mother NEVER repeated herself, twice. Understand me? Once was enough. #parenting when you are a #TeenHostage [SEP] @feliciaw5853 I think parenting has come a little way from so much authoritarianism. I hope so anyway. #AlsoATeenHostage",71.33333333333333,69.33333333333333
1173657474290847745,298389981,32538316,People who think Jerry jeudy should go #1 overall has a mental illness [SEP] @johnrivers131 Hopefully no one close to you someone you love struggles with mental illness daily. If so I cannot imagine you using the term mental illness so casually!,71.0,59.0
1173034451745595393,455786166,1046192143038119936,"Gaskiya na fara gajiya da jiran degree certificate dinnan, its just standing in my way! [SEP] @salamnuhu Your way to what? confused face",53.666666666666664,99.33333333333333
1172494713338904582,20465433,2732128917,"You peasants are not preorder your iPhone? sneezing face [SEP] @OfficiallyIce The new iPhone is basically a Samsung Note 5 with iOS Tech. Basically Cellphones for Dummies. Let me know when Apple step they game up, I will consider Switching then",70.66666666666667,67.0
1171847182955110400,707978040010080256,1382689550,I really should write a novel based on a fake season of Big Brother. face with tears of joy [SEP] @BBTeamNorth Hmmmm. I bet Lifetime would scoop that shit up!!!!,63.2,54.6
1170463096760143879,715702346060283905,1067298898287501314,wish people would stop putting fat fetish shit on my feed [SEP] @homotheriums @Coywolfy Aw c’mon! You know it is cute! :3,58.666666666666664,87.0
1170135556170407936,175480547,593261293,"My sister and I are officially not speaking. Blocked. She was my best friend forever. [SEP] @kimba what So sorry to hear it. Chin up, girl.",55.333333333333336,61.0
1169819503007391746,4893722971,16841386,"I am thinking if i was a man listening to Metallica, megadeath and teaching my students on multiple modernisms &amp;Souzas obsession w/christ, everyone would have thought of me as cool, but i am a woman so they just think of me as a raging feminist [SEP] @bombaywalee @bludeehmary yeah, hate to break it to you but no one listening to Metallica and Megadeth is cool. grinning face with sweat",75.33333333333333,68.33333333333333
1169654740902469633,1613182478,867757081130086401,Made broccoli and cauliflower cheese soup. I am quite frankly what you would call a catch nail polish [SEP] @goldilocksrocks Got some crusty bread to go with that?,46.0,54.0
1168782177758306304,95916301,182112096,IN THIS LIFE HAVE MONEY O [SEP] @davidgwani Thank you sir for the advice. We are working hard to get to your level.,37.666666666666664,87.0
1168410065360936960,911416897735815168,3420933927,"I do not ever want to make friends with toku fans on campus though the last time I tried turned to the worst and the guy threatened to shoot me so uh. yeah nah I think Kuuga's my favorite Heisei rider, n'you all. but I also like Skull, Meteor, OOO, Birth, Kabuto, Eternal, Birth, Faiz, Punch Hopper, Cross-Z, Grease, Fourze, Rogue https://t.co/Ex9W1qDR4q [SEP] @FM Synth Yeah its usually not a good idea to make friends with people named Garren or Micchy. But anyways mate yeah meeting toku fans irl is pretty damn frustrating you get all kinds of god damn weirdo like that",21.666666666666668,76.33333333333333
1167910405831675905,607532949,1009477683619749889,"brain no work, need recalibration, ama [SEP] @pop arena When you get to Shining Time Station, how much do you think you will be talking about the Thomas the Tank Engine shorts that coincided with it?",41.0,88.66666666666667
1163982862640504834,3421579270,844636723216863238,"Me: ""I Am craving pizza so bad right now.."" *Calls 2 different #LittleCesars. One does not deliver &amp; one does (at least that is what she said). Then she says they do not deliver when I am about to out my order in. I hang up.* I just do not want to go in the heat to get a fucking pizza crying face [SEP] @xMugenYoruichix Have someone send you a pizza in exchange for a pic or something winking face with tongue or text someone to come over and bring pizza lol",64.33333333333333,72.0
1163552136451502080,15175135,910234731874279424,"The fact is, the latitude regularly given to Yadi to ""save his legs"" has blinded people to instances when he truly dogs it. I have never said Yadi should be sprinting to 1B on all grounders. My point is that yesterday was an egregious example of dogging it--and I am right. Yadier Molina's own average speed this season from home to 1B is 4.84 seconds (third slowest in baseball). Yesterday's ""run"" from home to 1B was **5.3 seconds**. Even just an average effort *by his own standards* and he is easily safe. https://t.co/pP2bctZqTH #facts #STLCards [SEP] @johnrabe Still ranting on a play that happened yesterday?",74.0,63.0
1162768471933030402,826278520217288704,2771588954,My apologies for the tweets today. They are all fucked up. I Have left out words. I Have misspelled words. And other shit rolling on the floor laughing face with tears of joy [SEP] @purpledragula Like I never have done that. No need for forgiveness. It happens. Besides I know you are not day drinking. Lol.,50.0,57.666666666666664
1161607606668017664,866749307252342784,1062524937624264705,"Does dry shampoo work for pubic hair or should I just shower? [SEP] @Billie Jean00 You should just shave off the pubic hair. That shit is gross. I mean it is 2019, I did not think people still had pubes....",73.0,86.66666666666667
1160660882386374656,1056123570,24381999,Why do parents expect you to just KNOW the entire life story of every person you casually interact with [SEP] @lizzylemondrop It could be that they are afraid for you. Cut them some slack,40.0,48.666666666666664
1160126918718623745,18653841,19701496,"1/2 Coming through Calais today, utter wanker working for border force. Saw passports, asked me which ancestor I was lucky enough to get UK citizenship through and the told Australian family, that Brit’s hate Aussies and vice versa. #HostileEnvironment [SEP] @Veronim @StopBrexitInCrt Honestly, if I were you and I had the option of living in Australia, I would go back there. Why give the UK the benefit of your skills and resources when they are so repellent? There is a world elsewhere.",72.33333333333333,76.33333333333333
1159736472771186689,1698619278,750251893805416448,there is nothing like being 20 and being at a house party with your best friends in the west village. I feel so alive [SEP] @IndyYelich the pure heroine jumped out,45.333333333333336,63.666666666666664
1159616289381474309,2630101550,1461845142,pick correctly. [SEP] @WElRDB I have never see you eat literally ever so you might end up eating like pig in a trough so i am going to go with -£70p,74.66666666666667,84.0
1159572317107654656,2595812168,484226040,"So before you ask “why do not you use instead of your chair?” It is as simple as: it works for them. #WhenIWasADisabledKid my physical therapist REALLY wanted me to use braces &amp; a walker.. but it hurt my hips, made me tired, and I got around slower. One day I was just like: “Yeah I am just going to use my chair.” loudly crying face [SEP] @HijaDe2Madre People should not be forced to suffer to fulfill another person's idea of ""functioning"" if the alternative makes them happier and feel better. It is as simple as that.",24.0,86.0
1159299375887212544,3280063405,723900056386969600,"I use Gwen on all social media's usually and Dana IRL which has led to so much confusion from people who meet me at cons or online lol. Pick one and roll with it, I do not care. [SEP] @gwenjen101 Thanks for the clarification Gwana.",37.333333333333336,71.33333333333333
1158864334530809857,465155954,2580204205,"Last night, this guy really shot and killed someone on the I-95 freeway because of road rage and got away w it [SEP] @nbaaaaby @hakunamatyler Wowwwwww did not even have the decency to name the murderer",68.33333333333333,88.33333333333333
1159096726440906752,457681329,998332081657794560,Listening to his remarks before taking off. As predicted he will talk to first responders. Calls himself President Trump. He is trying to stay out of the politics. Repeats himself a few times. This truly was a very exciting and unanticipated interview. What a guy. What a Pres [SEP] @kneerecon Are you serious? Sarcasm?,44.333333333333336,87.33333333333333
1156173262495342594,302938456,750192467652280320,"cannot believe how many Remainers do not know that Labour currently back a #PeoplesVote with the option to Remain in all scenarios against any and all deals, including any Lexit deal. this is in no small part thanks to Remainers sharing and spreading misinformation about Labour. [SEP] @sazmeister88 Ok. Then come out on the streets of London and protest with us &amp; get Corbyn to come &amp; do his bit instead of dumping us like last time. It is important. Next rally is on October 12th. On previous occasion more than 700,000 rallied. Imagine if Corbyn and Labour join in too.",49.333333333333336,87.0
1155129281649004547,733926674828558336,1124178655628886016,"I used to feel lost because I did not know who I was. Now I feel lost because I know exactly who I am but I am stuck under a dark cloud with no knowledge of when it is going to lift. Sometimes it is the not knowing that hurts, sometimes it is the wait... [SEP] @AuthorAvaMRose @titanmoon10 Knowing is intelligence; Knowing yourself is true wisdom. Mastering others is strength; Mastering yourself is true power.",67.66666666666667,51.333333333333336
1153768041492013057,4710224954,348194425,"i just cannot wrap my head around how some symphogear fans can even unironically defend this piece of rat filth some of you literally make me sick to my stomach you see this character? this is scum she slaughtered hundreds of innocent people do not even try to “uwu she babby” with me i hope she gets what is coming to her because dolls sure as hell got no mercy for doing far less #symphogear https://t.co/ZxAQS2t3da [SEP] @mergerwitter ... so, how long till someone comms her from you?",54.666666666666664,72.66666666666667
1153504472372600833,709822647652196353,4180708955,"Tons of girls on twitter just get thirsty DMs. I get random DMs encouraging me to go to random retail trader’s options “seminars”, tryhards flexing their “options trading lifestyle”, and DMs asking if I am familiar with bitcoin. You all know I got 8 series licenses right? [SEP] @tnehoc No I did not",25.0,84.0
1153396469291835392,775803895,51543408,Most Watched College Football Games Since 1991: 2005 Texas/USC 35.6 Million 2015 Ohio St/Oregon 34.1 2010 Alabama/Texas 30.8 1996 USC/Northwestern 30.4 1993 Alabama/Miami 30.1 1995 Nebraska/Miami 30.0 1991 Colorado/Notre Dame 29.6 2003 Ohio St/Miami 29.1 [SEP] @BradPowers7 What is this source BP? I do not believe it to be totally accurate.,64.33333333333333,69.33333333333333
1151310846666190849,3863402413,1003364268,"So mellencamp schemed the whole puppy gate!then 1 by 1 they all jumped on it! #RHOBHReunion [SEP] @Mytinydancer1 Well, who could not see that from the start?",46.333333333333336,90.66666666666667
1150449714292117504,30409200,716927018,"I feel so hungover today and I remembered that I do not drink. This is just what it feels like when nearing 40. You feel hungover. From, like, oldness. [SEP] @everywhereist Sorry, not buying this. No hangover from “nearing 40”. Maybe you are feeling tired from something else. Just saying.",35.333333333333336,98.0
1149879908929134592,1070071809297440768,1049888386536882176,"Ok panties are sent &amp; I will have new stuff up tomorrow, it is taking a minute to get all done lol [SEP] @npcprincess666 Best meme ever is selling your bath water now face with tears of joy",53.4,65.2
1149487577990221826,2855153618,3276935287,"What does it mean when you are not a night person and hate mornings and most people annoy you in the afternoon..? [SEP] @TheOnlyMommaG Ask your doctor or healthcare provider. Prozac may be right for you. *Brought to you by GenX, an entire generation raised on fluoxetine, a Selective Serotonin Reuptake Inhibitor*",68.66666666666667,82.33333333333333
1147275379121381376,2337874352,793688203,"I know you guys loved it, but I am removing my Daddy’s Girl tattoo on Monday. It has entirely has no meaning anymore. [SEP] @kj fetishmodel You need a new daddy then babe thumbs up medium skin tone",57.0,79.33333333333333
1146459938744672258,27686041,272152654,"It seems that the Wimbledon app automatically alerts you when a match goes into a fifth set, even if it is, you know, Edmund-Verdasco or Karlovic-whoever ... but does not, at least so far, seem to issue any automatic alerts about women's matches. [SEP] @newballsplease That is because the women do not play five sets, so there is no possibility that they would get to a point that you cannot see during any match on the regular tour.",20.666666666666668,92.0
1145812056458878987,214587832,2426379079,I am chasing my dreams but it turns out my dreams are not that profitable [SEP] @katekosnoff Welcome to the horse world raising hands light skin tone face blowing a kiss,17.666666666666668,60.666666666666664
1144389732731895813,259077104,1109831521379205120,Do not tell me you cannot teach an old dog new tricks. I remembered to put a shirt on before I fried this chicken. [SEP] @uhhhhhoksure You are one bad ass chick! face with rolling eyes,69.0,65.66666666666667
1143910089939652609,40713370,724871747917504513,I need $work to go to 200 like $bynd by August lol [SEP] @Mr Nasdaq Hey man. Very different ipos. I see $work being half it is ipo soon. You got to look at market cap bro. Feel free to dm me. Just looking out for new traders.,46.0,85.8
1142971682862223360,541162159,226092247,"Articles full of drivel outside a single “sourced” line about where some mid-tier free agent is leaning in July do better than meticulously researched, well-reported analysis. By a mile. No surprise dudes are in a rush to hit any angle possible there, however contrived it is. With the massive emphasis in the industry placed on knowing personnel moves/trades/rumors/etc literally a few minutes (or seconds) before teams announce them, is it any wonder you see guys stretch some truths about their “sources” and such every offseason? [SEP] @Ben Dowsett Umm, Ben...you are an insightful guy...but go enjoy the honeymoon dude",63.2,57.4
1142440835168055298,44869696,1569079790,I really do not want people visiting my house anymore. My clothes keep disappearing. This pink dress was a major fave of mine. Please do not visit me again. Do not! I do not want to see anyone at my house. If you are stranded pray to God. Do not call me [SEP] @YarKafanchan Do not allow the bad one stop you from helping the good one. So sorry,59.666666666666664,75.0
1140586581918703616,1062494932232032261,1091750087313756161,Nice guys only finish last because they make sure she comes first [SEP] @itsappalaCHA @GoodKingSolomon I find the dynamics of strsight people to be so fucking wierd. Whoever comes first should just have to do the sucky. That Is the only real rule.,45.666666666666664,77.33333333333333
1139603434615631872,3314548849,2887112852,People write congrats because they cannot spell congrajulations. [SEP] @hariharanmlk This sounds like some South Indian wishing congrajulations,65.33333333333333,65.33333333333333
1137000453940633600,25998841,934143867342819328,"You can have your thoughts and opinions on things. But what you do not get to have is a say in someone else's truth. Not how they felt it, lived it, handled it, or survived it. It is not yours. Do Not invade their process with fault analysis when you cannot grasp their perspective. [SEP] @AnglBaaaby Spoken like someone who has never had their lives destroyed by someone with a mental disorder. Someone else's truth, when it is not true, can be vastly destructive. No Angelbaby, sometimes our perspectives/fantasies are as much part of the lives of others as they are of our own",39.666666666666664,49.0
1137478032623583239,836972562856960000,2900669861,"Anyways that Chernobyl mini-series on HBO was fucking insane to watch, like it is impossible to watch some of it and not want to finish it. Pls research any information that is presented in it though as there are some misconceptions [SEP] @jessblaiscos Chernobyl is so good ugh. And radiation sickness is not contagious but their skin and clothing is still radioactive if it is not washed off properly.",45.0,65.33333333333333
1137051991836897280,190960875,1689236828,Still interested in being a stripper [SEP] @LwazZzee Trust me Lwazi you do not want to go there. Stripping is not your place.,65.33333333333333,69.33333333333333
1134454897712062464,28593175,2565727201,Apparently one of my coworker’s students had a classmate at school named July (or Jurai I guess) because that is his birth month [SEP] @ayusheknows Jurai is a beautiful name.,18.0,85.66666666666667
1133474863585193984,4224096034,1035401066295246849,middle finger light skin tone you if you think being young disqualifies me from being an effective resister &amp; middle finger light skin tone know-it-alls who want to step on me based on what they see in a tiny profile pic. Lack of age has zero to do with passion. Big mistake under estimating a generation with fire in our very souls. [SEP] @GotJanie Janie do you got a gun? You are probably to young to remember that movie!,59.0,74.0
1132881845920489472,1032410013375987716,2657982745,Billie eyelash said do not give me a xanny bitch [SEP] @SawdaNadine EYELASH skull skull something you do not have palms up together medium skin tone disappointed face,59.0,65.66666666666667
1131598450020106241,828438490291400704,89885067,I am smelly but cannot take a shower or anything till next week pensive face oncoming fist getting in the spirit for tomorrow’s jojo ep [SEP] @lilplxnt You are good just get a rag or baby wipes around yourself but you going to smell like coochie for a while but hey that is what you wanted :P ♡,42.666666666666664,60.666666666666664
1129960212822208513,973289837360025600,3096728916,8. stray kids- never heard the music but w the whole cultural appropriation thing i really am shying away from them /: okay! i do not have opinions on like 70% of the groups but i will do my best https://t.co/UR4vvXfFM6 [SEP] @S3OKJINGAY ok sis!!! do not judge them based thatt!!! they are the funniest cutest crackheadsss! loudly crying face loudly crying face,24.0,68.66666666666667
1129539334195990528,2908324541,403866416,Interesting. I have not texted the monster or tagged him in any blog posts for over a month now and he is in my phone today talking 'bout are you okay? Just WOW. [SEP] @queenrudenation Ghost him!!!!,44.0,76.0
1126687157832126466,2655827293,16957824,only accepting apologies in the form of edible arrangements from now on [SEP] @xlyssao Seems acceptable to me.,69.0,75.33333333333333
1127066669329698817,2562826262,710186990,I am scared to hang out with my boys ever since I showed them my girl pictures flushed face [SEP] @G1bbm1ster Lmao did you look better as a girl??,43.333333333333336,60.333333333333336
1126909081304948738,150127569,834167172549242880,"cannot decide which i hate more: a) men sending me disgusting messages or b) other men using these disgusting messages as an opportunity to then hit on me by saying ""i am so sorry men are like this"" You *are* a man, my dude. [SEP] @laraeparker Is there an ideal way that a man can approach you in a non-sexual way?",55.4,76.6
1126335270851305472,47243043,79734385,"If Harden is going to play this badly in the non-scoring department, it is going to be a rough night for Houston. Let us see if he is interested this half. [SEP] @aaronbruski Did Magic Johnson hack your account?",56.333333333333336,89.66666666666667
1125910023186595840,547837199,156737999,"So they tell me to take pain meds (which I hate) so I can keep moving (keep joint from getting stiff, keep up with PT, etc) which reduce pain. But, pain meds mean brain fog &amp; fatigue, so I sleep &amp; bumble when moving. Then I hurt more. This is not working. This is not pain control. [SEP] @GilmerHealthLaw do any of the non-narcs work for the pain you are having? if your providers are not helping, we can crowdsource! Moving is important, of course you know, but being foggy and tired is not good either. How can I/we help?",48.666666666666664,65.66666666666667
1125705446227087360,2580864243,1047278026030030848,GUYS I AM ABOUT TO STUDY FOR THE FIRST TIME IN A YEAR BE PROUD OF ME and also tell me to go study if you see me tweeting [SEP] @levitaet hi umm where do you go to school where you only need to study once and it is at the end of the year???,62.666666666666664,68.33333333333333
1125107844578258946,2471150767,826900313089114112,"A question for all you gardeners. Can anyone recommend a fast growing, evergreen, flowering, fragrant, climber that grows in shade? [SEP] @60Sparkle Maybushyitis for deep shade Borisupmyownarsis very deep shade or a Jeremyiumcuntablis good as bog plant but liable to rot during dry spells!#GardenersWorld",31.666666666666668,89.0
1124735665336463361,457661563,895648083178119168,"If you have friends or family on a psychiatric ward, NOW is the time to visit them - even for just a 20 minute visit to show your face &amp; check if they need anything. Weekends, especially long ones, can be really difficult for patients due to lack of senior staff &amp; supervision. [SEP] @Sectioned That is all very well but when it is at least a 5 hour round trip to visit it is not so easy. Esp if they might not see you when you get there. It is heart wrenching for rels too.",51.333333333333336,78.66666666666667
1123113634878459904,2655828758,732462239110701056,Chelsea needs to use some of that teen mom money and hire a damn nanny during the week because I am sick and tired of seeing poor Aubrey having to stress over those dang babies HER MOM CHOSE TO HAVE!! Stop being cheap #TeenMom2 [SEP] @RealityAshhole How old are you 12??? face with tears of joy rolling on the floor laughing face with tears of joy rolling on the floor laughing face with tears of joy rolling on the floor laughing,40.2,61.2
1122938862974775296,718794656935505920,24355959,Also you can buy alcohol and cigarettes at 18... Today I learned I need to be 25 to buy fabric glue... [SEP] @bat maisie Challenge 25 means that if you look younger than 25 they have to ID you. Regardless what it is for. There is no age restriction on glue unless the person selling it thinks you are a solvent abuser. Had to do a test on this at work last week....,41.333333333333336,80.0
1123216595503939584,820779482739048449,3024152562,What do I know? I am just a dumb bull. man shrugging [SEP] @RyanICNN Please do not . You post the same thing ( from here it can go up if ... or down if ... ) every couple of hours !!! face with tears of joy face with tears of joy face with tears of joy you have to be right from times to times lol :-),56.333333333333336,75.66666666666667
1121170629317865472,25307916,3111839324,"Real jobs I have had: 1. Chambermaid for a B&amp;B in a small NJ shore town 2. TV and phone rental in a hospital- definitely the worst job ever 3. Nonprofit development (membership, fulfillment, event planning, and direct mail) 4. Supermarket cashier 5. Travel agent [SEP] @dadamstowel Travel Agent... it is you are like a goddamn unicorn. Or dodo bird. Dodo bird is more accurate, unicorn sounds way better. unicorn winking face",81.0,69.0
1120772443424079872,1058222701461073920,1119720736954953728,"I know we all joke about it but I am seriously debating on making a ""this week on ED twitter"" thread where we just summarize all the drama that happens on a weekly basis — because let us face it — there is ALWAYS drama. [SEP] @parliamentkid It would be like gossip girl but sicker",55.0,67.33333333333333
1120265938140635141,990519882797191168,350361287,"Hey gents I do not have time for ""fun"" no strings attached, a body to play with or ass to bang when you are thirsty If you do not think I am a woman good enough to be loved&amp;appreciated ""in a relationship with you, stay the f* away frm my DM's I are not going to meet you anytime soon Tsek! [SEP] @LueTheFiddleR Ok I sense a lot of disappointment here thinking face However, i will wait for the thread couch and lamp",47.8,67.4
1118659777536700417,173959994,240474369,Cervelli is so annoyingly dramatic [SEP] @ytownwx That is the Italian side face with tears of joy,59.333333333333336,56.333333333333336
1118382718490955781,118881896,3041626500,"I lost a bunch of followers tonight and I am not upset. Culling the herd. [SEP] @Isuckatpicking I feel like some left not because of your political views, but because you are voicing them so loudly on a page you have made out to be witty and funny about a sport they all love.",37.6,73.8
1117960085844705283,819702524353609728,27258098,"I think, when people cry out for help...no matter how they do it, it is right to offer help... [SEP] @HoltonSharp You can only help to the extent of your capabilities. Some people ask for help that is impossible to deliver. You must be a Virgo.",26.0,72.6
1116723579863937025,137472360,1909765370,"The same people who call my film “propaganda” are the same ones who love every film put out by Michael Moore. #UnplannedMovie [SEP] @AbbyJohnson Just because something is propaganda does not mean it is bad; propaganda is simply defined as trying to persuade an audience of a specific point of view. In the case of Unplanned, it is a point of view that happens to be wholly inspiring and true.",74.33333333333333,51.0
1116131133740261377,825069084903665668,849919171,"6)while her hubby did the same to her. It was one of the most erotic experiences I have ever had. I will never forget her. We hope to see each other again someday. 1)Story Time - There was this time, the hubby and I were at a certain adult resort, and we decided to go to the Playroom one night. It was a open ceiling spa during the day and a dimly lit room filled with soft, sheet covered mattresses at night. (cont) https://t.co/8Vg1fNiFi5 [SEP] @en elle 4 Why no girl on girl oral? Exchange numbers? Keep in touch? Ever go further with another?",65.33333333333333,80.66666666666667
1115853962358546438,1229882438,1068798236,seeing #boywithluv stylized as #BWL is making me cringe. BWL is the abbreviation for Betriebswirtschaftslehre in German which is the subject of business administration / economics and it just brings back bad memories of my studies. see-no-evil monkey [SEP] @rappermanyoongi To be honest some of the students taking economics are kind of as*holes. I am sure you are the nice type though ^^,64.0,70.0
1115416113968439298,32522055,26385376,"No, I will not shut up about having diversity on the ticket If that is going to be a problem for you, I will understand if you unfollow and wish you well. I am passionate about it, too many qualified people of color, women, LGBTQ... It is what I would like to see as part of ticket [SEP] @Kris Sacrebleu Would not it be a cool thing to hear the candidates in a debate before we start picking the ticket?",7.666666666666667,93.0
1114483730293215232,2842498705,2784043626,(i have had wine at church and a sip of champagne at a family party once) [SEP] @epicliam64 haha i bet it was not real champagne probly sparkling wine haha poor man,50.0,64.0
1113131214922285057,32238490,1099403357540753408,"I absolutely love when men are trying to flirt with me (I despise flirting; leave me alone my god) in public space and I casually drop that I am almost 40 into the conversation and I can see the light drain from their eyes. I feel so warm &amp; cozy inside when that happens. smiling face with horns [SEP] @thetrudz Rejection is powerful. ""It feels good to hurt people.""-Ted Bundy",73.66666666666667,59.666666666666664
1111044596526710784,345714138,724385950927826944,"Goodnight. And no worries to married people but you do (a) feel sorry for us for no reason, and (b) try to set us up with others when, honestly we could not give a f***. Leave us be. [SEP] @philipnolan1 Ah do not paint us all with the one brush winking face I am too busy with my own world than try to mess with someone elses see-no-evil monkey And I definitely do not feel sorry for singletons (there are times when I am quite envious - such as having to share my bedroom for the rest of my life face with tears of joy )",73.66666666666667,72.33333333333333
1110751277514919938,531416329,1546815643,"So far mostly Broly in my team feels untouched. Going To have to investigate with M.Buu and overall toned down 21. On the other hand 17 changes are really good, Beerus as well so far. Time to lab for the upcoming week. [SEP] @Alioune85 Someone stated that 21 is actually top tier now...., were they being sarcastic?",40.333333333333336,53.666666666666664
1110163548708265985,769950989688406017,1105090369010745346,"Fill the void with bread [SEP] @TiredAidan Carbs will kill you. So, fill the void with foods Rich in fiber and nutrients, for a balanced diet and a better life^^",43.0,72.33333333333333
1109200368347549696,632329648,947486904018198529,GET YOUR CURRY OUT ENGLAND ITS TIME FOR RICE [SEP] @ CarltonCole9 You Are a absolute clown lad. No clue grinning face with sweat,33.333333333333336,69.33333333333333
1107769608357011457,824650962908372992,1095478037980868608,"Who do you relate to more? Who is more of a hit with the ladies face with tears of joy ? Who do you think is meaner? Who is the friendliest? I am down and sad, so let us do a fun thread. Going To involve Boruto, Asta, and Deku. Please interact! [SEP] @SharkBomb99 @alex62795 For this whole thread in general, have not seen Black Clover so I do not know Asta at all. Boruto is...Boruto(see Todd’s roast of him in one of WatchMojo’s Top 10s about dad problems I think), and Deku is amazing...helps that apparently his attitude and all is based off Spider-Man",72.6,56.0
1107747327417245696,1870044535,951102896346681344,"Dear Men of Tinder, We do not want to see your pale butts in the middle of nature. It is borderline traumatic and I think I have seen it 100 times. No one wants to see you naked. Omg [SEP] @TaelurAlexis Is not it their body their choice type situation?",53.666666666666664,56.666666666666664
1106638371940646912,594328885,140459103,"I just sent out some queries. I also just cried, shuddered, sighed, tipped my hat to the oxford comma, and almost hit the delete button at the same time. #amquerying #amcrying [SEP] @stephanjhahn No doubt about it, this is the scary part. But think of how far you have come. You seem pretty young, so I see great things in your future",30.0,63.0
1105981568844218369,2293045572,3394301085,"Serious question, I am getting a deep clean on some teeth tomorrow and they will be giving me some novocaine but would it be against the rules to get stupidly high beforehand? [SEP] @ leecmorgan You probably got a drug problem if you even have to ask that.",37.666666666666664,82.33333333333333
1105588059041484801,18337740,999323144803487749,"It is a lot of white guys that think they are smarter than Nancy Pelosi. [SEP] @CandiceAiston Charles Blow, Oliver Willis.",55.4,77.6
1105617991247507457,896745653669433346,813529081975181312,"Are you ready for #SDLive...Nah nah nah nah...I said, ARE YOU READY FOR SMACKDOWN LIVE?! Come on, you all can be louder than that! I SAID, ARE YOU READY for Smackdown LIVE, the A-show?! Oohhhhhh Let us get ready to LAY THE Smackdownnnnnnnnn, right here in Dayton, Ohio! [SEP] @WWETheAlexander face with tears of joy face with tears of joy who are you talking to ?",43.0,52.666666666666664
1105509911448952837,159301726,837882129887322112,"If the NHL wants me to believe it is interested in progress, the first thing it can do is get rid of Colin Campbell. [SEP] @MGeschwind Are you implying you do not believe in the findings of the investigation? To be clear, I totally agree with the issues of keeping him around, but I think that is separate from what happened yesterday / today.",37.2,66.4
1104482827867967488,1969665127,177219665,"I will follow back a few who get it right sparkling heart folded hands medium-light skin tone warning red exclamation mark PREDICTION THREAD red exclamation mark warning WHO DO YOU THINK WILL WIN CWL FORT WORTH face with steam from nose 1st: ..... 2nd: ..... 3rd: .... [SEP] @KeviSkillz Fishing for likes and replies, I expected better from you",56.666666666666664,94.0
1104074624076312586,2978319332,275793739,"Here Is a question for all of you #dolphins fans, how woulf you want to go about addressing the offensive line? Draft or young free agents then supplement with draft? I Am curious [SEP] @DolfansVoice Relax, we are rebuilding....inside out.",32.666666666666664,69.33333333333333
1103682589758500864,40739391,962254926016602112,We ooh is today #pitmad? GOOD LUCK EVERYONE!! [SEP] @PennaFischer The pitmad crew are asking that you please not use the tag unless you are actually pitching...pretty please ;) It is bogging down the feed and upsetting the agents.,60.333333333333336,68.0
1103742948888453120,492698739,808731544802258944,Pranked Jesus one time by inviting him snorkeling. He was stuck walking on water while I was having fun. [SEP] @ABongiovi do you come up with these jokes all by yourself,51.0,82.66666666666667
1102962808516419584,572240095,938747308656791552,"Find someone who loves the real you and says beautiful things like, “it is cute when you are pms’ing and try to stab me” and “damn girl, you are sexy when you cannot breathe after eating seven tacos.” [SEP] @Love bug1016 Time to review your meds thinking face",69.66666666666667,80.66666666666667
1101298387570315264,73323875,74556279,"You know it is a big night when, instead of watching my usual Grey’s Anatomy episode, I am glued to CPAC. #SNCLavelin [SEP] @KelseyMcEwen You do not watch the Weather Network? Seriously!",50.333333333333336,61.0
1099787730035200000,605261661,1046905498627276800,"So, I am curious. How do #Mormon folks feel about people outside the church who do genealogy? #LDS #twitterstake #genealogy #deznat I have just never heard any opinions about it and I would like to see what you all have to say. grinning face [SEP] @prettydeadlady I think it is cool. I do wonder where the motivation comes from though. Is it just cool stories? Is there more to it?",71.33333333333333,65.66666666666667
1098824056185516032,937769684,2258355409,"There are guys who still call Android cheap #PreOrderGalaxyS10 [SEP] @Salomelugard Cheap is not about features, its brand, a well established brand with a rich history of reliability in its segment. 62% of Smartphone profits are won by Apple with Samsung getting a thin 17% slice. I use Android but boy, Apple inc. is light years ahead of Android. Will always be.",66.66666666666667,57.333333333333336
1098716547269435393,2338811370,104740468,Greater love hath no Twitter hack - that she tunes into #bbcqt ! The sacrifice - the sacrifice ! But I am a martyr to the because ! [SEP] @Hepworthclare No oxygen for bbcqt @Hepworthclare...it really does not warrant your attention.,71.33333333333333,65.33333333333333
1095052443195531264,111970271,1089746704516079617,"Do I think black people are sensitive about anything we see with a black face and red lips, YES. Bcuz we have PTSD. It is a trigger for us, whether it was intended to be racial or not. That is not our fault though, so stop telling black people how to feel. [SEP] @TweetSuave Oh my gosh crying face crying face did people in combat wear black face when you were fighting them?",61.666666666666664,93.33333333333333
1094788655296774144,910055880510582785,1074567449998213120,whole gmmtv must be regretting they exposed their whole self yesterday [SEP] @4vanner I think not. It seems that they are having the time of their lives. They are enjoying it. And it is quite obvious that they are proud of what they are doing. smiling face with smiling eyes,12.0,59.0
1094621583761698816,822802577888866308,2881834023,i made my bf a playlist of brockhampton songs n sent him it n then he just went and made his own. what a snake [SEP] @fukitmaskoff I listened to it lots that got me into brockhampton then I went n listened to the albums n there was songs I liked that were not in urs so I made my own man shrugging light skin tone,27.333333333333332,90.33333333333333
1093892501105201152,107222462,910901741784387584,"Told my Boss that i‘m Going to a Demonstration tomorrow in Berlin for the catalan Prisoners and he Said to me: Woman, what are you doing, you should Support german People .... nice answer, i am shoked [SEP] @Sofalein Support people who is not German means to go against them..?!?!? Well explain that neofascism is expanding a cross UE and once again could arrive in Germany to him..or maybe he knows and agrees..who knows..",37.333333333333336,80.33333333333333
1093362138394124293,178880676,1462235676,"Ummm I literally need a break. It is only been 1 week of genetics lecture and I just want to run away and never come back. I am trying to study meiosis college version then boom I have 2 quizzes due, work at 8 am, a paper, a reflection essay. Where is the break??? [SEP] @Ronkeosas Hey girl, hmu for help. Kfb:)",74.0,75.66666666666667
1093253276248748032,2703580879,246468982,"very tired of always being on someone else's time. not being able to go places I need to until someone else can take me. living in the middle of nowhere, ubers are expensive af. just done with my epilepsy to be honest fuck it fuck it fuck it it is such a fucking bitch /rant [SEP] @mackenseize When they bring in self driving cars ull be sweet yeah?",56.666666666666664,68.66666666666667
1093162967665991680,1026085254,414019467,"With the way things are going, I am going to get sold on this app. I am worried. [SEP] @Onyinye xx Lol... YOU should not be naa if the price is right",48.333333333333336,67.33333333333333
1093066665594507271,269260736,24123434,I Am getting to the pointy end of the week when I told myself I would decide whether or not to piss off from here. It might well be time; it is fun but it is also hurtful and confusing. [SEP] @spooky girl I only like it for work stuff.,57.666666666666664,80.33333333333333
1092875387418394624,2338811370,4915672559,"A wonderful profusion of snowdrops in my garden. How beautiful they are - almost ethereal - against the ravages of winter snow hail and rain -their delicacy &amp; fragility can withstand the harshest weather and the coldest earth. A metaphor for the human spirit ? [SEP] @Hepworthclare @VictorK43995989 No, sadly. Most people die outside in winter cold.",64.66666666666667,82.66666666666667
1091652491643703298,771890994,951777353331609601,"(Info some Doctor Who Fans might not know) Doctor Who Series 3 had a 2 week break in between broadcast of The Lazarus Experiment and 42. #DoctorWho [SEP] @WhovianLife I think we all knew that, same with unicorn and the wasp and silence in the library, we had a break then too!",39.666666666666664,65.0
1089849440377155584,1394186641,835380780683640832,"Um can we please skip 2019 already? Shittest year ever [SEP] @Snazzy Ed Sorry its like that for you,but it would I will not see Ed... sad but relieved face",58.0,66.0
1089315620665974784,1539858278,794383505425858561,"Which book would you recommend readers start with if they have never read my stuff? [SEP] @PenDouglas I think Bully need more time to be edited, when you take your time like corrupt and hideaway it turns out wonderful",31.8,76.8
1088018892113567745,2501999100,148422322,"you’on call and check on me, ian gone call and check on you... idc who you is. woman shrugging medium skin tone [SEP] @ronekiaa It is too late at night for all that hostility. Bust you a nut and go to bed lol",56.666666666666664,49.666666666666664
1086759748005974017,1512239004,2559374024,I need cock socks [SEP] @Mattresss no homo though right? thinking face,50.0,67.66666666666667
1084998713800482816,159855064,1083817439056535561,"what is the most aggressively relaxing music i can listen to right now [SEP] @someofmybest When I need to relax I grind meat, it just tastes better when meat is ground fresh!!",47.666666666666664,79.0
1082691616484347904,959538365753421827,1081198502863093761,I just ate raw tomatoes on my vegan burger deal with it [SEP] @ghostlypjm YOU vegan people's lives suck sorry for dat,59.28,69.28
1082678501679878145,107664962,2154556465,"Once someone told me that there is one good thing about him is “He goes to the temple everyday.” thinking face By this parameter, I am quite a bad person. disappointed face [SEP] @Hema quotes Better to rephrase, as going to Prayers everyday.!!! Can avoid generalizations.",52.666666666666664,47.666666666666664
1081613011511578626,857720932147892224,1041766898185121792,rt if you stan: Sabrina Carpenter Why Do not We Jonah Marais Daniel Seavey Corbyn Besson Zach Herron Jack Avery 5SOS The Vamps New Hope Club reply with which ones!!! [SEP] @prfctlybesson Where is Shawn Mendes :( thinking face,58.333333333333336,69.0
1081102760995622912,1666671360,181320382,I am really a know it all and I am learning not to take offense to suggestions and advice. Because the need to be advised makes me feel inadequate. It is something that requires work and healing. [SEP] @areybiah Know that you really know nothing at all &amp; you will be aight,54.0,53.666666666666664
1080774838569046022,3323506872,1533510746,I prefer jeans over tights.!! [SEP] @ThandiLife Jo dil chaha pehno kon rok raha ha. But it should reflect modesty.,33.333333333333336,67.33333333333333
1080451789143588864,3085970132,1072316353984544769,"My PM docs advise to me: Do not worry you will only have to suffer 4 more years then the rapture is coming! How about now? I give up! #ScreamLouder #SuicideDue2Pain #OpioidHysteria [SEP] @StaceyF62 Amen! Come Lord Jesus! End of pain, end of suffering!",55.0,68.0
1079485614926516227,2540885759,735560478492119040,i want to buy a typewriter but i do not know the first thing about typewriters [SEP] @ItsJustHedy You have a sister to ask,63.333333333333336,74.66666666666667
1078466132221272065,23410776,916629859245453313,"Re: last RT. I have systemic lupus, Graves Disease, chronic migraines and anemia. I do not talk about living with chronic diseases more often because I get so annoyed with how people react/preach/pity in response &amp; how they treat health as a virtue... [SEP] @imaniperry What about your diet? Food is medicine. Try vegan",59.0,100.0
1078072581712941057,57827262,42262673,Damn I am really out of weed and I are not been with my son for 5 days. What. Is. Life. [SEP] @Naes Insanity I feel like you are having a bad week.... hope it gets better! Lol,74.0,49.333333333333336
1077832611786043392,30395567,71165734,"A fear of being assaulted based on a 20% risk prevalence, an extreme risk severity level, and a lack of reasonable mitigation alternatives is not “hyperbolic,” nor is it “prejudiced” or “biased.” Fear is fear. Direct your outrage at the ongoing predation, not the prey. [SEP] @emrazz I am old... so I am starting to worry about you. Should you get some rest? I mean, all the same assholes will be here tomorrow spouting all the same crapola.",58.0,81.0
1077013861251903488,774875665,1585751180,I am doing next Christmas topless let us see them misgender me with TIDDIES [SEP] @bunniplus I am too lazy to misgender... *pat pat*,53.666666666666664,74.33333333333333
1076534611495268352,2762471503,33831438,that new United manager is kind of cute #mufc [SEP] @iamanascott He is legend of the club. He used to be call baby face assassin.,47.333333333333336,70.33333333333333
1075786598225080320,37142162,88568508,it is hard being an athlete we are not supposed to do anything but take whatever circumstance given to us and just play for you all entertainment huh? [SEP] @6BONECRUSHER3 False. You play for the love of the game bro,67.33333333333333,56.333333333333336
1075562446943748096,3194848782,343012681,"just want to report that I was able to get Analea to nap for almost 2 hours, swaddled up in her crib. will I sleep tonight? who knows. stay tuned [SEP] @brianna sf How do you pronounce her name?! Like Anna Leah? That is so pretty smiling face with smiling eyes",18.0,98.66666666666667
1073979104331030533,1065637806251347973,975414016154759169,I cannot believe my parents did not let me go to UNO [SEP] @HannahJ03688832 Oh because you would still be in school if they did?,76.0,79.0
1073672382555062279,514821807,27300059,I am giving my 6 year old niece a shit ton of roman and ancient Egyptian playmobil and 4 books on Egyptian and Roman history for kids for Christmas. She is going to be so disappointed and be like “wtf I am a girl” but I am determined for someone else in this family to like history [SEP] @catmancatman864 To Be Honest if you want her to like history get her fun history to learn. I did not become interested in history until I branched away from that stuff,39.333333333333336,89.66666666666667
1072584572842446849,4433639723,1042446012453859328,"To date me: 1) have your own job 2) have your own car 3) have a valid driver's license 4) have your own place to live 5) have all of your teeth 6) have no addictions 7) have a mostly clean record 8) be attractive to me 9) live within 2hrs of me 10) BE SINGLE [SEP] @breeinthestee To date me, you have to have pretty face, slender body, great tits, and able to understand and discuss Quantum Mechanics...",61.333333333333336,59.666666666666664
1072270602285826048,2666122318,2469881840,"I am hungy [SEP] @ConnerAJ2 Hi hungry, I am Megan.",52.333333333333336,87.33333333333333
1071833257191325696,29222939,102572146,"what do brown women do for fun? [SEP] @SalmanNaseer Go on a rishta parade, and find a potential daughter in law for their pampered sons.",69.0,64.33333333333333
1071355073534615552,105846313,76356778,It is 11.45 and I have already been misgendered. I should have stayed home :) [SEP] @PointyHux I know it is annoying but people cannot know from the start. You should approach your teachers before class and clarify it from the start. It is really helpful. ♡,54.0,75.0
1071368963001671680,557083215,382837879,"You either practice Christianity or African religion. You cannot mix the two. [SEP] @TJRMakhetha What is African religion, if I may ask?",43.333333333333336,63.0
1063635588627263488,239631118,2931244675,"Can anyone recommend a Twitch team or community that is ACTUALLY supportive and not just a ploy to get you to advertise for them and join their overcrowded discord server of people just trying to get followers for affiliate? Because everyone I have joined has been...not great. [SEP] @Kenzikins1337 Hey Ken waving hand My community values being supportive and kind, as well as enjoying entertaining game play/chats. I am currently a small streamer. So all I am looking for are viewers who are looking to become family open hands Come have a look and chat if you are interested. I am currently live smiling face with smiling eyes",58.333333333333336,55.0
1067566355845705728,1009616454218592256,3557520622,me and my best pals all have PAWSA tickets for £2 and I have never been so happy [SEP] @jxnnnb “Best pals” thinking face face with monocle,54.0,67.66666666666667
1067501592335679488,50244002,430127541,I think I am hilarious irl but no one understands my humour. [SEP] @sugar fr33 By The Way. It can be worse. I was hated by everyone in inpatient treatment that I had to go. I am making jokes I think are funny. But offended other people.,70.33333333333333,77.33333333333333
1064882956009824256,1005208790961217537,282401696,"I have seen alot of buddies were like..arguing which is the best and which is the worst of gfriend. The reality is, there is no such thing as 'gfriends worst song'. I Am Going To new buddy, i have listened to their songs from 2015 until 2018. All of their songs are good. [SEP] @OhMuJi989898 Agreed! Yeah, why? Sigh.",40.666666666666664,83.0
1064161860344147969,1038220075973505025,1019948877846376449,//meep sorry i was not here for a while I am on a trip star-struck ill be gone today too~ [SEP] @bunbunyoung96 [[ you need a real life social life too — sounds weird but yeah enjoy!!! ]],50.333333333333336,84.66666666666667
1064134454384435200,17579431,32332988,Finally been forced to new Gmail layout. Gone from seeing 20+ emails in one screen to just 7. There was a time when you could trust Google not to make such stupid decisions. [SEP] @spignal Humans hate change. Specially as they get older. Sometimes I often wonder if they hatred for change makes them older.,49.0,66.66666666666667
1062623737244278785,19420925,615638518,"Jeez, listening to TalkSport’s cricket commentary I am almost glad I was not in the country to hear any of last week. Bring back TMS!! It sounds like the journalistic equivalent of the Mirror taking over from the Telegraph [SEP] @TheExiledRobin Do not be so precious. It is not so bad.",33.333333333333336,76.0
1057269872680452097,105353526,1038525770421993475,"My analysis has not changed much. Yes, the market and certain stocks are oversold and a technical bounce or snap-back rally could occur on any day. But downside risk and volatility risk remain very high. Until we see signs of capitulation, I am staying 100% in cash. [SEP] @markminervini So you are saying their is potential for either a huge bounce or more action to the downside? Hmmm thinking face face with tears of joy",68.0,87.33333333333333
1052876302380920832,5892802,15960585,"It is always hard when people who knew my family when I was growing up read my book. I talk about the violence in our home, and there is a part of me that wants to keep the unsullied myth of my father as a charming, brilliant man alive. [SEP] @CarolHoward I am struggling to understand (and hold onto) the idea that your father could be both. A charming, brilliant man AND an abusive, broken man.",40.666666666666664,96.0
1052306892595159040,1571454061,350333810,"Gave my license to a lady for ID today. Thanked me for being an organ donor. I said, ""Well, that will be coming off."" W/o even asking ""why,"" she lit into me like a drill Sargent. Got a lecture about selfishness &amp; ignorance. Did not say a word back. person shrugging #CML #Leukemia #CancerSucks [SEP] @tuszyb You missed a great chance to educate an ignorant person. Telling her the reason might have made her rethink her self-righteous attitude.",46.666666666666664,55.666666666666664
1051888242725937153,48762460,412785239,"I am probably going to watch #theconnors for entertainment reporter purposes, but I am not that excited. I skipped the #roseanne reboot because it was so aggressively marketed at ""families just like us"" which meant...not mine. But curious. What say you? [SEP] @LeslieStreeter As a reporter, I think you should skip it, since it sounds like you pretty much already made up your mind before you have seen it. And as far as not watching because it is not a family like yours, does that mean I should stop watching Blackish because they do not represent my family?",30.4,76.2
1051008860901666816,1158387829,539786954,Wrote my car off n almost DIED on the way to work this morning but am that skint am asking them if I can go in for a half day hahahaha someone give me a lift :) [SEP] @chloeMetcalfe14 Am sorry that it is pretty weird but if You are ever that skint You are so hot i would pay You for Your old worn tights,26.333333333333332,83.33333333333333
1050840524373020672,487072852,784700258,"Like I know I have said this before but in what universe is your school bag more important and more deserving of a seat than a human being who is had just as long or longer of day than you, you inconsiderate waste of space. [SEP] @ChelseaCoull10 i mean, it is only you... if it was someone who was a big deal i would get it. fucken chill",68.33333333333333,74.66666666666667
1049713069822230528,614879663,2872759256,"Why is it I can give my friends like deep ass emotional help but when it comes to my own shit, I do not know what to dooooo? [SEP] @Mothladders It is mainly a theory, but since you are like a mother figure to your friends and have been through it all. You have solutions for them and know what to do, but you end up draining yourself in the process. I also think that do not want to bother your friends",69.33333333333333,50.0
1049341712387039232,994705822776115200,1033385283515863040,"2 mistakes parents of teenaged kids only make once: 1. Not knocking before entering the boy's room... or ANY room in which he is alone for any amount of time. Do not risk it. 2. Asking your girl if she is on her period, even if it is just to help... NEVER ASK! [SEP] @DadFiction You do not ask ANY girl if she is on her period. Just get her a damn snickers and agree. (Yes that is seriously all I want, do not talk to me about my body damnit!)",46.666666666666664,45.0
1048002045649805312,993738031,137787467,Some weird guy at this bar. Told him I was headed back to work and instead went across the street to a different restaurant. 10 minutes later “is this seat take?” Fack. Caught. Also ew. [SEP] @CriminelleLaw You all are doing it wrong. Why do you even feel the need to respond to creeps? Why were you the one to leave?,62.666666666666664,47.333333333333336
1046959355709599749,27799202,2422725272,"Considering the unsubstantiated, in most cases utterly refuted, slime thrown at Kavanaugh during his SCOTUS confirmation, imagine what filth will be thrown at the NEXT Trump nominee, likely a woman? These character assassinations are but a harbinger. [SEP] @DL1651 Start banking prayers right now.",68.33333333333333,49.0
1046920392315719681,790214259892445189,4103182875,"So there is a guy checking me out, but I am here with my husband. Should I flirt or no? I cannot get away with fucking him...I do not think... [SEP] @Kim In Public Why will not hubby let you fuck him?",78.0,48.333333333333336
1046607372502880257,431250489,931127941,"Settling a debate with my roommate, which high school musical was the best? [SEP] @mekayyyla Neva knew kollege was so boring",66.0,77.33333333333333
1046262954256007169,1292361,771304237276000256,I would also like to add that we are all sober. We are just acting silly because we have been up since 6 am (or earlier) #NeverForgetTheCalculator #MINECON #DontGoJeisonWaterfalls [SEP] @HelenAngel So waking up at 6 am is lot a for you? I have to wake up at 5 am everyday to go to school for freaking 6 days a week!!,36.0,46.333333333333336
1046289703446536193,352440453,3046893961,I would like to see more tweets about empowering women than tweets about agdq [SEP] @bichphuongballz Girls can do agdq too... They are allowed.,47.0,46.0
1045121764055953408,850538369855520770,74093164,You know that feeling when you want to officially stan a group but you do not want anything to do with their fandom because it is messy and toxic af [SEP] @dncingmchine You think twice Fandom is toxic? Sorry I just started being active on Twitter a few days ago. What I noticed is that there is some tzuyu stans and other members stans fighting. And ofcourse the non ending haters. Are there more I have not explored?,58.333333333333336,75.66666666666667
1043250879720116224,631800264,1023644221968986113,I have an irrational fear of typing my google search onto twitter weary face [SEP] @sssniperwolf Why r you afraid porn will post?,51.4,72.8
1042018261271838720,76340260,2580834025,"Really struggling with the decision to upgrade my digital SLR camera to a much better model or if I am just not good enough to follow this path. I have not shot anything in 12 months thanks to anxiety and the whole ‘tortured artist’ mentality I have. [SEP] @Maximushaydos You thinking about picking up the $47,000 hasselblad h6d 400c?",24.666666666666668,82.33333333333333
1040466518126014464,19245279,797195905,"Once when I was prego I had severe bronchitis. Doctor 1 asked, ""Are you sure it is not allergies?"" If I had not been mostly dead I would have been angry. I left. Doctor 2 said, ""if you would come in tomorrow I would be hospitalizing you."" Doctor 1 got fired. #BadThingsForADoctorToSay [SEP] @JennMGreenberg I am confused by this. I do not mean to sound ignorant, but I have never been in this situation.",68.0,66.0
1039517547891056641,298898914,714895129,"Torn between wanting to be a strong, independent woman and wanting to be taken care of. [SEP] @Sweetonme81 You can be both, you just have to give in &amp; satisfy you &amp; your mates needs when needed. Being independent does not mean being a bitch. Besides, you are to nice looking not to have yourself a good looking man.",53.333333333333336,65.0
1038895959189667843,2871117208,2454710761,"I will just fucking say it. These videos convincing children they are invisible make me uncomfortable and I do not find them funny. These are impressionable young children who for brief moments feel as though they have truly disappeared. Their tears are real and traumatic. Stop. [SEP] @Vandipitty Really? You can say those things while there are children all over the world who may not even have a loving family to pull pranks on them. I am pretty sure they explain to the ‘invisible’ kids how they pulled it off &amp; in a few years, it will be a funny story to tell, not a trauma",73.0,70.0
1037352032020115456,59642301,148095699,"My life is exactly like Crazy Rich Asians. Except my boyfriend &amp; I are poor white folks. And his parents like me. But, like, I totally walked in a puddle once and looked great doing it. [SEP] @xLiserx Fake news.....they only tolerate you winking face",55.333333333333336,80.66666666666667
1036014046254956546,1452817880,131920952,So an eBay seller sold me a plush they claimed was “new” just missing the plastic bag it was in. It came missing tags and covered in pet hair with human hair mixed in. Do I now try to get a refund? [SEP] @halffishharuka Your first mistake was eBay to be honest.,68.66666666666667,53.333333333333336
1034844727550533632,26177528,415291144,"Not sure why people are so surprised, or upset, that Louis CK is doing stand up again. If you do not like it, I would suggest not going to his show. PS being okay w/ him going back to work in no way excuses what he did. Not sure why it has to be one or the other. [SEP] @joshwolfcomedy In an ideal world, I would like it if sexual predators were not allowed to regain their fame and fortune but who the fuck cares about women or what they think or what happens to their mental health or careers, amirite? Ha! Comedy!",34.333333333333336,40.333333333333336
1032928893928321024,3771194179,118867829,"can yoongi just confirm that jimin did the background vocals for seesaw already? this will keep me awake the whole night [SEP] @ulttkmin It was ADORA, one of the producers in BigHit.",53.0,38.666666666666664
1030551927401205760,1006931575697821696,999788034491994112,Cannot deal with selfish people constantly thinking about them selfs rather than other people weary face bye x [SEP] @MillieMorrisonn @meganmcgee Now I am just constantly thinking about grammar selfs vs selves lol,69.33333333333333,67.0
1030531976791502848,358491473,2203582476,zzz ＜⌒／ヽ-､ ＿ ／＜ /＿＿＿＿／ ￣￣￣￣￣￣￣ ∧ ∧ ( ･ω･) Good morning ＿| ⊃／(＿＿ ／ └-(＿＿＿ ／ ￣￣￣￣￣￣￣ ＿ ／／＿＿＿＿＿／ ￣￣￣￣￣￣￣ [SEP] @Heplooner This was posted at 3 PM Is that the joke?,47.666666666666664,62.0
1030105700373078016,591043334,890552119333462017,"I get way too sensitive when I get attached to someone. I can detect the slightest change in the tone of their voice, and suddenly I am spending all day trying to figure out what I did wrong. This is me. [SEP] @itsasimameer Guys do that too? I did not know",52.666666666666664,72.33333333333333
1028274114165911553,2319062221,172121290,"Excuse me, in A New Hope, Obi-Wan clearly says that Luke’s father is dead, but in The Empire strikes back, Darth Vader says that HE Is Luke’s father. I sure hope somebody got fired for THAT screwup. [SEP] @MagsVisaggs Exhibit One in ""Characters Do Not Always Tell the Truth"". Not every word that comes out of a character's mouth is gospel. Sometimes they lie, sometimes they just remember wrong.",40.2,81.8
1027351184321982464,2512753111,3307543119,I beat musical notes I beat musical note 7 days a week sweat droplets man dancing light skin tone man dancing light skin tone man dancing light skin tone [SEP] @WoahKota You must be really bored huh,42.333333333333336,98.33333333333333
1022547635897597952,304596000,198461761,"A man who works at our local waste site told my five year old he should not be wearing nail varnish because “it is for girls”. Fuck off mate and take your outdated gender norms with you. #feminist [SEP] @Schnaffalopagus I feel he should not be wearing anyway, not because of his gender but because of his age.",67.33333333333333,73.66666666666667
1026158904705785856,2363646728,1022552980422307841,"Some of my followers are so f’ing stupid. [SEP] @NYYwyldcat Relax princess , do not mind those stupid followers, they just jealous because you are a very BEAUTIFUL SMART LADY.....",67.0,61.0
1026047462509879296,344263906,332258646,I find cooking so therapeutic [SEP] @shazBarney You can cook? see-no-evil monkey raising hands medium skin tone,67.66666666666667,74.66666666666667
1025611206252535808,2322098793,6449282,"#JetBlue captain still not here and I m out of medication for my son. He just finished his chemo. Do you take any responsibility [SEP] @PSejra We are very sorry to hear this. We are doing all we can to get your flight out. If you need to cancel your flight to get medicine for your son, we can refund the flight. Please let us know if there is anything else we can do for your son.",81.33333333333333,83.33333333333333
1019689526128672774,215437923,811748708996042752,You ever go to buy a car or house and realize you are not learn shit in school? [SEP] @PhattiLabelle We tried to school you all. No but you all know everything. I said that with much love for you young one's you will be alright.,44.0,65.33333333333333
1017058590996254720,1194984822,4880316537,"We are going to see $5,000 and $60,000. So $5,000, we pretty much hit it, so let us see if we can do the $60,000. I am still quite confident Hosp says extremely positive news on Bitcoin or a “massive event” such as an announcement of a Bitcoin ETF TenX Co Founder [SEP] @JWilliamsFstmed and the poor college kid that now can drive a lamborghini. that is a beautiful story. brought a tear to our eyes over here",37.666666666666664,46.333333333333336
1015976651195330560,2898264375,331243341,"Romance Twitter does not talk enough about how great a writer Meredith Duran is. Enormous talent, gorgeous words, so smart. That is a recommendation for The Sins of Lord Lockwood, by the way. And I never recommend anything, so there ya go. [SEP] @EKingstonBooks Who in Romancelandia does not know about Duran? She is a RITA winner.",52.666666666666664,46.0
1015995090903367680,263453097,381088115,You all think body count matters nowadays? LMFAOOOOOOO [SEP] @TotaLeeTatted It will when you fucking with someone and catch that pack unamused face but I am not even sure why someone would not even want someone who everyone have not smashed yet. This generation so weird and fucked up,59.666666666666664,65.0
1013615517502861312,387450674,471683498,"I do not think that team is going to welcome him. His moon is in the 11th house -this rules groups and Saturn is squaring it from the 7th-the house of partnerships I think he will feel isolated and alone on that team-let us revisit this in basketball season [SEP] @starsmoonandsun face with tears of joy Wait..Do you mean LeBron? He is getting $154 MILLION - if he starts to feel isolated, I am sure he can buy himself some company, or some fans, or a small country ! face with tears of joy",26.0,95.66666666666667
1012412011190407168,205763488,1479678912,"Really good beer, in fact. Some of this weekends highlights include... @RoostersBrewCo Anything Gose @fourpurebrewing Easy Peeler @marblebrewers Full Guard &amp; De La Riva @AlmastyBrewCo IPA @brewyorkbeer X Panda With the ‘Great Gas Shortage of 2018’ really hitting home we have been working hard to come up with solutions and we are pleased to say; WE WILL BE SELLING BEER THIS WEEKEND thumbs up beer mug grinning face [SEP] @TheFreeTradeInn @RoostersBrewCo @fourpurebrewing @marblebrewers @AlmastyBrewCo @brewyorkbeer Do not believe the media hype that ""Wetherspoons runs out of beer during World Cup amid CO2 shortage"". It is only John Smiths they have run out of. I have more beer in my morning wazz.",56.333333333333336,45.333333333333336
1012491680782512128,19477772,332355713,"To be clear, Erik Kratz would DESTROY Joey Votto to the extent that the Reds would have to void his contract and induct him into the team Hall of Fame next year as his career had ended. [SEP] @HOF for Charlie ""Yeah but my Dad could beat up your Dad."" solid take Charlie...",46.0,52.333333333333336
1011638707332505600,31498482,3093855721,"Just knocked my 12 yr old son out of the way in the queue for the bus so I could get on before him as there was 4, I repeat 4 seagulls swooping too low for my liking, so I freaked out! he is looking at me in disgust unamused face see-no-evil monkey I am not even sorry, #topparentaward #IRegretNothing weary face see-no-evil monkey face with tears of joy [SEP] @kitkat000 Oh you are a bad mum ,I bet all the people in the queue found it funny #ybf but not good for your boy, hope he is ok now?",53.333333333333336,61.666666666666664
1009414490901757952,748445544192741378,421931279,it is 6 am and I am making cinnamon rolls Late night snack? Breakfast?? The world will never know [SEP] @LilyAdamsXo Lame people who try to be funny make me cringe persevering face,78.66666666666667,90.0
1008373013992046592,791554858558058497,987969542738599936,A lot of people dislike Starbucks but I must say it is a life saving option when looking for a plays that offers non-diary milk sometimes [SEP] @valalapla Plays.... diary????,47.0,68.2
1008519424930992128,104247062,455612356,"How are you all boating, tanning, beaching, and doing fun shit everyday during the weekdays?? Do you not work? What responsibilities do you have? How do you pay your bills? Are you willing to pay mine??? Lmk [SEP] @krushedit It is called a day off retard",38.333333333333336,97.33333333333333
1008400217132056577,97630538,2201355116,"It is 10:22 am on Father's Day and I am meeting my dad at 2 pm. I still have not gotten him a present. Ideas? It is easier for me to shop for Mom because I am a mini her. Starbucks, books, and one TV channel to obsess over. But Dad is his own person. [SEP] @amandaswhitt What habit of his are you most loath to enable? Enable it this day only?",74.66666666666667,72.0
1007383498720727041,3432784893,2766749741,"Hard, horny and playing with my cock again eggplant oncoming fist light skin tone sweat droplets sweat droplets sweat droplets sweat droplets [SEP] @hotcock83 Are you going to let me see?",41.333333333333336,52.0
1006832155475959808,2983527660,215923455,i will never be the same again [SEP] @ssanjjaa So you will be real now and will not fake it ??,62.666666666666664,49.333333333333336
1005181059426865152,392443835,945994408247414784,"This year, my 23rd year on this earth, gives me yet another first in my life. I just threw up blood for the first time. If you need to reach me, I will be hunched over a computer putting the finishing touches on my will. None of you can have my new bits, but my album is fair game. [SEP] @DanLaMorte That is awful. And you are a lot younger than I initially thought, I have to say.",44.0,86.0
1003459304979095552,2827952571,1158465462,"People going out of their way to piss me off when I am depressed. That just figures. [SEP] @tim henke Hang in there, Tim!",55.333333333333336,54.0
1004159951932190720,2916952261,1002386881366188032,Its ALL inclusive #ImproveAnythingIn3Words [SEP] @PuiaMaae What is All Included?,52.0,83.66666666666667
1001098309166157825,133913092,30987581,If I start telling these niggas girlfriends shit then I will be “messy” [SEP] @2necklacez Duhh you sound messy even thinking this,57.0,43.666666666666664
1000268670440898566,271789472,3009638262,"Actually so stoked with our win today. Caddy is incredible, Rance is so reliable, and Vlaustin is my idol. Feels good to be back the ‘G #AFLTigersSaints #GOTIGES [SEP] @karamichelle93 *Vlastuin winking face . Did you see that video from last year when Grigg's little guy drew all over his arms and legs, and was telling his mum he was Dusty? SO cute!",53.666666666666664,61.333333333333336
997602970408837120,2437716931,957762219663613953,"Yo what I must have been under a damn tectonic plate. The new Anderson .Paak track is too good, does he have any albums/mixtapes worth looking into? [SEP] @Bri4nF Do not know how much you are into instrumentals, but Nujabes is hands down the best artist to me. Got To have them in the background on stream man, it will keep ya calm at all times.",57.0,86.33333333333333
997202520576536582,348631421,2392877145,The reason wypipo call the police on black people is because they think we are supposed to do what they tell us to do. True or False? [SEP] @bigtoris81 Who is 'us'?,42.333333333333336,83.33333333333333
996461012202196992,2982098061,73672135,i could not sleep after reading the interviews about s4 of lucifer and how they sounded like everything we had been waiting for re: chloe/deckerstar. it sounds dumb but i feel like crying thinking about how we were going to get all we wanted &amp; it was ripped away like this #savelucifer [SEP] @luzifersgf We cannot lose hope yet hun!!! This is the time for us #lucifans and #deckerstar fans to be stronger than ever #savelucifer,60.333333333333336,67.0
993965871549661185,17667742,2759590686,"To everyone who said, ""Yeah, but Hillary will be a hawk,"" I want you to know I have procured a hawk. I have named her Hillary. And I am training her to peck your faces off. [SEP] @Caissie Living in the past. Let us please move on.",39.6,66.8
993982338890653696,73777995,293305691,"Roflmfao this bitch blocked me from seeing her FB page, I am crying with laughter so fucking hard! Like you AND your man are STILL in SPRINGFIELD. Best part is, she dtill follows me on here. [SEP] @Goldgirlsgunz Josh if you are talking about me I did not block you. I just deactivated my Facebook",29.0,63.666666666666664
992595355182256128,3300918493,921595833530888193,I think i am going to go home and cry before finishing this essay [SEP] @kmartnez Cry that small heart out sweetie cuz you earned it.,52.666666666666664,88.0
991888282291027969,3272028505,3060261459,"Ya know, what makes me crazy is being blocked or attacked for echoing teachings of #PopeFrancis re: refugees, weapons trade greed, peace (avoiding war), building bridges instead of walls, mercy, compassion, embracing Vatican II reforms (especially the liturgy), environment... [SEP] @OLRefugeMonksCA Why would that make you crazy. Shake the proverbial dust off and move on. Remember they did worse to the One we follow.",30.0,92.0
990307313494802432,272927409,21501783,"I am giving up the search. At this point, I am either buying a new mower or paying someone to come mow my yard with their own mower. Help me. My ex has so much shit in my garage that I legitimately cannot find my mower. My grass is so long... sorry neighbors. I just do not know that this is happening today. [SEP] @JenniSchwartz You can mow your own grass. Put on your big girl pants and find the mower. You do not need a man to mow grass for you.",80.0,75.33333333333333
989661276828782592,389731546,28662575,"Welcome to the New York, Saquon. Hope you enjoy getting hit 2 yards behind the lien of scrimmage. #nfldraft [SEP] @SNL football should have got a QB or traded down.",55.666666666666664,86.0
988940133511712773,2396909455,37995784,"I Am sorry to everyone in this Starbucks for having my shoes off because you have to smell my feet but on the flip side I am, you know, oppressed [SEP] @treynormal Put your shoes back on, you are not a hobbit. Or are you?",54.0,77.33333333333333
988156899630764032,464568950,306462956,"Twice tonight on PoF two guys have both said because I am Jewish, I should support Tottenham. Let me tell you how much that pisses me off. That is stereotyping and ignorance. They both have been told, in no uncertain terms, my thoughts on this. [SEP] @GoonerGirl1969 I know Tottenham area is or has been known to have a large Jewish community. Why Spurs often called Yids as lot o Jews supported Spurs. But to say cos you Jewish you should support Spurs?! Wtf...",56.0,69.33333333333333
986278678114938880,24460374,1342958570,"i got a new apartment, it is really small, anyone have plant recommendations? [SEP] @missveryvery @missveryvery Congrats! What do you love the most about your new apartment?",61.666666666666664,56.333333333333336
984116199280832514,310811114,2238203358,The man-child that leads the US is throwing his toys out of his pram. [SEP] @CameronMcNeish So what is new beaming face with smiling eyes,49.666666666666664,63.333333333333336
984137231064592389,962041074,260910225,Will start streaming as soon as the update is downloaded on Fortnite &lt;3 [SEP] @CaniSports TOO LATE! SHOULD HAVE DOWNLOADED OF AS SOON AS POSSIBLE!,68.66666666666667,63.333333333333336
982995854926761984,197193733,789173898793201664,Feel like I am missing something. Do not have KKR odds on here. RCB 52/1 after PP. [SEP] @markyiverson Huge chasing ground. Kolkata won 11/18 chasing compared to 4/13 first. RCB prefer to bat first but are just 8/18 batting first past two seasons. I have Market spot on right now. Kolkata 1.85 for me.,23.666666666666668,95.0
981412744133070849,81870825,15298328,"Praying for all tweeps on #EasterWedenesday, esp those who accompany us along the way of life &amp; those who take inspiration from Emmaus. #prayer [SEP] @Digitalnun the place you get cheap furniture?",54.6,77.0
980576340301766657,429409962,24012062,"Found my boot polish kit (part of it, just the polish). I gave it to my brother so he has something for his leather boots, but I will probably just buy a new kit at Walmart. [SEP] @Sean Morello Anything I can do to support, let me know! There are so many skilled puppies around with bootblacking experience. smiling face with smiling eyes",53.333333333333336,78.0
980017219303362560,126018341,137699872,Who is setting off fireworks at 10am in #Eccles??? [SEP] @DeniseKEvans More likely gun shots!! face with tears of joy,76.0,69.33333333333333
979008908634279937,17442118,732997242076958720,"There are no ‘good old days’ here. There are good days coming but we have to fucking work for them. Regarding my last rt. If you are a white person in South Africa and you are not actively fighting racism around you, you are failing your country. [SEP] @thejasonmasters I am a black south african. I think that the scourge of racism should not be the purview of one race. Instead it should be a community initiative. We, as humans should strive to go against our base instincts and not let discrimination in all its forms consume us.",46.4,77.4
978321828497289216,137240047,75506807,Clothes are the because of all our problems. Think about it. [SEP] @Choco La Ti Da You should not be tweeting something like this at night. beaming face with smiling eyes face with tears of joy rolling on the floor laughing,70.33333333333333,70.66666666666667
977728583740379136,2591682133,203638779,"sick and tired of ""adult virgin"" jokes [SEP] @CaptainWKelly virginity is a useless social concept, I second your feelings~",69.33333333333333,88.33333333333333
977572620831948800,212560938,928237854,"I was raised up in a 99.9% white working class town, buy a white Mother, and exclusively white friends, teachers and mentors. A white, working class boy. But I am judged exclusively as a ""black man"" So there are not many people in the UK better placed to know what racism is. [SEP] @StanCollymore Not by me. Your not black or white to me. I would describe you as British. But I get it I am a #disabled, #orphan lost both parents by 15. I am 36 and I never received any help from anyone. It is easier for people to hate than to help.",29.4,91.0
976088633743757314,19409973,3002064371,"Hey, have you all heard of this #LethalWeapon show on FOX? because me and #EmeryPaula have binge watched the first 15 episodes since Friday. I am enjoying it much more than I thought I would... [SEP] @JonPaula It is a reboot of the Lethal Weapon films - 1 and 2 are Great, 3 and 4 are good.",15.666666666666666,96.66666666666667
976119094939410432,164536190,795774813637922817,"People really respond to food tweets like a waiter was taking their personal order. [SEP] @TheKitchenista Yes madam! As a foodie, I am engaged &amp; just like anything I am passionate about, I chime in. Diverse palates &amp; exchanges give birth to new ideas. I AM GOING TO woman shrugging medium skin tone",37.666666666666664,87.0
971812071271731200,2799110735,29942689,All I am saying is Arizona better be running off to New York to be with Callie [SEP] @RowlandJordyn #diehardromantic bet you also think Dre’s death sequence was in Mer’s imagination and he will be back... Am glad they killed the Nathan storyline... although I live in hope she will find someone... Do not think the writers can quite create a romance to beat #MerDerforever,70.66666666666667,69.0
969133859718778880,898574376878067715,944911781964730368,Thanks Fortnite for closing the servers the night I am up late. [SEP] @datboydavehoes It is a new update fam,61.0,74.33333333333333
968893437956124672,1371255025,4782957737,"Okay, the Wreck-it Ralph trailer. Yes, I am aware of the ending. And I should feel somewhat giggly because ""Ooh~ Lil' bunny all stuffed up"" But I honestly feel bad for the bunny and the girl that got her heart shocked out of her. I am sure it is just me being a scardy-corg ;w; [SEP] @TheRoflCopt R Popping is not for everyone, and even then there are many different ways which can be tolerated differently. Being into inflation as you are, I would absolutely recommend you try experimenting with popping, just to see if you can find it enjoyable in any capacity. You never know.",26.666666666666668,99.0
966122734697754626,1064745302,1087809930,I am super easy to be friends with and IF I AM NOT then I make it super easy to be friends again like what??? [SEP] @cruzctrl Are you a Taurus? thinking face,39.666666666666664,65.0
963495800637677569,419902042,20785168,The best thing about being an atheist is Shrove Tuesday becomes Pancake Day &amp; you can have Pancakes again tomorrow &amp; for the next 38 days [SEP] @JB Barrington If that is the case why is not Easter Egg Day and Christmas Day Get pissed and eat too much day for atheists? Just asking not being a knob. I just do not like the hypocrisy of those who are outraged by Easter eggs not having Easter on them and have not set foot in a church.,72.33333333333333,89.0
962339204918280192,783454056878444544,962346780590567424,growing heart Saturday morning conundrums: Get up and take in every second of the day or stay in bed and enjoy the lazy morning face with tears of joy Ha ha tough choices I know face with rolling eyes [SEP] @TexasThighs Do you have full nudes? And someone said you did a cuckold. Is that true?,78.6,78.8
959868765545619457,322038130,710759238,KSI would beat a prime Mike Tyson. No debate. [SEP] @A1SkinnyPenis Fuck me face with tears of joy face with tears of joy face with tears of joy face with tears of joy,72.66666666666667,91.66666666666667
958322919192526848,2783284483,887068685176885248,"Diaz: 100 officers and 2,500 soldiers captured. Austrian bulletin lies: reports only 20 officers and 790 soldiers lost #WW1fromItaly [SEP] @ww1fromitaly I do not doubt that the Austrian bulletin is questionable at best, but why you think the Italian report speaks the truth?",27.333333333333332,61.666666666666664
958798189267578880,31351370,263493291,"The clown car hit a trash truck. You cannot make this shit up, kids. #gopclowncar #basketofrecyclables [SEP] @mxjustinVbond Love you, Mx Viv, but...there were children on that train. And someone died. Not cool...",41.0,77.33333333333333
957549657437061121,42765016,3365315541,"Wearing three inch heels: ""Ha ha ha ha I am 5'10"" and invincibleeeee"" [SEP] @Coelasquid Wait you are short????? I am 5'10"" without shoes @.@",55.0,60.0
957500093988417536,1658258702,2868431002,"Maybe if I grew a beard, started wearing flat-brimmed hats backwards, liked baseball and cars - maybe I would have a girlfriend? [SEP] @shanedabes Try using a dating app and then just be nice and not a creep. Worked alright for me in between relationships.",69.33333333333333,51.333333333333336
957476586135216128,211988533,514641492,Really grinds my gears when people say “conversate” confounded face [SEP] @ definitelyASH Really grinds my gears when people “smack” on their food.,11.333333333333334,80.33333333333333
955795473897611264,224311701,4445333722,"Okay, Brain, time to get up. Work is a good thing. Heart, it is okay, Brain has got you. And Stomach... Maybe you will like something at work? Why do men get off so easy? [SEP] @mcclewis Because they are (at least occasionally) heartless bastards? Have faith in yourself and trust karma. Forget revenge.",42.0,83.66666666666667
955534635760578561,3120617587,2781655571,So my pain clinic has officially dropped me as a patient. I guess I am too complicated/high-maintenance for them right now? #ableismexists #spoonieproblems #chroniclife [SEP] @inchronicpain Welcome to my world. It sucks.,45.0,89.0
954698458774073344,898565402346827779,737186282,"#Republicans have failed the American people. Those in power must be held responsible for shutting down our government. Luckily, their jobs are up for review in November. #shutdown2018 #RepublicansCantGovern #TrumpShutdown #2018Midterms [SEP] @USJewishDems And after all Trump did for your Country and Capital..",64.33333333333333,85.33333333333333
935197931824611328,59077679,2590818884,"Onision, leave jaclyn alone and stop talking about her. You are just being so damn salty because she does not want you. She does not want anyone at the moment. Making people hate or sending hate to her is not making the fact that she does not want you any better. [SEP] @heather lulu @Plaineybott Your comment is invalid. He did not want her, he just wanted to help her see who socialrepose really was and instead of listening, she got broken heart",43.333333333333336,78.66666666666667
935197931824611328,59077679,2590818884,"Onision, leave jaclyn alone and stop talking about her. You are just being so damn salty because she does not want you. She does not want anyone at the moment. Making people hate or sending hate to her is not making the fact that she does not want you any better. [SEP] @heather lulu @Plaineybott You literally are the most saddest human being ever. Lmfaoooo.",59.666666666666664,76.33333333333333
951428861807546369,38498294,939243696,Car passed it is test with no advisories face with open mouth That should make the wife happy. [SEP] @Mafer1ck I am sure you can think of something better than that to make ‘the wife’ happy?!?,37.333333333333336,90.66666666666667
951121027974692866,2645712890,951021366119096320,Have you lost weight? #StupidQuestionsForAlexa [SEP] @JPod279 Siri is busy... Her and You Are Dad snuck off while You Are Mom is on vacation,90.66666666666667,92.0
950640400548671493,228459707,469432953,"If we want to cut down on parents smacking kids, then criminalisation is not the way to go. For once, public education should be used. Using the criminal law is the absolute nuclear option. So Wales wants to criminalise parents who smack their kids. The is stupid and dangerous. Smacking is poor parenting (IMHO) but I have read that shouting is just as bad, and now 'time-outs' are also bad. [SEP] @LPerrins Smacking is bullying and no amount of 'education' will prevent these sadists carrying out their their thirst for harming defenceless kids",66.33333333333333,47.666666666666664
950151849348386816,374275829,949051920760455168,my dad deadass just tried to tell me that poe and rey are going to end up together... uh... i think the FUCK NOT!! [SEP] @oliviakathlynm Your dad wants YOU to date nice guys not abusive monsters who kill their own fathers.,43.666666666666664,66.0
949990083452723201,30184298,3383177583,I seem to remember seeing something before Christmas about a charity that would take the front of your old Christmas cards for prisoners to use next year? I now cannot find it. Is that a thing?! [SEP] @arrianne What on earth would they be using it for?!?! anguished face,52.666666666666664,60.666666666666664
948721985240133633,1240093237,778349450,"The next 14 weeks of Back Issues are currently planned out! Ohhh man you guys.... #comicpop [SEP] @SalSaysWhat I Am not used to an 18 minute Back issues, however that crossover is so uninteresting I Am suprised you got 18 minutes out of it.",34.0,46.333333333333336
924074236028764160,241315546,87333514,Why is Varlamov still in the net? Bednar has no idea what hes doing... [SEP] @joelthesakic Do you still think this is true?,59.333333333333336,66.33333333333333
947270141242368000,2258355096,2439153234,lol i be parking wherever idgaf loudly crying face [SEP] @ariskylie till you get a ticket,53.666666666666664,56.0
947052324995911680,44733150,3311131208,honestly god bless setting all the clocks in my house 15 minutes late this girl is ON TIME [SEP] @doddleoddle Do you mean 15 minutes early?,31.0,83.0
946377285690707968,889663049635958786,2866871147,"if you do not love when your snaps look like presents when it is your birthday, you are lying [SEP] @kianakennedy12 We get it you want people to wish you happy birthday loudly crying face loudly crying face loudly crying face",55.666666666666664,59.333333333333336
946173511810220033,714685213666852864,17445628,"I guess I should not be surprised that I am Hawaiian and British since you know... They colonized Hawaii and shit. I wonder about the lives of my hapa ancestors. Did they have good lives? worried face My dad got an ancestry test. This was a big deal because he is adopted. From his side apparently I am about equally British, Hawaiian, and Chinese. I knew about the last 2 but I was surprised to learn I was British. Also I am a little Irish/Welsh and Scandinavian. [SEP] @Momoka Koizumi They lived great lives, because only true Natives of, Havaii, upon completion of the Hapa Noa, do they get their Mahalo Rewards card and celebrate by drinking Chichi's.",62.4,64.2
945420711744634880,1849375154,1595207202,"So my friend got her grand daughter who is not even a year a book called Feminist Baby. Indoctrination starts young. [SEP] @HeaphyPatti Eye roll face with rolling eyes . Poor baby. She may find however, that children have a way of thinking for themselves as they grow.",40.666666666666664,94.66666666666667
945855378582941698,2793089055,883954456173232128,Black men do not like to do nothing adventurist weary face woman facepalming medium-dark skin tone thumbs down medium-dark skin tone [SEP] @ NadiaJay I am not Black but I do like to do Adventerous things! I am Jeff,50.666666666666664,74.66666666666667
945349278481788928,709095240,2870884289,It is not Christmas to me without Karen Carpenter and Trans Siberian Orchestra. I have not shame in this... happy holidays everyone! Christmas tree Christmas tree Christmas tree [SEP] @MiaMalkova Mia playing with blacks will not bring you fans. You will lose many white fans. the number of fans will remain the same. because you win blacks. Most fans do not care about your health. I do not want you to make any mistake that will ruin your life and health.,48.8,63.6
940674962645569536,258387487,3269759905,"I saw some being upset about the few min's photos or fancams in these events and concert.. but if I am not mistaken, has not it always been the case? Even before enlistment, I remember his kr fans tend not to share a lot, (whether they were present or not) compared to Yun's. [SEP] @Smile ssi I cannot recall about before...maybe I am aging orz lol. But for me personally I guess it is partially just being sad/lonely not able to see him but also the worry that KR fans are not as kind to him? It is a silly paranoia/insecurity because of earlier days grinning face with sweat",26.666666666666668,78.66666666666667
938510886381244416,35028566,256316513,"Because of the fires in Southern California, UCLA has cancelled its home basketball game against Montana scheduled for tonight. [SEP] @tsnmike Honest-to-god question about journalism: if you are not one of the first handful in your field to tweet about a topic, do you still have to do it? What is the requirement?",64.0,63.333333333333336
938141275307507715,238352156,40340126,How does my 2 year old know who Justin Bieber is? man facepalming medium skin tone [SEP] @KiDxDee Cuz you told her n you keep playing his annoying ass songs,58.666666666666664,78.66666666666667
938216804769521664,4063808659,121127788,"I cannot help but wonder why the baker even cares. Once it leaves his shop, he does not know where the cake is going. Bake the fucking thing,take the money, and move on with your life #MasterpieceCakeshop [SEP] @agentgraves13 The baker cares because he realizes he is accountable to an Almighty God. The baker wants to uphold God's standard.",68.2,50.4
937689883627413505,49780115,766263225176494080,"had a nightmare this morning. i was gettin a proctology exam. seriously, Id, i could not just have a normal chased-by-zombies nightmare? a proctology exam? wth?! [SEP] @roughtradeX The doc was a woman?",31.2,68.2
937604936602406912,3396003688,911046024608677888,"You all are really mad at Joseph because an unfollow? It is just a social media, nothing else An unfollow determine how sweet and nice he is with everyone? How incredibly talented he is? He ALWAYS treats us too well, he is so funny, and know that we will never hear anything bad about him [SEP] @klopesweetness lol I feel like jomo did not unf Candice... I feel like it is Persia (just saying) because I do not think jo will unfollow Candice like she is Joseph's most fav tvd cast but i do not know",17.333333333333332,63.0
936713087012368384,263200894,2439615642,Just a polite reminder that correcting my spelling gets you instantly blocked or muted ^ ^ [SEP] @Dominic Smith I honestly thought you were going to put a misspelling here on purpose lmao,63.0,77.0
935133672348450816,262444535,6338632,Racist ass British press is having a field day I see. grinning squinting face You all still believe Europe is this utopia where racism does not exist? upside-down face [SEP] @afrosypaella You need to make it clear which British press. They are not in the main not racist.,58.666666666666664,66.66666666666667
933804832015769602,159308254,300299484,people love to confess their love on the holidays slightly smiling face [SEP] @ JadoreNeisha Wow I did something to you to deserve this?,33.0,59.0
933320280788881409,832788979393060867,221898843,Where in wanting a smaller more efficient govt does that become synonymous wth racist? When? [SEP] @mrs pinky85 I guess if you believe POC cannot take care of themselves w/o govt intervention it makes sense?,62.0,80.6
932689123126792192,2989900335,541800219,Catching up on #ImACelebrity2017 aka guess who.....I would rather walk that plank or skydive than put my hands near those frogs! face with medical mask face with medical mask #feelsick #cantlook [SEP] @jorich21 I would rather eat my own pile of poo than watch that dross.!! face with tears of joy face with tears of joy,71.33333333333333,60.0
930075160274640896,367629666,53130385,"Hah. A brief gay scene in Discovery S1E6 (at the very end) and gosh do they look camp and faggy. Perhaps I am a homophobe after all - I hate American mass culture picture of “gays”. If Murican fags want to be like this, ok. We will not. Not a fan of girls, with a dick or without. [SEP] @agelastic Skip episode 9 if you want to avoid another gay moment that looks stupid",52.333333333333336,55.333333333333336
927987095959998464,851416698447986688,924312369953681408,When you still follow someone because they rp good despite doin a trigger ship dagger face with tears of joy water pistol )) [SEP] @zetsuboumochi is this. about me?? i am so sorry :( ]],73.33333333333333,66.33333333333333
925051622765494272,2836079396,2460676580,My Motivation In High School Was Sports Now That I Do not Play Sports I Have None neutral face [SEP] @OhhThatsBonzy Just suck a dick quit bitching,46.333333333333336,63.333333333333336
922631084902440960,778062382832742400,254185468,"I was born, raised, and educated in Ireland. The Oxford Comma is king. How do you feel about it? #GrammarPolice #grammar #amwriting [SEP] @Maria Tureaud As an english grad &amp; MA in cw, I would say get a life.",20.0,61.666666666666664
921880411147505665,127125343,904880878316335105,DO NOT SPEND A DIME ON TENNESSEE FOOTBALL UNTIL BUTCH IS FIRED. #vols #firebutchjones #tennessee [SEP] @UTballer They have talent what they do not have is coaching be angery when you loose do not flip off the Bama fans when you are getting your butt kicked,58.0,54.0
920357278812921856,978162758,3043666464,"Want To learn about training/ programming, do I or do not I do a PT course? thinking face [SEP] @VeesFitnessFood But most people who are PTs still know nothing face with rolling eyes the amount I see in the commercial gym I go to!",40.333333333333336,56.333333333333336
919760321090326528,1064803094,52287086,Puig can suck my ass [SEP] @tswxxx He probably would though just saying,59.666666666666664,59.333333333333336
915849414979342336,881817581308579840,3478721475,"So there we have it folks, i am now officially AGAINST full EU membership for an Indy Scotland. [SEP] @BlogAlba You obviously believed English Gov. lies that EU has powers over states. They do not!",59.333333333333336,68.33333333333333
915603863746392064,635672177,871161660823744512,It is October n the trump voters are already listening to Christmas music. People do not deserve holidays. [SEP] @whitmorealec Oh PLEASE do not further tarnish Christmas music's reputation with a Trump association! Trump haters are listening too!!,60.666666666666664,74.66666666666667
914418855946186752,272385275,350310834,"Kingdom of Spain! Please, can you explain what is happening in Catalonia? I am not impressed! Shame on you Spain! [SEP] @emilvlind Shame on you. You do not know a thing. I can explain but I am afraid ... You have already taught",75.33333333333333,77.0
913151261163302912,2217079376,2999143851,In dying need of an angel food smoothie from smoothie king [SEP] @RobinsoCierra I have no idea what this is,50.0,78.0
911673269857800193,774295855,155861930,"Writing is fucking hell. I am hating my book. I hope when I finish it, that you buy it, then we can hate it together. [SEP] @lurie john Why are you putting yourself through this if you do not like it. Maso inklings?!?",23.666666666666668,90.66666666666667
909462494875455488,961321987,561010803,Anyone fancy paying for a dominos for me. I am skint and hungry xoxo [SEP] @elliekilgannon i will gladly if You treat me like Your little bitch dog face,77.66666666666667,74.33333333333333
906818207167770625,42707520,906533660156993536,Tree has uprooted and fallen onto one of my cars. Conditions are definitely getting worse. #BrowardCounty #HurricaneIrma #IrmaHurricane2017 [SEP] @tiffyp9 Perhaps less cars is a good thing! Stay safe,57.666666666666664,83.0
906584843059785728,104065114,855315144737292288,i want to hug jared but i am nervous because what if i fuck it up? what if i squeeze too hard and because him to hurt his back? [SEP] @ElizaGLotho Nah you will not hurt him. You look huggable smiling face with heart-eyes two hearts,53.333333333333336,68.33333333333333
906271609320767489,1049060166,20738116,"Am I the only one left who has not seen #Outlander, ep 301? face with rolling eyes [SEP] @gracesmom48 No, sweetie, I have not seen it and if this hurricane knocks my power out Sunday night I will be pissed!",67.0,85.66666666666667
905757199263289344,802722356,3516922272,Be great if my back would be well by tomorrow. It is annoying and am starting to feel old face screaming in fear It is just tight and aching. [SEP] @SecretChipmunk7 have ya tried yoga?,54.0,59.333333333333336
905524044505677824,1973614668,137528490,"Gaul is dead! DoD Elitist first, Rock and Ghost. Let us get it boys! [SEP] @shamebringer I hate this attitude to race to complete content. I just do not understand it. Please explain why its important to skip the details. Thanks.",68.66666666666667,72.33333333333333
905285621811425280,10399932,20659228,"heart exclamation Vote for your favourite decade heart exclamation [SEP] @tweedandtales to be honest would have been the 80's for me, you peaked too early with your choices winking face thumbs up",25.666666666666668,89.66666666666667
905264028892659712,21833728,708861759029977089,"Brazil is a ""blessed"" country despite its political problems. It has no hurricanes, tornados, earthquakes or volcanos. Weather always nice. [SEP] @Brasilmagic Wow...that is amazing. Snakes though...huge a$$ snakes. snake snake snake snake",21.333333333333332,36.333333333333336
904747504994050054,296994103,44438054,I have had to change the white bed linen to brown sheets for the spray-tan-tango @RevRichardColes man. Strictly Tickets now up for grabs https://t.co/r1yVYVFb7e [SEP] @RevDavidColes @RevRichardColes If it does not come out when you wash themDavid maybe you could sell them on eBay? winking face with tongue,49.333333333333336,62.666666666666664
904208245979525120,114932498,858858432,"Would you judge me if I went to work in my Ninja Turtle PJs tomm? [SEP] @IamSandyRomero Well... I am sure people seen you in you are Birthday suit so, should it matter... Ha",16.333333333333332,73.33333333333333
903473643115524096,769755070070136832,885354701516136448,"Okay so, I need X-mas to break it to Jason &amp; Alex that they are going up on the block so 1 can go for the apple &amp; get double veto lol #BB19 [SEP] @mad1sonrayxoxo Right! I hope Jalex leaves during D.E!!",54.666666666666664,42.333333333333336
901840093723467777,30317085,61347360,Kroy left his wallet by accident in a Walmart shopping cart last night &amp; it is gone we cannot locate it!! So now we have to watch the footage [SEP] @Kimzolciak Why is his wallet in a shopping cart and not in his pocket? No way that wallet would be recovered! That is worth way too much! Wow!,31.666666666666668,95.66666666666667
900822801199890433,1462996544,4841239445,CAN SOMEONE PLS MESSAGS ME I NEED ADVICE [SEP] @DOVEY96s If we were mutuals I would try to help you. I am sorry.,37.0,70.0
899636201593942016,1903678926,899527536316747776,i am online. [SEP] @CherryKuchixx Call me when you get up Sexy 985-514-8399,60.666666666666664,51.0
896635817631911936,4224061762,593656685,Only Broke Ladies looking for Sponsors Admired Chiloba becos of the bigger share He got from Jubilee Nothing like Love. #StopKisumuKillings [SEP] @realWaswah After kidero lost you have now gone petty and girlish. Have you checked the fom thaari foos IEBC has put up?,48.0,88.33333333333333
895856223844696064,21844513,56222452,"Funny how for all the gun violence jokes, the one place the Astros could not “”“”“”“”“”“”“shoot it”“”“”“”“”“”“ was in Chicago. [SEP] @Duncanstein sorry to say this,but more and more you are starting to sound like Thony @MastTerBase",50.333333333333336,89.33333333333333
895570035057577984,22924994,37163149,"Kind Of think the assumption the we must find #GitheriMan and ""fix his life"" is kind of arrogant. He is probably happier than most people here .. [SEP] @GMONEYizME You do not buy a friend lunch coz they are not got money for lunch...let guys do/give what they want to...the motive is up to them.",66.33333333333333,66.0
894460029092352000,135062529,869854242194038784,"Almost finished the BlackBerry KeyOne Review it was 22 mins long, edited it down to around 18 mins. I will try to upload it soon. [SEP] @geekyranjit None seems to be really interested",68.66666666666667,58.0
891442899539251200,103167711,125819979,"I am disappointed. I have done a lot for a person on here, but when I needed her help it appears she cannot be bothered [SEP] @addictionguy Is it me? Or is there a pattern with you and that kind of people?",8.333333333333334,92.33333333333333
891589061651165185,344768700,66482821,I keep having this horrible dream about the square route of ten. It is a recurring nightmare. [SEP] @Puncroaker Afraid I am going to be 'that guy'... root 10 is not recurring! Sorry,47.0,71.66666666666667
891031661873418241,214456558,451355654,"Started watching The Circle last night. Emma Watson cannot even act like she is walking. Never got past the first 10 min. [SEP] @GluedThumbs Mate she can act. If she cannot then why is she able to convey emotion in key scenes whether it is in Harry Potter, The Perks etc?",71.66666666666667,67.33333333333333
890354771202363392,721332098,457001804,"When a guy says ""you do not hit me up no more lol"" but you never hit them up to begin with...... face with rolling eyes face with tears of joy see-no-evil monkey [SEP] @jahmeganmecrazy Come on now. Have to put me out there like that. How dare you.",46.666666666666664,56.666666666666664
887824759739822080,554510636,785175095178330113,"1am sitting on the bathroom floor pouring my pasta out because I do not want to set the fire alarm off hundred points [SEP] @SWatercolour wait, in the toilet or sink?",24.333333333333332,41.666666666666664
887664563470176257,3055149676,1198364389,A day of try farts. May we please have one game of proper ruggas. Please Lions and Western Province. I am tired of today's crap. [SEP] @Ruggascoza @Deme80537610 Dry farts are waaaay better than the alternative. At your age this should be words to live by winking face,53.0,77.0
887359301785985030,3130044145,2263169680,I will marry a boy who will always give me the last chocolatey part of cornetto *~* [SEP] @AroomaSheikhh So you are dying alone lol,45.6,65.0
886626479945023493,24332709,788105991556435969,White folk on twitter TELLING me NOT to call myself BLACK but to say Bi-racial!! If you do not mind your own business...... #iBeenPeepedGame [SEP] @claudiajordan Would not anyone have known had you not continually mentioned it on RHOA I thought you were all blk. just light skin. person getting massage,61.0,33.666666666666664
887013160808570880,242651047,131914199,Guys I cannot see my notifications. Twitter took my GoT spoiler warning too seriously. [SEP] @mahwashajaz God you talk so much..you literally live on twitter..kese kar leti ho?,61.333333333333336,63.0
885612613756833792,1652759749,858097115632877568,My goals for this year. To make a D'awgie plushie. That is all. [SEP] @binoftrash1 I WOULD BUY ALL OF THEM AND NAME THEM JET (After Jess' dog and after Jet(one of Liza Koshy's characters)),25.333333333333332,100.0
883415693424640000,386056280,156798743,"At any time, somewhere in Southern California, a song from No Doubt's Tragic Kingdom MUST be playing. It is the law [SEP] @MaraWilson Do not speak, I know just what you are saying. That is bananas...b-a-n-a-n-a-s.",21.0,97.0
878316070909628416,705447215368634369,173590491,You ever just hate someone so much like the second you see them tweet you are just like nah stfu face with tears of joy [SEP] @bre annuh There is a button to unfollow on Twitter. you can maybe ummm use that. YOU r welcome.,62.333333333333336,61.0
877427923212537856,14266714,196493555,Things the UK is going to be hotter than today: 1. Spain 2. Lava 3. The sun 4. The pan that holds sizzling fajitas you get in restaurants [SEP] @innocent @MissPaisleyxo But it will not be hotter than Vegas,43.666666666666664,84.0
875694186149720064,18538525,540739663,"If you say ""faaya kunnn"" continuously you say Kung-Fu continuously [SEP] @awryaditi I hope the Netflix jokes are better unamused face",70.4,66.4
874709931504652289,105047250,328020026,But I was craving ham and the idea of having slices of ham in the fridge all week long to eat just made me happy so I went for it [SEP] @LaurasKitchen You might be pregnant :-),62.0,59.0
870815480440815616,212289337,2401962380,"A 1-2-3 sixth for Nelson, who is surrendered one single and one double to this point. Up to nine Ks as well. [SEP] @Todd Rosiak Ye gods this game is MOVING!",21.666666666666668,89.0
868928826411298817,246822610,83331476,"We have been invited to a wedding. Junior is very excited, says he is looking forward to throwing a machete at the bride and groom. [SEP] @OhNoItsSteve Is your son Michael Myers?",36.666666666666664,64.33333333333333
866422325985525761,1739412500,4875027537,"Sexy, please text me I am ready for youuuuuu face savoring food two hearts [SEP] @letmesuckyadick I would if i had your number beautiful",31.666666666666668,67.66666666666667
866017294056640512,88110301,3884092397,"#ThreeWordTrump Always Always winning [SEP] @Schypha ""Winning"" like Charlie Sheen was winning. Ha!",65.0,65.66666666666667
864431853284974595,66042724,113347213,"I wish I did not have to live anymore. [SEP] @thewynterwolf You know what is your problem?You only focus on negativity and fail to see the beauty of life.Learn to enjoy everything, both good and bad.",58.333333333333336,52.333333333333336
862043740432732160,294233217,165340092,No no no we do not want James Rodriguez!!!! #MUFC [SEP] @CraigBolt200 Okay! Will tell Jose to consider your tweet!!,53.0,77.0
861316246960300032,27424591,1465433383,"Where will #MUFC finish this season? [SEP] @billrice23 Should not it be how many trophies they will end up winning? That Is what big clubs do Bill, win trophies.",51.333333333333336,72.33333333333333
860526838816399361,432807081,184484502,"Whole team eating but it is only right there is a spare plate but you are the phoney type face with medical mask [SEP] @LocoTaii Jhus ugly is it not, baby one minute, your bunda looking wicked musical note",36.75,73.5
860519094776475649,2281302036,409402886,"I only love the people who have my notifications on and stay active with me. The others, YOU SHHLAACKIIIN LOVE ME pls [SEP] @thetimmyconnors your slacking with us bbyyy x",59.666666666666664,65.0
856063788684120064,2493136279,2267981389,I smoke too much woman facepalming medium skin tone [SEP] @HeLikeJays Too much?? Is that really a thing,40.333333333333336,71.66666666666667
853879490098864128,21033716,332143725,"The ONLY people disregarding any rules in sacred buildings are white. They can walk past 50 pairs of shoes and STILL keep theirs on. ""I am white so the rules do not count for me. I Am going to wear short shorts and climb all over sacred buildings LMAO grinning squinting face grinning squinting face grinning squinting face "" https://t.co/NQWEYS3oh4 [SEP] @economydreams Religions for retards, it is a building - get a life.",79.66666666666667,67.0
849775906545598464,54671653,37478252,"I am so old, I cannot remember when my knee did not hurt like hell. [SEP] @MarkKaboly I hear losing weight helps reduce knee pain. #Justsayin",63.0,77.33333333333333
848924315516928000,268585854,243466577,"When victims feel understood and supported, they are more likely to seek services. “Strength.Resilience. Justice.” #NCVRW2017 [SEP] @KimEGoldman The problem is "" victims/ survivors "" get rewarded for hiding it which equals them creating long term health issues",36.0,50.0
840771630779441152,717028503686787072,166692651,Alright no one panic!!! It is I! Drunk Strawberry! [SEP] @StrawberryManor No typo or slurry sentences = consumption of beer from the other side of the border. :),62.666666666666664,68.33333333333333
840656815633383424,969029798,1665217705,today was really just a wild ride [SEP] @taylordonawho it is not even 4 pm,47.666666666666664,81.33333333333333
836512529547464704,108390865,1030645668,-ideal space for having an informed discussion on mental illness and suicide. What is your opinion on Medium? Good idea? Question to smart people of the internet: I want to write a short-ish piece on the aftermath of overdose. I find that tumblr is not the- [SEP] @PushinUpRoses Talking about stuff like that leaves you vulnerable for shitposting by idiots regardless of where you publish…,45.0,53.666666666666664
836072351339008000,2460748922,38465526,"3-1 LESS GOOOOOO 2-0 in arena right now and it is my first day in HYPPEEEE [SEP] @alexiaraye i enjoy your stream but you made misplayed some turns very badly. In your last loss, he had 14 health and you had a 9/9 minion",60.0,66.66666666666667
834504018189770760,2240021616,4750662991,if you are not mentally and physically drained and constantly contemplating dropping out are you even in college? [SEP] @loganhaff 96 yes. You are just a snowflake,56.666666666666664,68.33333333333333
832615451578552320,3050325750,2439553375,"Harry's not coming confused face I am praying he will find a way over man pensive face [SEP] @SideMint well, at least you have met them before. I will probably never meet them because I live in Malaysia.",56.333333333333336,80.0
832413048619032576,64777914,829869020312637441,A1: I focus on what I can control. I have taken a step back from Facebook and news. I listen to podcasts.#EvenTalk [SEP] @gwschattle281 Are you in AA? #EvenTalk,76.66666666666667,75.33333333333333
830570381727526912,798958526118785024,4923867793,"Some of you have cheated your way to the top in RitR. Tsk, tsk. A reckoning is coming. smiling face with sunglasses #CheatersNeverWinWinnersNeverCheat [SEP] @IW Lee Ross well maybe complete your maps before you release and get a haircut",43.333333333333336,79.0
829033718748704768,629629029,131247041,"Goodbye public education in America. Goodbye any future I have in this country. [SEP] .@doctaCynthia quitter. All politics is local. Keep fighting, at the state level we can mitigate damage.",22.666666666666668,51.0
828291083708821504,16806757,18582518,No heat and no water after radiator spontaneously leapt of the wall and a pipe split. Ffs. Which is a plumbing term I believe. [SEP] @rougvie77 Also the noise the burst pipe makes.,44.666666666666664,68.0
827442644343066624,18126685,66320508,"Great start! Bit too much congestion, especially given only 16 players. Hopefully the game opens-up as players tire. Exciting stuff oncoming fist medium-light skin tone #AFLW [SEP] @JonnoSimpson It is brilliant. Do not just go looking for a men's style Jonno-the women's game is fascinating as it is with its physicality.",68.66666666666667,93.33333333333333
826605057080750080,14788518,17204032,Tomorrow is hourly comic day and also my first full day back in class from 9a-8p so uh it is just going to be a lot of this face: - -;; [SEP] @meglish Meg what happened to you. Why can you only sweat on the left side of your face?,43.333333333333336,100.0
822292467684872193,552158162,1276526898,@averiebeaty99 2/2 other inauguration than Trump's because I 100% do not support him. girl I have my opinion: that is the first amendment that YOUR new leader utilizes QUITE well in fact. I would be honored to perform at any.. https://t.co/a928KZcmOb [SEP] @gretchsofetchh 2/2 kids are clearly happy to be there.,60.333333333333336,48.666666666666664
822190573280849920,14873854,2502907004,The problem with Twitter users referring to c e r t a i n p o l i t i c i a n s with “derisive nicknames” is that my mute filters fail. [SEP] @Graham LRR on behalf of the smart Americans i am happy we elected him. Here is to a better future,60.666666666666664,56.666666666666664
819262629365579778,47595131,1223945665,"You can build a statue of only one manager, is it the man who is got us 9th 3 times, or guy who got us promoted, FA Cup Final, Europe etc [SEP] @IlforddaveSCFC Coates instead of either. Or Nello.",48.333333333333336,69.33333333333333
818705283723751424,2535651453,318066606,"A girl jumped on me at the m&amp;g in la and I was like ""NO I DO NOT DO THIS. I am not an object to jump on"" face with tears of joy face with tears of joy face with tears of joy I am here to meet ya [SEP] @JoeysKidney i swear i did not mean to.. i was just too short to hug you without jumping",7.666666666666667,64.33333333333333
817409341204492288,80759906,210446395,"Whenever i am giving the medicine which is to be taken weekly, my father gets brain seizures. [SEP] @saphead4u consult a GP before re-administering. Better safe than sorry, this homeopath's qualifications are what? Mmm, Thought so.",62.2,46.6
816611012057190400,1569138048,209192810,Well back at work two days &amp; come down with the dreaded bug pile of poo face with medical mask on the plus side it is kick started my diet [SEP] @neiltommo13 Every cloud as they say! winking face,53.0,58.8
813964767375294465,3103493979,996024121,"i do not like carrots at all unless they are bruno's then I love carrots so much #doghaiku [SEP] @RaisinThePup, dog haikus are 7 - 5 - 7 ? They do not teach that in Dog-studies",15.0,96.33333333333333
813704447973068800,578038175,2776254620,Been at gym this morning to start working off that excess #got to start somewhere [SEP] @pgilluley fit as f* or fat? :),46.2,64.2
805596588387303426,1727635848,795518539906117634,ABFJAJDJS MY BF JUST PUT 2K IN MY ACCOUNT I AM SO FUCKING HAPLY GUESS WHO IS GOING TO THE PURPOSE TOUR AHHHHH [SEP] @RauhlLegacy Omg !! Now that is a man to keep !!!,60.333333333333336,69.33333333333333
813088337770577921,551441419,771808118640484352,when you think about it the grinch is such a ya novel dream boy. he is a creative tortured pessimist bad boy who does not understand how to love [SEP] @lycheemom is not this also Kylo Ren though? I mean I hate him but like still,69.33333333333333,69.66666666666667
813045112322277376,545376057,817071660,"@JMXFifa fkin hell m8 you are outta control Going To just see how smashed I can get today without everyone realising, managed to sneak 4 glasses of champagne so far [SEP] @JMXFifa *cough* Posh Prick *cough*",58.333333333333336,76.66666666666667
811728998157996032,1795056474,2679945630,Can we all just take the time to thank god for Queso dip? [SEP] @Kirk Francis god is not real so I am going to thank Blackie Donnely the guy who invited it,43.6,69.0
811072988238016513,44260055,2572112909,"Who wants to chat about: Current Events in the News, Politics &amp; the Media, Sports Topics, Celeb News &amp; Gossip or TV/Movies? Send a Tweet!! [SEP] @Marty2634 What do you think about the only electors to defect were 5 Hillary defectors?",21.666666666666668,93.66666666666667
810428109581234176,2883245657,808288129211830272,"Good love is hard to find. You got lucky babe, when I found you. [SEP] @xxxamara but still you did gangbang with 13 black guys yes he is lucky",54.2,50.6
809874800231481344,136004952,21749650,"Total Holyrood funds to Scot Local Gov in 2017/18 = £10.13bn (minus 3.2% or £327m less than 2016/17). What say you, Trolling Cybernats? [SEP] @afneil trolling cybernats... bit harsh mate. As if ""nats"" are the only people that troll. Quite provocative for a neutral broadcaster.",44.333333333333336,50.333333333333336
809439369270468608,288587766,79435771,Wake up yahoo! Get me my mail!! [SEP] @Bhumiiika who uses yahoo these days?,55.0,46.333333333333336
809396067812909056,414388204,320918228,PSA: do not go outside unless you want your balls in your stomach [SEP] @jujubean 40 who you trying to kid you are ass is still sweating out there,64.0,59.666666666666664
806306547655671808,733827926500605952,796959907526352896,#MyReoccurringNightmare ended when I left an abusive husband. God bless. Get help 800-799-SAFE [SEP] @candidqueso It takes courage. Stockholm Syndrome. You got away. I am happy for you.,65.0,93.33333333333333
806232188396126208,48474625,24435271,"One reason I detest Neil deGrasse Tyson is he is practically openly anti-intellectual, while coopting followers who could have been better. [SEP] @chemoelectric Other than his reputation I am not that familiar with his philosophy. Why the hate?",74.66666666666667,76.66666666666667
804463476374642692,271693616,1741041314,I AM STRAIGHT DYING RIGHT NOW STREP THROAT FEVER THROWING UP COLD SWEATS POUNDING HEAD ACHE... PRAY FOR ME. [SEP] @RealYungYogi stop doin Percocet with fat nick,49.333333333333336,65.66666666666667
804303601766055936,606609884,2206797139,"My PO Box has changed! You can send me zany letters at: FamilyJules PO Box 20773 El Cajon, CA 92021 I love everything you guys send me! [SEP] @FamilyJules7x Everything? Can I send you pile of poo ? °J°",41.666666666666664,64.0
803115713351352320,2975610427,2728660684,Id rather not make a sale than sell something to someone who tries to name/negotiate MY prices. Ultimate pet peeve. I will not barter. [SEP] @MollySimonsMFC I am a carpenter and I barter my services all the time. As a hippie I thought you would be all for it. It is a way of life.,59.0,37.333333333333336
802374533370040320,588886100,3389736767,Goodnight. I will be dreaming about lip injections and how happy I will be once I get the courage to do it. face with tears of joy loudly crying face [SEP] @getvindictive okay Kylie lol thumbs up medium skin tone thumbs up medium skin tone,77.33333333333333,87.66666666666667
802058241865814016,1040609282,748268361721733120,I hate that after my pregnancy every time I sneeze alot I always seem to pee myself alittle loudly crying face loudly crying face [SEP] @sweetheart670 nothing to be ashamed of... your husband will love you the same!,29.2,84.0
800152129407041536,21785215,258365963,Still waiting for Donald Trump to say anything about the hundreds of hate crimes that followed his election and are still going on. [SEP] @Green Footballs @ginag63 you are going to wait forever. He is a racist. Do not normalize him. He is not normal.,59.2,71.8
799795878827556864,2294310886,356349902,why do girls feel the need to pretend to be something you are not like i do not know HISPANIC face with tears of joy face with tears of joy ..cuz you are clearly white [SEP] @moonnjellies you can be racially white and of Hispanic decent! Technically speaking!,25.0,93.0
798371684306677760,164632106,55147577,All because I am sad. [SEP] @DanHusswan I love your sad songs. We all need some sad songs sometimes. Because you cannot avoid sadness. So why not make art with it.,48.0,82.33333333333333
797932476840767488,17545008,49473605,"Well, 6-3 is still a pretty solid start to the season. #BuzzCity [SEP] @rvarner yeah but 0-3 against probably the top 3 East teams",48.666666666666664,46.0
796853656519733248,21604764,131662660,If I leave the United States it will be for the same reasons that I left Reddit. [SEP] @JoeSondow Stay and fight. Just as much your country.,78.33333333333333,87.66666666666667
796340956761100288,270159655,46925590,It is scary being a 27 yr old black woman in America today. Are not no telling what my future will look like but I know I got to keep fighting [SEP] @ashbashington its scary being a woman f any color in America today. The voters let all women down.,29.666666666666668,100.0
796143542905225216,15314194,47730438,I also have 3 Krispy Kreme stress doughnuts on standby. I will eat salad the rest of the week as penance. [SEP] @dee carney I's pick the salad over the krispy kreme....,61.666666666666664,67.0
795659094258487296,1586446352,3288533044,"Guys in the USA please do not vote for trump, you are saving the entire world by that, if he wins its going to affect everyone [SEP] @blasphemyjshler but Hillary is not a good choice too. I hate Trump but that does not make her a good candidate",52.0,77.0
795413168591806464,3006374044,746398913981202432,"Hey, whose up for a Spur of the moment Answer Everybody AMA? Let us get this tweet to 30 RTs and make it happen :B [SEP] @BrettUltimus Is not it ""who is""? #GRAMMARCHECK",47.333333333333336,89.33333333333333
794020835195392001,186586332,15893623,"I feel like I spend every day of my life defending my love of baseball, and now suddenly tonight everyone else loves it too... [SEP] @SamMawPT do not worry, I still do not like it, so you can continue to feel like you are better than me.",47.333333333333336,73.66666666666667
793751499390197760,513281176,2700897870,The last time I flew was back in May. Kind of miss flying which I usually do not [SEP] @Sisyfuss you do not fly usually? I thought you are a pilot and that is why I followed you. Sad,52.666666666666664,64.66666666666667
792783526353637376,26177528,2181165394,"Scariest thing about the Pats offense is that they could add a healthy Dion Lewis to the backfield. [SEP] @joshwolfcomedy dang Kidd, what cha smoke? Little skull ""Paranoid"" ghost ghost ghost you big nerd face",77.0,77.0
792463262344511489,517032588,4833169553,I do believe I will start a Skyrim Remastered playthrough on my Twitch channel on Monday. I need to start streaming so this must be done. [SEP] @Petard9000 be sure to grab a camping mod with plenty of rugs,86.66666666666667,70.0
787177483120455680,458771788,117539880,BYU fans just SCREAMING we do not belong in the Big 12... embarrassing. [SEP] @davidsdrake I think we are too good for the Big 12! Big 12 is a joke. BYU should say 'thanks but no thanks',60.0,66.66666666666667
787232951616409601,2386363226,702201878524862464,I do not care if Kosovo is Serbia because Serbia is Bulgaria [SEP] @drugsgunshentai Kosovo are not Serbia.And Serbia are not Bulgaria we all have our own countries,50.0,55.333333333333336
784255199355375616,535775599,352922130,the fact I have to queue for tomorrow's concert tonight already makes me want to kms [SEP] @ridebieber we are not allowed to camp outside the venue babe. kissing face with closed eyes,46.0,76.66666666666667
782621699636236288,521161736,35516536,"#sundayMorning Watching rudy guiliani on CNN and I cannot figure out wtf is up with his glasses, his eyes, his teeth, or his head. [SEP] @MittRomneyGOP This cannot be the real Mitt Romney. I know he would not say 'wtf'. Totally a breech of his religious beliefs.",53.0,54.0
781501516993667072,3138542828,3732477560,I hate snapping people I always forget what I fucking said. face with tears of joy [SEP] @mirriyaa you forget what you said regardless lol lbs,63.666666666666664,71.33333333333333
779117429838446592,3391101983,1536768901,"If you cannot keep a conversation, do not talk to me :) [SEP] @hayliep40 if they cannot keep a conversation they would not be talking to you right?",58.0,75.33333333333333
779041410695725056,3876810675,1133515508,How do you say the current year? [SEP] @ConnorShacklock Connor I thought I was the creator of the most boring polls ! X,59.666666666666664,36.333333333333336
778952302396866561,378019248,34572551,I have inhaled like 5 types of gases today. [SEP] @MariaOkan is that excluding farts though?... I am sorry... I had to ask... *moving on* oh look! Jennifer Aniston and Brad Pitt! person running,19.0,57.666666666666664
778767462405988352,240101170,758193304559235076,Why is Tommy Chong so attractive. Help. [SEP] @R2Des2 You are either drunk or need to raise your standards. :),50.666666666666664,47.333333333333336
778297548079587328,100267308,132204491,"Lots of Garden matinees for Bruins in '16-'17--total 9 of their final 32 on Causeway. [SEP] @GlobeKPD and their record in matinees over the last 5 years, oh keeper-of-records?",34.0,78.0
775343114278019072,2894637329,394091928,clif bars are the food god intended for us to eat [SEP] @gillianrevaew Mmmm. Cliff Bars are *SO* good. Which one of your favorite? The crunchy peanut butter one?,59.333333333333336,79.66666666666667
776015180115374080,3095391917,721408091250696192,I am one sick fella. [SEP] @Sektor Lin Kuei Than I recomend you to take some medicine ;P lol,36.0,73.33333333333333
772845236322131968,2872589891,3240942893,"Like what has America ever done to you White people be the first to say ""I hate America"" lmao [SEP] @ninaboggan i mean it fukt up some of us gays pretty bad",55.333333333333336,87.33333333333333
772194187030568960,19939574,271037351,"I think some guys today may be too focused on this idea of ""pounding the pussy,"" like their dick is supposed to be a weapon or something. [SEP] @Darla Crane Some guys forget-It is called making love. I never use the f-word.",27.666666666666668,48.666666666666664
770740334682791936,2583318648,192749629,I cannot believe I am pregnant smiling face with heart-eyes loudly crying face baby medium-light skin tone [SEP] @mericanmademama did you want to be?,30.666666666666668,76.0
770115697263476741,4122611871,706582244773658624,do not talk trash about Queen Bey. She is making more bank in a hour then you can in your entire life. [SEP] @AlysiaaValero I just do not like her sorry face with rolling eyes,32.333333333333336,99.33333333333333
769283810764677120,20626221,40924447,"Gave up my seat on the bus for an old biddy today, feeling #blessed old woman bus [SEP] @ratty out are not you like 39 yourself now though ?",44.0,76.0
767479592575725568,2515234323,2369839433,Fear the Walking Dead is so fucking annoying. Nearly every character you would like to see killed off. Ugh. Cannot wait for more Walking Dead. [SEP] @RuthePhoenix get a life dear girl,73.66666666666667,61.333333333333336
767310070212354048,1165797577,4910365376,"And I know Andy said he did not want to use those pills for something but if he did, then jindy are even more similar than people think.... I love both Andy and Junjin, because in a way they are both similar. They have both been sad and depressed in their lives [SEP] @andyoppaismine but they have best friends that always support,consoling n Care with them..they r shinhwa members...how lucky they r...",43.666666666666664,73.66666666666667
763421254535770113,1632171360,341597009,#Jubilee am always wondering why no luo supports any other party apart from ODM... #hypocrites #tribalist tribe [SEP] @CruzMwangi who is the chairman of TNA?,35.4,75.0
765663236037410816,371641560,273080015,"I was making my bed today &amp; destroyed my knee in the process &amp; now I have a huge bruise this is why I cannot be domestic I need a maid [SEP] @holliepandza damn! You are so hot, if You supply the maids outfit i would defo get the n my knees and beg the be Your maid anyday",83.0,66.66666666666667
762038953721597953,2156886150,957744151,"ALBUS: Got Dementors to protect Hogwarts this year. They suck souls out! Indiscriminately! KIDS: ... STAFF: ... ALBUS: I cannot control them. FOUNDER OF HOGWARTS: okay, so we all know there are four types of kid. brave, smart, evil and miscellaneous. SCHOOL BOARD: yes, continue. [SEP] @TVsCarlKinsella @TheDreamGhoul Might be funny, if it was not completely inaccurate. Dumbledore fought the Ministry about Dementors and lost",70.0,57.0
764706889418600448,39160897,20567753,wait. wait. who said Dak Prescott would be the best QB in the draft class? Leondre said that? oh yeah. [SEP] @StillKingDre Damn bruh he should like give you part of paycheck or somethin,46.666666666666664,77.33333333333333
764495125129138176,13706032,71777998,My tolerance for f*ckboy behavior is at an all-time low today. Do not try me. [SEP] @jeannathomas wow!!! Calm down Jeanna!!! Do not let dumb people get on your nerves!!,33.333333333333336,69.33333333333333
763760983240310786,1563951661,2846093464,uh does anyone have 2nd lunch [SEP] @mads clements person raising hand jk I do not have second lunch,6.666666666666667,100.0
763606721252036613,196059131,7234222,My motherboard smells sooo delicious. Cannot wait to build my pc!!! &lt;3 [SEP] @Gaychel22 Master Race!!!!11!,43.0,56.666666666666664
761434295088971776,481154349,713142295,"It is called Crowd Delivery &amp; it is only available in the Northern Bris suburbs near Chermside/Aspley/Zillmere atm but check it out! This is an actually really fuckin cool app and I am kind of super excited for them and hope it works really well because he was super charming! A dude just came in with a flyer for this super cool new ""we deliver anything' app and I am just like... will it bring me lots of wine? [SEP] @supsuphannah and you wonder how weirdos know where you live...",36.4,69.8
759989581353656320,468112742,1491036462,It really sucks knowing I am the 1 friend that is never satisfied with a set and that I ruined that for myself. [SEP] @SavzProbz what more could you have asked for?!?! From what I heard he dropped everything,57.0,72.0
758275754077614080,743856512,76548333,"Promises made by politicians are like gas passed in a crowded room. And in an empty room as well. [SEP] @J D Landis hello! Sorry if I sound stupid, but could you help me understand you are tweet? Can you explain it before I make judgement?",46.4,73.4
759942546344677376,89487839,709847037194276868,The CFL is pretty intense. I like it. [SEP] @richardnogginII you probably love maple syrup on everything and apologize too much. Damn Canadians,41.8,63.8
759407711058624512,131442917,2575433023,So West Indies won the toss and elected to collapse? #WIvIND [SEP] @gauravkalra75 Who exactly gave you the chance for what you are again?,77.66666666666667,54.0
757833633621168128,228162556,468432336,"Morning. Family for lunch. Friend still here. Best news, finally allowed to share, daughter &amp; husband expecting baby. I am so fortunate grinning face baby medium-light skin tone [SEP] @professoredith Husband expecting a baby? Well good luck with that!",69.33333333333333,64.66666666666667
756588541858213888,1605611377,756560811330506752,"All criminals are terrorists no matter religion, crime has no colour, blood is red for all humans, restrain yourselfs from labelling #Munich [SEP] @KastratiMet you meant all terrorists are criminals right? Because theft does not make one a terrorist",62.0,71.0
755928437789949956,27717086,25399317,"I hear no policy plans AT ALL. Just dropping bombs, fantasies of erasing Obama, jailing Hillary and oh yeah vote Trump. #RNCinCLE #RNC2016 [SEP] @FenwayMae You are voting for Hillary?",49.0,55.0
755752124118630400,14317810,207424071,"By golly, I sure am seeing a lot of white men who work in media saying ""I am not sure I agree that Milo should have been banned."" [SEP] @brosandprose Ad hominem, do not generalize race/gender, it only appeases other feminazis. -Sincerely, gay white man happy Milo's gone",46.0,74.66666666666667
754744757264478208,939784946,470854615,How do you say route? [SEP] @DWolfepack what happens if I use both?,37.666666666666664,79.33333333333333
750489789745524737,770254346,2265074966,Ughhhh I need to go out and find something to eat weary face should have gone grocery shopping today downcast face with sweat [SEP] @SilencedHippie sounds like someone has munchies face with tears of joy red heart,28.6,75.0
751047878437642240,7237762,18833047,"If I write 160 Google Maps reviews in 2 weeks, I get 1 TB of Google Drive space free for two years. Can I do 12 a day?? [SEP] @kadesoto Are you visiting 160 different locations in those 2 weeks? Please do not abuse the system. #gHelp",87.0,71.0
750524301284179968,459872442,132697778,"""How can you still be for Clinton over Trump after today?"" ""Today"" meaning ""Trump praising Saddam's anti-terrorism chops?"" #NeverTrump [SEP] @RadioFreeTom Have you considered Gary Johnson?",61.666666666666664,69.33333333333333
748548758422589440,944568625,2389538617,So why is no one talking about the fact Trump almost got assassinated... [SEP] @audraluke because in reality we the people want trump dead lol. The media just says other wise,55.666666666666664,73.66666666666667
748210903317909505,459300067,182539610,I am at the pass-me-the-popcorn stage of all this #Brexit #BorisJohnson #PLP #WTF [SEP] @TOWIWoolwich open racism in general Gordon Sq this evening. Put the popcorn down,64.33333333333333,62.666666666666664
748201382679879680,16651282,741090217,"So a controversial announcement from the diocese just hit the streets, and told people to call me or the bishop with questions. [SEP] @revlucymeg Congratulations on your promotion to diocese spokesperson. Bishop postion may be up next!",55.666666666666664,54.666666666666664
748077758312505344,19569136,706214646181699584,"#HeterosexualPrideDay no such thing, no need for such a thing either, there is been no struggle for people to be openly ""straight"" [SEP] @CAA Official if you want heterosexuals to be open-minded and not homophobic I think you might have to give them the right to feel proud too",70.0,51.666666666666664
747853741479583744,391103500,188468305,"Relying on music to dig me out of the giant hole that is life [SEP] @MichaelKilbey You are alive though, some are struggling for their last breath, I believe in you, you will be ok smiling face",56.333333333333336,79.33333333333333
746211987139420162,762522504,249787046,To people that think YouTube is not a real job... 1) I get paid by a corporation to produce something. 2) I pay income tax. #DropsMic [SEP] @Barnacules jerry I think it is more accurate to say you get paid by a corporation because you do something. Not the same working for msoft.,70.33333333333333,66.33333333333333
746324865683054595,2896587396,2607311364,i imagined 1d throwing a halloween themed party lmao why #1DisDeadParty [SEP] @glitternjh bts already did twice lol,36.6,65.2
743662868642435073,38555983,57103926,I do not have to always agree or like your opinions. Still can be friends and accept we are not going to see eye to eye about everything. [SEP] @FoxedItUp At least we can all agree that you are the cutest! :3,38.333333333333336,44.0
741906929019064320,2581231892,3234661898,"my heart hurts and i am scared, its not fucking safe anywhere i hate america [SEP] @DINAHSPRODIGY do not say that because there is places across the world that has it worse than we do",76.33333333333333,54.0
739924623513538561,242651047,70577412,"I gave it all up to marry my husband. His career is doing great now. When I met him, he was just an engg. student. Had a Nokia 1100. Lol Life is funny like this. I have always earned my own money. Paid for my education, worked my ass off. Had a lucrative career, full of growth [SEP] @LifeofSigh Hahahaha and I read that when you first met him, he was just an ""egg"" and was thinking when did he hatch thinking face face with tears of joy face with tears of joy face with tears of joy beaming face with smiling eyes smiling face with horns",80.0,81.33333333333333
739213985933885440,2973722554,429304526,telescope video camera television YOU HAVE SUCH GOOD TASTE IN MUSIC N TV N FILMS wld like 2 b you are pal to be honest [SEP] @sealsk1n thANK YOU very much but my music taste is ATROCIOUS,72.66666666666667,92.0
738448088868761600,1579739923,2379347629,Not for anything but these toolbags on the Sonic commercials are why I have never been to Sonic There I said it [SEP] @CaCarriec1976 toolbags? That must be more of that alternate Sonic Boom bull shit. Lady try out the classic 2D stuff on Steam.,45.0,69.0
738581133772783616,388071198,2210530734,"the day you stop loving is the day you die. [SEP] @RokaSuraj Who says there is no loving after death? You have not seen life after death, have you?",49.666666666666664,50.666666666666664
737786705529315329,245590716,1936495952,"Yes you go girl! Stand up to the people fighting for animals rights, the global environment, and our own health! Bring down the movement! [SEP] @deliasalcido girl I was saying that for her going against the grain and stating her stance knowing she is going to get attacked lol",47.333333333333336,61.666666666666664
737484646464651266,564056624,25214778,"Also, Golden State is the best team in NBA history Best offensive player in NBA history #MVP #GSWvOKC [SEP] @tomcat340 but there not though, have you watched basketball before your mission?",39.666666666666664,87.66666666666667
736710192012791812,2556003049,4602718162,why is OCD a thing someone tell me WHY [SEP] @turnthepge because everything has to be in order and done correctly or life is over and incomplete,42.333333333333336,80.66666666666667
736311347898515456,22552737,256454070,It is taking twice as long to drive home from Montreal airport than it took to fly here from Toronto #travelirks [SEP] @torri higginson A lot of traffic OR do you just drive slow! =oD,58.0,64.33333333333333
736198618902827008,50853348,4841486089,"Viewer : ""WTF is this clickbait shit. I saw the thumbnail and thought it was in the video"" Me : ...... ........ ....... [SEP] @NepentheZ I just do not like how you put what you have in the title and in the thumbnail gives away the video a little bit",36.0,71.33333333333333
735544564480507905,218392174,2313829969,Last night someone asked me if I was famous and I felt so cool [SEP] @its malls yeah but are you?,22.8,61.4
734608407806803968,36086957,18800706,"Hate when a realization is unsavoury. Like when you realize that as an adult there is no such thing as a BFF. For kids, yes...grown girl, no [SEP] @TanglewoodThick I am all grown up and have two BFFs and lots of friends! smiling face",29.666666666666668,64.0
733306984796180481,118132946,350125288,can Donnié come over &amp; put 2 braids in my head unamused face [SEP] @lilBRINA watchu need two braid for? eyes smiling face with smiling eyes,26.333333333333332,90.66666666666667
730862321933815808,101961589,3063655636,Headed to the gym early today [SEP] @ RichWilson95 raising hands medium skin tone What did you focus on at the gym today?,11.136363636363637,81.72727272727273
730110797582475264,2545866543,1268105978,I cannot wait to meet Raye's children. They are gona be beautiful. [SEP] @kendrilogan lol she having kids?!,55.0,70.0
726186811672899584,300343248,1631465593,"Love when my family gets together and has ""steak dinners"" =] [SEP] @HartleyTrask Mmmm! Do you and the family cook those steak dinners together? Or go out to eat?",8.333333333333334,83.33333333333333
726940876052807680,1636079106,2897674359,The walking dead and chill? [SEP] @jarvis lucas sir it is actually fear the walking dead at the moment. The walking dead is presently inactive.,77.66666666666667,51.333333333333336
726205461188370432,1928805007,37135580,Trump's new delegate total: 1002. He only needs 235! If YOU know voters in Indiana - PLZ explain 2 them Ted Cruz MUST win IN to stop Trump! [SEP] @Sassy Gal yes we need the vote for TC in Indiana but those numbers are wrong #nevertrump,31.0,68.66666666666667
725522017789702144,584462476,191167601,"Not sure why a 1st round game 7, is taking place same day as a round 2 game 1? #nhlplayoffs [SEP] @Mandypants 34 Major League Baseball plays pre-season games every year after opening day of reg season. It is no big deal.",72.0,67.66666666666667
724686772018548738,928392025,2265314952,"Not enough police to enforce either side staying on the sidewalk at the #DonaldTrump rally in West Chester. [SEP] @AshleyCarelock Because all the other cops are doing their job. You know the one where they stop speeders, drunk drivers and such you twit.",54.666666666666664,68.33333333333333
724597933262303232,259817573,459726549,Some black women will ignore all the men that is attracted to them and focus their self hate from the ones that is not attracted to them. [SEP] @Suzuki Bj Some of all women. Not just blacks. #LoveUs,48.0,79.66666666666667
723382693291925506,135527736,153615071,I forgot how much I fucking hate Chicago sports teams until just now. [SEP] @bschu526 that is okay! I do not think Jake Arrieta likes you much either #NoNo,78.66666666666667,57.666666666666664
723414683030429696,874130714,3004012974,"I was really hoping the two I wrote that latest article towards would at least somehow respond to it but oh well.... [SEP] @korigaming They are YouTubers, and one of them makes shitty clickbait. Their opinions probably do not matter.",57.666666666666664,79.0
719851805702823936,434022533,60401968,"@LVranjes Off season NFL 215 days MLB 152 days NBA 136 days NHL 118 days Football 91-99 days Handball 82 days I am curious how my players feel after 3 games in 3 days.Insane, if you ask me. Can you imagine that football or any other sport does that? see-no-evil monkey [SEP] @LVranjes id like to point out NHL plays over 84 games before playoffs start. Teams can play 100 games in 7 months.",34.333333333333336,50.0
719222733075140608,3187177261,1352511386,"YOU try balancing an introverted, prone to grumpy, adult and a sensitive, adrenaline junkie, little. It is not all light and rainbows. #JS [SEP] @spottedMinx Not as difficult as you make it out to be",38.0,55.333333333333336
718905896672231424,985500626,712705052226392065,Everyone is making me do shit for them today &gt;:/ [SEP] Can you organize my email inbox for me @lesbiansatanist? Thanks!,9.333333333333334,88.33333333333333
718877994195030016,19563859,24158053,Incredible that I can have a better video camera in my pocket than one used for a TV ad in 1980. Sick man. Good sick though. [SEP] @WH1SKS with that sort of technology you will be a YouTube sensation in no time.,17.666666666666668,94.0
717382205954240512,1281464653,786994033,"spent most of my months wages on a holiday at the end of the month this is why I should not work in a travel agents #skint [SEP] @Bak148naomi am sorry that it is pretty weird, but if You ever get that skint, You are so hot i would pay You for Your old worn tights",66.66666666666667,74.66666666666667
713418598614712320,44101636,792465234,"My website is full of me boldly nakedly shaking my Tata's. [SEP] @sophie coady Can I have a free guest membership, please? I am a poor mature student frowning face grinning face with smiling eyes X",60.666666666666664,62.333333333333336
713394461968113664,202522497,304266003,"Batman V Superman is an actual factual shitshow. If you like transformers you will like this movie. [SEP] @RhythmBeatMusic Well you must not read comics or know things about super nerd stuff, the folks DC made the movie for. No Commoners allowed!",50.0,94.33333333333333
710586137878769664,3393828433,107176106,Tomorrow Friday smiling face with open hands [SEP] @magioodeniro and yo ass still gone be At the hut face with tears of joy,36.333333333333336,58.333333333333336
708865456216485888,2251394929,1631449087,&gt;parents nag at me to eat dinner &gt;considers that another reason to not eat dinner [SEP] @TheBoxMaster No dinner? Did not that leave you starving last night!?,45.333333333333336,68.66666666666667
709161526188503041,383921287,3089398786,Arsenal fans man. Just calm the fuck down Wenger clearly did that on purpose so now we can focus on winning the prem #masterplan [SEP] @JoeMoneyVII you should concede to the fact that there is no master plan and for a decade you have been treading water #wengerout,36.0,70.33333333333333
708296192082485248,146993258,2157180078,"ROFL Ben car son is on tv in this lobby and he is like ""socialism is giving the government all your money and control of you are life""&gt; [SEP] @gpike he just endorsed Trump...smh. who are you voting for??",35.666666666666664,85.66666666666667
708419413263958016,29516092,341829870,"Just when I have faith our nation’s youth will rise up and save us, one of them breaks 4 different submission guideline rules at once. [SEP] @crmonks @mcsweeneys revolutionaries break the rules!!!! APA is far too bourgeois",70.0,65.66666666666667
706515617025814528,69690304,339179288,"If you do not know the meaning of ""Natural Born Citizen"" here I go: It is someone born in THE UNITED STATES, not in another Country eg:Canada [SEP] @alfredoscorner that meaning has a loop hole in the Constitution but if you want a real issue to worry about research #TPP",65.33333333333333,87.33333333333333
704758484143702016,264584427,126030316,I am scared. I am angry. And I really need to kill someone right now. Preferably me. [SEP] @Seanchai Dorcha Do not! People would miss you! :(,31.333333333333332,91.33333333333333
704195732849467392,478823758,3010962039,"Trying to sleep beside a baby is so uncomfortable I often have to get up in the middle of the night to stretch, or end up too stiff to move. [SEP] @apihtawikosisan dear one that is so very dangerous. please do not. many babies are smothered as their parents roll in their sleep. blessings",19.333333333333332,94.66666666666667
699352324322566144,103242970,4877559310,I am feeling so bad I have got a cold and a sore throat my everything hurts I cannot remember when the last time I was this sick was [SEP] @LegendaryJustin hey mate. I was ill last year but started taking a product which has helped prevent it this year.,29.0,89.33333333333333
701617755901009922,2393063119,1065102552,COMPLETE THE SENTENCE: JESUS WAS [SEP] @SassCBrown Its actually Jesus *is* (not *was*) God and man. John 1:18 ...the only begotten God. Incarnation as man-1 John 4:2.,24.8,73.6
701240609005109248,96497966,35021054,Are we still debating whether this is IU's best game of the season? Are we? Leading Purdue 57-40. One turnover in 30 minutes. This is absurd [SEP] @GreggDoyelStar I miss the old Greg. I liked your edginess in the past.,70.0,81.66666666666667
698743237729603584,135062529,1433439362,"Other genuine request to manufactures pls do not put 1080p screen if the chipset is not powerful just for specs, it ruins overall experience [SEP] @geekyranjit Sir looks like you are in a bad mood today... YOU have been rambling from morning... What happened?",35.0,66.2
698728146468741121,58510019,558156857,If you find yourself getting heated over this election and are tempted to insult someone...step away..you are taking this too much to heart. [SEP] @pambesteder But yet you are a Trump supporter. How does that make any sense?,71.0,75.66666666666667
698504900955795456,2876914041,3355439926,Pencil skirts and pantyhose in 20° weather &gt;&gt;&gt;&gt;&gt; rip [SEP] @isabella ruizzz at least the pantyhose keep your legs and feet warm right?,23.333333333333332,85.33333333333333
697784800770326528,818660856,1011317648,Morning!!!!!!! Who wants a shower pic!? [SEP] @SavanahRoses # morning .. Have not seen your clam in a while,48.666666666666664,50.666666666666664
697202293096128513,956700876,956716213,When something really bad happens to someone you love dearly it can get really hard. Especially when you are not sure how to help them [SEP] @suraiyalangrood Especially when they are out of your reach as well,35.2,74.2
696454823940657152,25535447,1048632992,"Yes, make War and Peace extra long this week so we all miss Deutschland 83. Duh. #Deutschland83 #WarAndPeace [SEP] @KerronCross ...YOU shudda recorded #Deutschland83 ...silly",54.666666666666664,79.66666666666667
696125732607692800,19078594,21837458,"Who believes that heavy twitter usage (reading, posting, replying, etc.) can contribute to stress and depression? Because I am starting to. [SEP] @scottEweinberg I think relying on Twitter as an emotional outlet is very harmful. I mean, not deathly. But unhealthy",73.66666666666667,73.66666666666667
695657435982405632,28601983,3309896324,"I went to my annual physical. You know,the probing ""let us get to know you better"" physical. Should not Healthcare insurance include a dinner [SEP] @LaughNYC Oh yes bend over this will not hurt a bit , hope everything comes out alright.",46.666666666666664,59.0
696073780028841984,242368265,17887093,"Haha, I paid $6 for toast. I smell weed everywhere. Great one liners. Go to the neighborhoods &amp; meet people who make up SF. Dear national media: If you are in SF for the Super Bowl &amp; all you see are tech bros, weed &amp; avocado toast, you have missed the essence of SF. [SEP] @hangingsliders that takes time and actually putting in effort though.",44.333333333333336,72.0
694698948028715011,2501815539,539786954,"So desperate to go out this weekend, but I am so skint. It hurts broken heart [SEP] @shannonhevo1 am sorry that it is pretty weird, but if You are ever that skint, You are so hot i would pay You for Your old worn tights",41.0,81.0
692080910263517184,428585382,429553208,"I hope there comes a point in my life where I look back three years and do not have to say ""man I was pretty stupid then"" face with tears of joy [SEP] @BigSow75 that is the dumbest thing I have ever heard",53.0,72.0
691614104990191616,398485625,390832586,i just remembered i should probably try to get SMFC/GE again my main's back to LEM so i might as well try [SEP] @Yukiko37564 you would feel nothing once you reach there Ely lol it is like rank does not matter anyway if you cannot perform as good as rank,40.666666666666664,89.0
690403770858102784,21174524,37855682,"Kylo Ren is every kid who grew up with a great family, and still ended up a fuckwit. Proving that nurture only gets you so far. [SEP] @betweenfailures I got the impression he became a fuckwit because of all this. He is an .asshole, but it is not entirely his fault... do not know",53.333333333333336,78.0
684214762452815872,24135124,2684953404,I honestly think that one of the hardest things about this whole long-distance marriage thing is having to put duvet covers on by myself. [SEP] Yes @bezukhova and let us not forget to wake up alone every single day,37.333333333333336,76.33333333333333
688462963078909953,3041733084,3017618403,"Do Not know which is more annoying. B/c I like 1D everyone thinking I am 12 or always hearing Louis, Liam, Niall, Harry ""GIRLS"" I Am 30 &amp; male [SEP] @1dfantx85 Your so right. You want to go by Big Louis Boy? :)",47.8,77.8
686717780855406594,615597242,789357980,Fuck feeling sad man [SEP] @Demay Tristyn you are way to hot to feel sad I would hang on that D all day n night to keep you smiling!,39.0,62.333333333333336
683607428873728000,2828710659,1564225160,My dick mission is a no go angry face pouting face [SEP] @zazi1273 you look too pretty to have a dick. grinning face with smiling eyes,42.666666666666664,71.66666666666667
683761508824776704,238287890,997095254,"Hey Twitterati...I hope it is not to late to wish everyone a swell 2016... [SEP] @MaupeO hello maupe and happy New Year! Am a fan of you are sunrise prog! Pls wat does ""maupe"" means? I guess it is not yor name! Have a fun wk!",33.0,63.0
684490486728515586,15362786,361047536,"I feel Dreamhost is going to give me my walking papers sooner rather than later #serverissues [SEP] @MusingsofaMuse I think that if you could get some1 to proofread you are articles 4 both spelling &amp; grammar, you could turn things around! B positive",27.666666666666668,87.33333333333333
684520594545733633,600559538,3472834455,"Well after my poll on what to have 4 dinner could not make up my mind so I had chips n dip and beer grinning face with sweat grinning face with sweat ! Tx anyways!! [SEP] @saraturner19 I missed the dinner poll, darn. Love Food Polls, and Food Porn.",11.666666666666666,87.33333333333333
684238504482611200,274760347,20885884,NOOOOOOOO!!! I did not want it to end! Have you ever seen a game where more plays were made over and over again by both teams?! #KUvsOU [SEP] @937JohnGaskins only comparison was the Kansas State-Xavier NCAA tourney game a few years ago...plus it was called by Gus Johnson...,67.0,50.666666666666664
677272739904909316,80364879,64714754,"FWIW, I enjoyed #NXTLondon a lot. No bad matches (except Samson/Bull for next week's TV), great crowd, great main event. And Asuka. smiling face with heart-eyes [SEP] @Gwailofilms i did not know you were into the oriental lasses face with tears of joy",57.0,75.0
673892813877223424,82678132,2809697329,"Fortunately for Jansen/Chapman, teams do not pay RP based on saves anymore, so ""who closes"" thing is probably already overblown for FA. [SEP] @mike petriello sshh... Do not tell that to @molly knight",52.666666666666664,65.33333333333333
673551931080630272,369492740,739463748,what am i to you? [SEP] @criedwoIf where is the option for Kath??? Disappointed 0/10 will not vote,48.8,72.6
672268474098581504,1431525422,1602585740,In need of some powerful encouragement. [SEP] @AkeilahSays what is up with you #seriously,30.0,84.66666666666667
671371275340787712,5827,14947707,"Seriously! WHO gave you Web Standards - do not be afraid. Answer the question without thinking about it. [SEP] @mollydotcom Zeldman (honestly, that is the first thing that popped into my head after reading the question and ""not thinking about it"")",71.33333333333333,74.33333333333333
668866564200996864,275768187,64204391,"With my previous tweet,I feel I have said all I need 2 say &amp;will not entertain internet trolls who want 2 act like they have led a perfect life [SEP] @BuckeyesGirl33 he was wrong he apologized. end of discussion. but your naïve if you think there is no issue within that locker room.",26.666666666666668,63.666666666666664
668600674008068096,1571264323,2887601745,Luke Bryan was laughing at 5sos slightly frowning face ~g #5SOSonAMAs #MTVStars 5SOS [SEP] @5sosUpdateLive well Luke Bryan writes sucky music. So... He needs to shut up cat with tears of joy,57.333333333333336,51.666666666666664
664823024814792704,88168692,17129384,The only people fighting for Britain are Britain First. People who criticise them really make me puke. They at least fly the flag. [SEP] @Jonteinspain If you knew the intimidation and violence those guys were repsonsible for you might feel differently.,57.666666666666664,69.66666666666667
664801267038953472,587970163,1607140765,"My public service for #Mizzou students, ""#Life101"" 1. Lies are bad. 2. Truth is good. 3. Hysteria is bad. 4. Logic is good. #teaparty #tcot [SEP] @JewishOdysseus the teaparty has gotten most of its members due to hysteria so it cannot be all bad",26.0,60.333333333333336
664467246480273408,132740382,3031435563,"Lol, iPad ""Pro"". [SEP] @technofou Lol, Surface ""Pro"".",62.333333333333336,50.666666666666664
659883697785671680,124760307,1921173012,But you could of said i am glad you got home safe.. not i am glad you did not get killed [SEP] @JAYC64 you did not tag me and same thing,61.4,64.6
657915716138569728,3284315089,3116664639,"literally no malia stans hate lydia, so why do lydia stans hate malia ??? [SEP] @dylanspraygifs absolutely no one? As in you have checked and are completely sure no malia stans hate Lydia?",53.333333333333336,37.0
657079884330635264,566015604,1238199564,I hate hotline bling with a passion now [SEP] @Lxrd Tra but you made a song out of it,19.0,58.0
656508925009862656,352572555,161569932,You dress like a 13 year old slut [SEP] @Alyssa Lomb I am sorry I will change into more conservative clothes,32.333333333333336,74.33333333333333
653060459520729088,16403943,201798008,"An obvious effort to injure by Chase Utley in a nationally televised playoff game. Curious to see how strongly MLB considers a suspension [SEP] @RapSheet How could you possibly know it was an ""Obvious attempt to injure"" Ian? Normally I am with you 100%. Utley does not have that Rep",20.0,95.33333333333333
652927625690656768,863241565,28948310,"Hey Wisconsin, did you bring enough insulin to get through the game? #firstarmoredkielbasabrigade [SEP] @DaveMillerKLIN what?! Confused. Foundation for this statement is...?",56.666666666666664,70.66666666666667
652239344783114240,3018985736,3018983354,"My doctors appointment has been switched from the 21st to Tuesday open hands light skin tone and with a girl doctor ! Not my family doctor ! folded hands light skin tone [SEP] @GamerInTraining wow now people need know you are shit on this great thing to post kind of like on "" vacation - to -"" please come robe me lol",29.333333333333332,84.66666666666667
650487898417012737,2224267087,1963058718,"national boyfriend day??? lol that is a joke [SEP] @knotts h there is a national girlfriends day.....ahahah what is the difference, it is just a day to show off who you are with",54.0,61.0
647396209426956289,157381435,20619175,"Mourinho: ""There is only one who manager not on this list. Good for him. Can speak about referees, can push in technical area..."" [SEP] @MiguelDelaney Quite sad to see that a room full of journos &amp; not one of them had the balls to ask Jose about his treatment of Eva Carneiro.",37.666666666666664,88.0
645681079626649600,788018329,501019669,Random: why would Orthodox women wear heels? [SEP] @misscherryjones May God save women from the Abrahamic religions.,60.0,66.66666666666667
643310319163412480,852226670,861955345,Skating Is cool and all but it is so damn tiring I cannot wait to start driving to places sleeping face zzz [SEP] @Skehps Getting a new car?,58.333333333333336,40.666666666666664
644274771127984128,34319820,630407886,My aunt in Killeen gave me her recipe for these wings she makes &amp; I finally tried making them today &amp; they came out good ! beaming face with smiling eyes [SEP] @rednlovelyy Glad something good came out of Killeen...LOL JK,38.0,64.66666666666667
642350833334509568,48218536,24384696,"Is CSS animation still really unable to handle jQuery's .slideDown() case with auto heights? Any animation junkies have clever solutions? [SEP] Try @greensock, @gnarf. Once you go #GSAP you will never go back... to jQuery animate.",31.0,56.666666666666664
641289280292265985,1563023174,561010803,"Having to walk to Liverpool Street with this ugly hole in my tights neutral face persevering face [SEP] @misshollybailey am sorry that its pretty weird, but please do not throw them away, as You are so hot i would love to buy them from You",22.666666666666668,64.33333333333333
641328121082417157,24057931,22323406,the 2016 baseball schedules are out!!! I know most people are not this excited about this in September but I am! lol [SEP] @ddeluciaa today's not the day...lol,39.666666666666664,64.0
640988059127939072,841550833,3233812790,So proud of all the boys tonight done great soccer ball four leaf clover Ireland so proud of my Whelo red heart #COYBIG [SEP] @karen3403 must be nice hearing #dunphy saying something positive for a change! Whelan could be an unsung hero get the simple things done!,72.33333333333333,66.0
640965962653691904,3319644820,1066939044,Now i know why i do not like any website for furries! Because of the furries! [SEP] @BoryLopEar a furry who does not like furries? ^^,52.666666666666664,96.0
638518327782969345,3394650857,3318176737,||I am sorry. I am a jealous bitch. So yeah. I am probably going to stay offline if that shit continues [SEP] @CupcakeCutcness //Is everything okay? ;^;,59.333333333333336,71.0
638377707705909248,126844122,3042045465,"The amount of money teachers have to spend out of their pocket, for things needed in their class rooms, is freaking nuts. [SEP] @jcase the amount of money that is wasted by students that teachers pay for is unbelivable.",29.333333333333332,97.0
638288304824172544,630249484,2157759553,"I once saw a man fire cherry tomatoes out of his foreskin all around the pub. [SEP] @ESLBarry ""A man."" I think we are all beyond pretence here Baz.",40.333333333333336,47.0
638179962747514881,14449891,33847447,"""If I had a daughter at the time, would I have gone on the stage and grabbed the mic from someone else's?"" No Kanye. Why is this about TAY!? [SEP] @bhakthi Kanye is such an ego freak.. He just says what ever he thinks people will talk about!",47.0,68.33333333333333
637952431553409025,938078466,3135007857,oh no but. if the day after tomorrow is the first of september. that is when my drs appt for my anxiety is........... [SEP] @transsnape keep getting better by urself without meds,18.0,63.333333333333336
636644840265138176,86798925,1618461726,Think I need to get a double bed. ... One #fatbastard and 3 cats is a tight squeeze in a single..... #thatisall [SEP] @tgminish you are a twitter King so go for a Kingsize!!,37.666666666666664,91.33333333333333
636001788466974721,75692320,3360452589,"When you do this as often and long as I have these things get boring. Not even offensive anymore. [SEP] @Kalyx triaD You very clearly took offence. lol. Its not a bad thing to be starting at something. It can take decades to get good sometimes,",60.666666666666664,76.66666666666667
635810112280600576,561009819,1622093011,I wish Saber was driving this bus [SEP] @MartyMcFuckboy You wish Saber did everything,61.333333333333336,57.333333333333336
634537719612489728,3023326146,218994916,"The Braves pitcher tried to make a candle with recently purchased supplies, but Foltynewicz had faulty new wicks [SEP] @CubsLiker It is not funny now either.",43.666666666666664,52.0
634096358488731649,20690398,469797841,"Well, Hitman: Agent 47 getting spanked on RT. Not going to lie. Kind of glad its going to be us against video-game movie history. #warcraft [SEP] @ManMadeMoon Ahah I like you but you seems awfully sure of you about this one (hey I certainly HOPE it will be the best video game movie)=D",54.0,49.333333333333336
633438945032826880,19619986,50691135,"Still, at least I am not Pharell Williams, 65 million streams of Happy on Spotify and he gets $12000 [SEP] @grantkirkhope Music's a rough business. It is the passion and love that keep it going.",32.8,64.8
633002376748773376,3249106926,2529204941,"I prefer Shawn Mendes' version of Drag Me Down than the original smiling face with heart-eyes [SEP] @SundyDMs comparing idols is not-well I uh, well...nice.",41.333333333333336,97.0
632561633613643781,2482309983,303523830,Lucci pose to be here in September I believe [SEP] @AShamonR and you still could not go,38.666666666666664,79.33333333333333
626584219817508864,1905241086,22985837,Wow learning a lot about how Sean runs HIS household... Wtf. #thebachelor #celebritywifeswap [SEP] @xxXShaXx I do not think that she is complaining about the life that SHE chose. So why are we judging?,45.666666666666664,60.0
626248262991785984,456146676,348907552,ARE THERE ANY GUYS OUT THERE THAT ACTUALLY LIKE SEEING PLAYS!!!! no? k [SEP] @katlynemagana plays are not too bad but I will not see another opera grinning face with sweat,29.0,84.66666666666667
624194499707846656,126772310,490983410,I want a Cock [SEP] @KatieKuma Becareful what you ask for? You just might get it. ;) xD,49.333333333333336,76.33333333333333
621806738417692673,22960394,73242703,"Obama cannot stop the deaths of 22 Veterans a day, but he is going to get to the bottom of the #Chattanooga terror attack? #VASCANDAL #FixTheVA [SEP] @jknoxville your acting like the terror attack was nothing and it was not.",70.0,90.66666666666667
620875935017865216,2235234559,2324319884,says the acc with 154 followers ok frog hot beverage [SEP] @ohavonsangel but I have 6k followers? wyd xD,38.6,76.2
620739010462285824,14393293,14341524,"Anyone have experience with Lego Mindstorms? Amazing, or meh? [SEP] @kamcgregor amazing but overpriced. You could do better with some of the other kits available now!",33.0,81.8
620458150924128256,217143465,63783578,And men I do not know on OKC? SUPER BUTT HURT. Frequently get repeat messages telling me off b/c I did not reply right away. [SEP] @JenWilliams13 Those blue pills only last so long. smiling face with smiling eyes,47.2,58.6
619983109866586113,55299213,2834003365,Snarkalecki is back on form. [SEP] @winchesterwoman do not call him that he note snarky he just stating his opinion .,50.2,69.6
606637808732602369,2257251378,2164790520,Miss you brother!Cannot wait 2 go 2 Cancun for you! winking face Love you! #TravisAlexander #T-DOGGlives #perryvilleRawks! [SEP] @StevenJA86 so how much money did you raise for your trip? I saw the pages. Sure are milking the donations of generous people. #godfolktho,67.0,57.666666666666664
616508191350763520,1618387652,3330513279,What an incredible night of dancing!!! #truetalenthere #thedanceawards #wtgkalani #top4teenbestdancer [SEP] @kiragirard the truth is that you got into a physical fight with Abby because she commented on kalani's weight. Why will not you tell the truth?,47.333333333333336,48.333333333333336
615255334752546816,64543829,134016440,"I see humans, but no humanity. [SEP] @xproudtobeacule did do anything related to humanity recently? #Justasking",63.333333333333336,55.333333333333336
613825590165004288,368795343,162386065,Price should win the Jack Adams for sure. We certainly were not successful because of Bumblefuck on the bench [SEP] @CareyTheTorch not an expert but was not aware he was a finalist for that one,9.0,90.0
613547510699679744,132077456,473485405,"I want a drink, but I am not allowed to have a drink right now. disappointed face beer mug [SEP] @Shelby Cakes sorry kiddo *grabs a beer*",34.333333333333336,52.0
613526547908173824,26335548,58092635,I just do not understand why guys in real life cannot be like Augustus Waters!!!!!!!!! loudly crying face loudly crying face loudly crying face loudly crying face loudly crying face loudly crying face loudly crying face loudly crying face [SEP] @eissacviola because he are not shit smiling face with smiling eyes,46.0,94.33333333333333
613076234159853569,15378305,3185585770,"A little sad that the community thinks Keith is a bad move. Keith is a player with tons of motivation and willingness to improve. #keepkeith [SEP] @DamianEstrada I mean, have compassion a bit for Wildturtle. He is a human being as well... I DO NOT KNOW, feels pretty sad.",65.0,80.0
611644398275682304,76239462,3065894351,Fasting this year will be hard ;-; [SEP] @ocaritna Fasting for you is religious correct? Something to do with demonstrating faith through restraint?,56.333333333333336,65.0
610751936984256512,2494373558,3232828328,"I like you but I am not going to chase you i am not a track star. [SEP] @ Trillxst you are right, you are fat and out of shape face with tears of joy waving hand medium skin tone",56.37931034482759,66.0
609890934222884864,364042419,1852600628,I was never meant to play basketball... [SEP] @ImEvanThomas you still are not over that block?? smirking face face with tears of joy,52.666666666666664,83.0
609255091695042561,1484357437,1105493148,"I was in 2nd grade nd had a class teacher by d name of Yolanda, she use to hv dese big long nails Ouch #pinchme #SweetSchoolMemories [SEP] @ubercoolsanam Woah! That is cruel! Why Would someone name their child Yolanda?",25.666666666666668,59.0
606457352997330944,47052792,87452219,"Someone actually just tried to argue with me that Slavic people not being in games is the same as PoC not being in games. Let that sink in. [SEP] @stopthatgirl7 It is not that I completely agree, but are not you taking a very USA-centric approach on things?",55.666666666666664,72.33333333333333
601413569255616512,367022521,353369566,"Anyone want to drive me to get my haircut? I will buy you lunch [SEP] @jack davis4 lunch with jack Davis ladies. Plays college lacrosse, is very sensitive, and he has the complete Kent and Barbie playhouse set.",66.0,73.33333333333333
601188675209289728,1653996704,388987738,I hate when wrestlers be so rude to interviewers. [SEP] @itsDevT82 it is scripted you know grinning face with big eyes,45.0,64.66666666666667
601071711170211840,2222953573,27593378,"Not a brilliant question, but Berahino, Ings or Austin? Who and why? [SEP] @EntireDesign Nobody. Because we are not a mid table club.",67.33333333333333,76.0
600597351644921856,264232148,2421265646,After yesterday's drama I hope people got themselves some education so next time someone says they do not care about Janet will not go @ her w shit [SEP] @KyrieEleison626 I mostly try to avoid it because I end up having to pick sides.,57.0,72.0
600583311354961921,1601996526,3180175197,And marc said i am disturbing [SEP] @KASHUUKlYOMlTSU i never said I was not though,89.0,69.66666666666667
600514089195073536,388152677,1311809850,How was everyone is long weekend? :) [SEP] @AODGames what do you mean long weekend? memorial day is next week,68.0,58.666666666666664
599447625461530624,421279012,592973324,"Parties agreed to extend the life of the conciliation further, to the 19th May 2015. [SEP] @pscbcnews your updates has no weight frikkie",62.8,79.4
599770670524813314,2183835127,183100874,WHY ARE PEOPLE TALKING ABOUT NO CONTROL SO MUCH LATELY? [SEP] @nourrysavior honey where have you been lately,66.66666666666667,76.33333333333333
599745756820545537,117711618,295943230,"another fact #Bamon are very close. he calls her when he needs to talk, because bonnie is listening, and his closest friend! [SEP] @CupcakeLady are not you tired of talking about the show? Lol i see people still talking about it and have no clue how...",63.0,73.33333333333333
598344440340582400,3184797784,3185462476,//Just for future references. Refrain from the F word. It is one of the only three words I hate. (/)(\) please do not get upset.... [SEP] @EmotionalRaven || It is fine. I was just testing my limits. Any others I should not use?,51.333333333333336,72.66666666666667
597224824285601792,322156746,546488656,Not looking for another boyfriend ... I am looking for a husband ..until than i am gone thug it alone.so you all can have that extra shit .. [SEP] @ iLoveYouu Mesh got to have a boyfriend to have a husband face with tears of joy face with tears of joy,67.0,71.0
596461356829843456,374249138,604886239,"Thanks to EVERYONE who participated in the Mike Miss Open today! Great time for a great because. Thanks so much. [SEP] @MikeMiss975 hope this is a real foundation not like that guy Don Tollefsons ""foundations""",52.666666666666664,54.333333333333336
596423808204017664,19152541,16928995,"Tonight’s Exit Poll brought to you by the Conservatives. [SEP] Er, why would they seek to influence an exit poll? Muppet. RT @dannywallace Tonight’s Exit Poll brought to you by the Conservatives.",82.33333333333333,60.333333333333336
596028366479724545,1337075358,88473897,"Az paye jaanaN jaaN hum riffat ayein hum riffat, waaN hum riffat (My life/soul is swept away with HIM I became Him, He became me) #AnalHaq [SEP] @WhirlingDervesh How can you be a Lawyer?",49.0,47.333333333333336
405528197737230337,386056280,35824607,Still true We are going to be so disappointed when the aliens land and they do not want to fuck us. [SEP] @MaraWritesStuff bored? Going to very old tweets I see! xD,77.33333333333333,74.0
594935070466514944,18459813,2800051644,"I do not know what was worse: Jamie Foxx's rendition of the national anthem or the #MayweatherPacquiao fight #refund [SEP] @jennifergould ...Anthem sung before the US Anthem?? Mr. Foxx started off kind of shaky, I agree; but it could have been due to singing last..",48.666666666666664,67.33333333333333
593994307004026881,1166388068,745652101,#reasontodateme I am great at 4 square [SEP] @RobertDye03 I laughed at this more than I probably should have,54.666666666666664,72.33333333333333
591797875891380224,566615633,54702309,Bush league [SEP] @BrodyC27 like your beard game?,43.666666666666664,85.0
591095347960676352,37974821,177777054,Do everything in love. (1 Corinthians 16:14) [SEP] @RachaelMadori Glad your time as a devout Christian taught you some cool bible shit. Remember the good old days? face with tears of joy,34.333333333333336,53.333333333333336
590312395714637824,322129286,104996720,Not sure what was softer there. Crosby skating into Lundqvist or the giant flop Lundqvist had following Crosby skating into him. [SEP] @G27Status damn boi you love hating on Pittsburgh,77.33333333333333,78.0
590265481887490048,198387947,1134979850,"I get several of those a week. Call centers are allways hiring. I just want another choice :/ [SEP] @Yarrickwulf check the San Francisco bay area, I guarantee you will find very well paying work out here doing the stuff you actually do",5.0,80.0
589973795672207362,936736848,560742932,I feel like we would be good friends because you are tweets are my thoughts! [SEP] @bradmurph19 @ me next time Brad,84.33333333333333,90.0
589897999553318912,394744971,402917237,"Family guy timeee grinning face with smiling eyes [SEP] @RazzaqMaz it are not even on you wasteman, got my hopes up, raised fist medium skin tone",38.0,67.0
589129338240532481,271447589,884852012,Back from therapy. Watching new Jojo. [SEP] @meowth900 therapy umm is everything okay?,33.4,86.0
587711264455012352,382511936,631922000,I am really excited for scotland but also really dreading it [SEP] @AccioClotpole wHY there is nothing here omg,56.666666666666664,83.33333333333333
587700470652764160,128527349,251322728,Suppose this is a good time to actually start buying xbox one games [SEP] @BecacHaig or you could save the money for a deceent PC,27.0,76.66666666666667
587471548405153793,218769976,78291632,"Some great stuff and to think I had my doubts. Pfft #Daredevil is fucking great. Movie quality. [SEP] @sixxcinn As apposed to the film, which is trash quality!",49.0,78.66666666666667
585951134310891520,14567084,105811301,Why the heck is not there an oven emoji?! [SEP] @thisislucy more to the point why is not there a middle finger emoji,27.6,80.0
584359648016244737,95825359,1912216669,The Wisconsin Badgers play a big basketball game today and they are going to win it. [SEP] @jweiss713 Tough loss for the Badgers! We will fight back next year.,74.0,78.33333333333333
585802446217154560,169033588,119727330,"I feel like many people use one Friend of Color as a litmus test for if they wrote/did something racist. Your FOC does not speak for all. [SEP] @suleikhasnyder I have so been guilty of that! (But learned from my mistakes. Or am trying to, anyway.)",50.666666666666664,90.0
584816332702646272,32233426,574479440,"My bath was so soothing. I wish I had someone to cuddle with and feel how soft I am disappointed face disappointed face #lonely #sunday #nofun [SEP] @BeahBunnie [looks around, raises hand] Uh, I would like to volunteer one day. Signed, your neighbor across the mall. :-)",35.666666666666664,77.0
582445658004668417,1489101810,261915295,I BEAT BLOODBORNE AND GOT THE SECRET ENDING [SEP] @kiliancopeland badass. You go girl!!,48.333333333333336,81.0
582641613819744257,66112630,808455554,"watching this documentary about folk committing suicide by jumping off the golden gate bridge, it really gets you thinking.. [SEP] @M4rtyn up for going to the White bridge for a walk?",64.0,55.666666666666664
582314641239457792,355470476,585438497,I am pretty shocked more people on my TL seem to be watching Wrestlemania than Duke v Gonzaga. [SEP] @PatriotsDasein I am pretty shocked that wrestlemania is still a thing..,50.666666666666664,59.0
582157670901149696,2500372273,1667551994,"Who do you think I am?! [SEP] .@nowibot You are Nowi, Nowi!",62.666666666666664,77.66666666666667
581612654109728768,349239263,803446376,The ending of #HouseofCardsSeason3 yesssssss! [SEP] @MandyVKovacs Umm Noooooooo. I was quite disappointed by it.,44.0,45.0
581417067737444352,1410340986,1356505207,"how you going to be rude af about bro stans then think you are my friend? guess what, I am a bro stan [SEP] @AceSastiel i specifically meant those who hate and talk shit about or complain about everything to do with misha/cas",74.66666666666667,76.33333333333333
580939191866904576,60247413,123132922,Mr Driver called in with a sick child #AustraliavsIndia . OK then [SEP] YOU can afford a driver?! @sunetrac,67.66666666666667,67.0
579090723829473281,20993993,974380190,Stop FGM. Pardon gay men convicted for being gay. End VAT on tampons. ORRRR...just bring back #Clarkson. What really makes a difference? [SEP] @sarahfwarman I still cannot get my head around the vat on tampons thing. To Be Honest I cannot understand why they are not free,18.333333333333332,91.0
578759875691307008,53296895,336270672,And Jabril Trawick is about to get a dead ball contact technical [SEP] @BSnowScout he did not know it was a travel. On top of that jabril does not give a fuck what you or anyone thinks,75.0,82.33333333333333
578653446741598209,2399687505,34712419,"Just to note, I do not think this country needs a war really. Or if we do, one against a small country that cannot fight back. Belgium, maybe. [SEP] @twlldun No I sell to Belgians they like safety...how about Gibraltar?",43.666666666666664,64.0
576556304266866688,904831369,2243080115,Hopelessly devoted to you red heart musical notes [SEP] “@SydneyHulin1: Hopelessly devoted to you red heart musical notes ” @ConnorHutzell,48.0,57.333333333333336
575829164604829697,226263057,1437294252,"How many pops would one have to hear from his ankle after fucking it up stepping in a hole chasing a dog to be concerned enough to go to ER? [SEP] @TedFlintKansas I would worry more about swelling-but OTOH, pain pills mixed with booze makes for a couch potato! #turninyourcarkeys!",54.333333333333336,49.333333333333336
575430856770121728,475036671,985629174,"I AM GOING TO FLORIDA JUNE 1ST [SEP] @amandaramsey you better not be on varsity for soccer, coach might get mad because of state.",58.333333333333336,58.0
574559009249722368,29412034,627177728,A question to tweeps who understand metaphysical stuff: Why do a person sees the number 11:11 repeatedly nearly daily??! #Coincidence?? [SEP] They have a digital clock @Jurisprude1 ?!,56.0,54.666666666666664
572336297269972993,128556022,2547249212,"Lost all respect for Russell Tovey after his interview with the Guardian. Drama school is more than prancing around and being gay. #wanker. [SEP] @Maximillian96 Yeah girl, just jump on that judgy bandwagon. Why are gay men so quick &amp; eager to turn on one another? You missed the point",52.0,45.0
571968341067223041,80516336,252471714,This guy beside me is working out like he is having sex; making all kinds of noises. It is very distracting man... [SEP] @Jas Kill It omg It sounds so offending! I did not mean it in a bad way I swear,70.0,83.0
570988680015450113,455824771,2299323016,"$aapl now green. Nice trade from $127.90 and add at $128.15 (RDR spot). Trimming some here. Will trail the rest. $130 pin would be nice [SEP] @RedDogT3 Scott, I am one of your followers on the premium feed. Did you put out a buy at $127.90 and $128.15? I did not see it",23.666666666666668,84.66666666666667
570261156826353665,37966471,14848535,"i was in a twitch chat earlier and said something like the phrase ""man up"" was ironic given the fragility of masculinity and people got mad [SEP] @piss wizard hahaha yeah they sure showed you by getting all butthurt over it",65.25,72.0
570057802011451392,411343117,610530971,"""Cuz you black you sorry cuz you black"" ""are we ready to stop it?"" ""No FUCK NO let us keep it going"" skull skull skull skull Osmar most racist asf person I know loudly crying face [SEP] @nellyandretti face with tears of joy face with tears of joy face with tears of joy face with tears of joy I am not my best friend is black lmfao sike like shit lol but Ot was funny ha",78.33333333333333,84.33333333333333
569721045520936961,623262506,373060934,Anyone has some tips for me on how i could sleep better when my tooth is hurting like mad :( [SEP] @Dthehunter2510 you got any whiskey?,25.666666666666668,50.0
569373299613900800,40596411,2986393502,"Neutral, unbiased satiric tweet. :P Narendra Modi: Well played, Ess Aar Eye Lanka! #SLvsAFG #AFGvSL [SEP] @ashwinskumar Only if you think there is nothing else funny about him. Quite deferential that way. Sounds like 'huzoor maaf kar dena par"" :)",56.666666666666664,86.0
567622016929628161,402830736,788158496,in other words that the HELL do i do now [SEP] @lizzypce watch the first 8 seasons of Scrubs,38.0,86.66666666666667
567785663014371329,603081961,248039273,Beginning to believe that my son not being able to follow directions has less to do with him being ten and more to do with him being male. [SEP] @SportsGuyLance I am a teacher. Following directions is a skill.Start with 1 to 2 simple directions at a time. If they can do that add a 3rd.,87.33333333333333,77.0
566906421325737985,435348073,16072710,"Just got in a minor car accident. Everyone is okay, just a little hurt and shaken up. [SEP] @AsheMareexoxo Girls cannot drive. :p",67.33333333333333,61.666666666666664
566030912463568897,262272732,40852968,"""He did not perform at a hall of fame level"" ~ Jamie Samuelsen on Sergei Fedorov. Are you f-ing kidding me? [SEP] @Doug Todd Geez Doug. Just an opinion my man. We will see if he gets in.",55.333333333333336,82.33333333333333
565849044497756160,1069825784,2790389855,Sorry to everyone that sees me today [SEP] “@xxemmaa xx: Sorry to everyone that sees me today” why did you not say this sooner?,34.8,73.8
565806440850264064,32348799,37235182,"Goddamn, you talkin' shit, better close yo' lips, you need to hush, before the end of the night I am gon' have to take yo' ass to church #sly [SEP] @AssLikeNat T-pain? You?! :O",50.0,70.66666666666667
565756884414910464,255343271,21312428,"I was just asked ""can you dunk""... Nigga. If you do not getchoooooo ass out my mentions [SEP] @IsalineBelerose you were offended ? It was just a question.",60.666666666666664,82.0
565196812861341696,376973126,514683333,Peace must have been off their heads listening to What the story morning glory because the first track on t'new album sounds just like hello [SEP] @JimmyHides peace are fucking scrotes mate,64.33333333333333,69.0
564229035971313664,182593031,1456190892,Making people laugh a valid reason to be a bit of a loser? Yeaaaaah it is. Totes. [SEP] @raztweets a house in the lower part of paradise is guaranteed for the 1 that does not lie to make others laugh. Something I learned today,44.4,76.2
563438439748497409,195485815,21329479,"""You know that #freethenipple? They are talking to me. Free the nipple, Matthew, and I am like 'Nnnnnoope.'"" [SEP] @ninapipita Were you not the one running around with electric tape over your tender nipple buds?",72.66666666666667,49.0
563307061472018432,1303665397,2611832994,"For more than a week I was almost constantly happy. Then in less than 10 seconds.. BAM; depression, anxiety, panic attack, suicidal [SEP] @herpderpMia The week before the report cards come out Lmao",74.75,73.75
562722770321420290,2828254006,482364751,"How do I tell my mum my phone is broken [SEP] @freddybunting12 ""Mum, my phone is broken.""",25.0,85.0
562119917411917824,230294377,385575870,Stop saying you want a good girl when all you want is a hoe [SEP] @linglanng @SheHellaPretty Why cannot we have both? lol,83.0,69.33333333333333
562050386685861888,958989852,743739060,"We are grateful for what we have gotten so far, but we were expecting that ALL the beastie community was going to get involved. [SEP] @BatB Brasil @ruthjccassidy Very complicated directions so I gave up,I need one click &amp; vote,tried several times,could not get there #batb",41.0,50.0
560916951065567232,214650534,14868666,Repeat after me: I will not get a kitten while the boyfriend is out of town. I will not get a kitten while the boyfriend is out of town ... [SEP] @thePochemuchka or you could get an adorable kitten with a soft little paws and a dewy little nose,51.333333333333336,68.66666666666667
559633937652150272,55498831,162140136,Repelling people I like is my superpower. [SEP] @panku LOLBRO. Too funny. :-P,71.33333333333333,66.0
558530625867509762,336036892,958663141,"I never understood why people got to explain their way of thinking [SEP] @CantForgetAnt you just explained the way you think, about people that explain their thinking and you did not even notice it person bowing",42.0,70.33333333333333
558069137646555137,387825284,1113865052,I have just been told my English is broken. That is a first. I am not sure how I feel about that. [SEP] @ AmirHussain Broken.... ? Id like to hear that.,63.666666666666664,75.0
558271123696001024,218996585,2711985740,"Rex was an emotional coach. Got the team high for one game but flat for next. Seems like Bowles will keep things in a more even keel. [SEP] @drmtesta He was a delusional coach as well. ""Dee Milner will be the next Darrelle Revis"" lol yeah right Rex!",55.666666666666664,59.333333333333336
558222322298286080,812011910,395343014,I like my swishers sweet fat asf [SEP] @ gabbbbby you do not got no.roll game,57.666666666666664,56.0
557927438718480385,159269320,2557423238,"When life throws a curve ball let god swing the bat #Dirtword [SEP] @LizardLickTowin love the saying but my biggest pet peeve is when people do not capitalize the word ""God""! Please get it right!",37.333333333333336,87.5
558011674176020480,46092433,83608515,Did Patsy just lift Cami-li? So jealous face with tears of joy weary face red heart #CbbPatsy [SEP] @josyburke you are such a patsi stan,61.0,72.66666666666667
557211901483319299,60368231,786994033,Just put a giant hole in my favorite tights so I cannot imagine today could get much worse and I am definitely not being dramatic [SEP] @ ehanks am sorry that its pretty weird but please do not throw them away as You are so hot i would love to buy them from You,20.0,98.66666666666667
557530118672097280,2233537070,2479332686,"In general guys, just treat the artists here with respect. They work hard, for very little because they love what they do. [SEP] @mlp RavenSun ((I know you are saying that to me...))",68.0,48.333333333333336
556941822111780864,270354032,404738803,"Success breeds hate, and that is why people do not like Seattle #12thMan #Seattle #myteam #ourteam [SEP] @VitaminD Man dude you are not even from Seattle! This just screams bandwagon! haha",38.333333333333336,55.0
554834113970987008,38060668,1621328018,I am getting fucked tonight. #ThatsAll [SEP] @nickcapra for fun or$$$,65.0,94.66666666666667
553241287303118848,450378640,25081390,"Quick survey. Brushing one's teeth in the office restroom at work: weird or not weird? [SEP] @McLengthyName Only weird if no matter what time of day, or which bathroom I go in, you are in there brushing your teeth.",56.666666666666664,91.66666666666667
552955799530905600,1401351241,1858390764,Getting really sick guys. Want to keep you updated. I am not sure the stream is going to happen today. If it does it will be REALLY laidback [SEP] @EllohimeTwitch Do Not get addicted to being a victim! With that said Get well soon.,58.666666666666664,76.33333333333333
552890954462793728,20144212,269056773,#ManCity value Scott Sinclair at £2.5m #AVFC believe his value to be less.... [SEP] @Jack049 Any reason you unfollowed?,58.666666666666664,46.0
547214261270085632,2882042392,2935132098,Cannot even workout or nothin [SEP] @marccayalaa We need more deets. How come?!,62.666666666666664,63.333333333333336
548195207125401600,327171511,442639697,Maze runner just confused the shit outta me [SEP] @UndrESS ICA that movie was gay af,43.2,63.0
544915519409618944,559914672,2365437507,Blocks you all. [SEP] @Dan the Wizard *puts head in noose*,57.666666666666664,69.33333333333333
544149797960421376,989811571,1463588179,"Liverpool have turned into the Manchester United of last season, United have turned into the Liverpool of last season. [SEP] @ChurchOfFutbol expert analysis Yu fuckin clown",76.66666666666667,62.333333333333336
544143914715074560,1441127071,561478064,Naah I think markovic will bag a hat-trick [SEP] @MAKoukounaras17 nah I think he is a bit too good,50.333333333333336,53.333333333333336
539619976601034752,384194290,2575774056,Writhing my chrismas cards :p [SEP] @barathebell Your card may be the only card a person receives?,1.3333333333333333,90.0
542836053162622976,475830880,1015519950,What are the chances of a snow day tomorrow [SEP] @jWhitess nice edit on your picture,16.0,86.66666666666667
542149633812611073,2226419160,2397347576,I hate being sick. And this is why i fall sick again and again. Because mother nature work like that. You will get what you hate. [SEP] @ThePerfectMess and I hate Women smiling face with sunglasses,37.0,78.8
542145425646817280,34348127,17615105,you all can barely fuck one... Seriously. Not to offend but let us be real. [SEP] @Fat berry Have you been drinking?,65.66666666666667,60.333333333333336
541458185329328128,1050357169,238212709,"Rewatching Grey's since season 1 was one of the better decisions I have made this week grinning face with big eyes #ontoseason2 #favshow [SEP] @bridgetmccann11 Do you not have like finals to study for, or something?",74.33333333333333,78.33333333333333
540729621961252864,421226659,199243417,It is freaky quiet on campus right now [SEP] @That1PolishDude Have you considered that you have gone deaf?,80.33333333333333,94.0
540718324427264000,1507149966,2891584589,I do not feel I hold enough education on what is going on in America right now to share my opinion. [SEP] @Demetriaswar do not worry we can all be ignorant together but still back demi up,67.0,80.33333333333333
500576657196212224,248540427,19523179,"God I hate Chris Hardwick. He has ""I am trying so hard"" written all over his stupid face and his stupid clothes and his really stupid jokes. [SEP] @MissyDeyo I am sick of him pushing his nerd crap on us",50.333333333333336,78.33333333333333
539228359033511936,329838093,2228401736,"SO IS what is a cheap christmas gift I can get someone for secret santa [SEP] @BeccccaaaG what is ""cheap"" to you rich girl",39.2,64.6
538788250325102592,2489998225,2225687057,Klaroline till the end Klaroline till the end Klaroline till the end Klaroline till the end Klaroline till the end :) #klaroline :) [SEP] @klaroline211 why do you like #klaroline that much??? I guess it shud be over. Its just an opinion.,34.333333333333336,65.33333333333333
538416754759049216,61454352,12062162,"Great meeting with Australian Ambassador Gerald Thomson, discussed coordination of efforts on #PeterGreste case, as well as bilateral issues [SEP] @edgarsrinkevics Is there much Lithuania can do to help with #PeterGreste? (speaking as a former AJE employee who is concerned)",35.4,71.2
538099233656938496,459390022,16654557,"It is so disappointing when your Twitter trolls stop making the effort to write clever insults &amp; just go for the ""you are fat"" option. #boring [SEP] .@JuliaHB1 @CHIMPSINSOCKS ""I can easily lose weight, but there is no surgeon skilled enough to remove your head from that far up your ass""",44.666666666666664,56.666666666666664
537017149316161537,218568117,734096126,I just want a baby but not be pregnant ya feel me [SEP] @ryanmallette97 I hope this is the adderall and coffee talking,26.666666666666668,92.0
534563501495169024,39011482,323841356,"If you are on some ""mean girls"" shit you cannot sit with me... everybody else is welcome... [SEP] @LadyKurupt A CERTAIN LINE on Beyonce's ""Irreplaceable"" came on when i read this tweet..lol",73.66666666666667,63.666666666666664
533742044288921600,1107069810,376496981,"a fife fan getting abuse at fife and a kid crying erm karma for half the stuff I got given last time i was there #SympathyLevel0 [SEP] @EIHLMEMES no such thing as karma, just idiots.",68.66666666666667,66.66666666666667
531169602982514688,339928495,361056135,So should I get a hoop or stud in my nose? [SEP] “@ChrisTheDolphin: So should I get a hoop or stud in my nose?” Stud on the nose and a hoop on your clit,75.33333333333333,77.33333333333333
530561439866437632,535886418,552460497,Have not gotten up since 12 [SEP] @brock ricks that is why you are fat,69.96428571428571,77.89285714285714
529888075095101440,2714070169,1626193604,"I wonder how most of you REALLY feel about ""Identity Theft"" and this documentary Lil Kim is releasing soon? [SEP] @KillaBeeKitty if the documentary is only about Nicky nobody cares...people just want great music from her PERIOD",46.666666666666664,59.0
529295646105538561,337302413,145726332,Hazelnut coffee anyone? [SEP] @stamfordstu Bleeeeeurrrgh!! No thanks...,1.6666666666666667,99.0
527610669978648576,226346115,19805969,"hey remember the time one of my shitty relationships ended up turning INTO A FUCKING COLBERT SHOW SEGMENT [SEP] @TheQuinnspiracy So you made @femfreq? Mmmmm...I do not know about that, but I get ya.",55.0,49.333333333333336
526964920085016576,2766140375,826350913,&gt;&gt;Has had SS since the Christmas of the year it came out. &gt;&gt;Has never beat it yet. *waits for someone to beat me up* [SEP] @MercilessWeapon your kidding right? you have had it 3 years and you STILL did not beat it yet???,35.666666666666664,64.66666666666667
527179759298813952,18931678,16992553,Man yalk got me so hype with all these dope comments so Rare to only see positivity . So blessed ;) happy again [SEP] @TheophilusL long time fan &amp; this album is great! and it might be petty but glad to hear you date black girls,70.33333333333333,94.66666666666667
526023046402818048,79514521,2823003294,"@Ecstaceuh @adabtothedome and @ruam eldniw are the only ones not included in that When will you see, I hate you monsters. [SEP] @Ecstaceuh You would not have anyone to hate if your boyfriend just did his job. It is easy for fucks sake:/",56.0,71.33333333333333
526463174296756225,1671753876,394313086,She is like 14 &amp; you are almost 19 flushed face #thatsnotokay [SEP] @amykayx3 you are the last person to lecture about age.,53.0,72.33333333333333
525493206428155904,2261251509,424488008,Can college have homework passes ?¿ [SEP] @leashaasmith no they are not allowed its against the law,51.0,49.666666666666664
524274826068774912,182544341,231937632,So I am done with the first 3 episodes of ONCE season 1. I have fallen asleep every episode. What is wrong with me? [SEP] @MorganStradling reality TV has destroyed you.,66.0,58.0
521046060559388673,2581608038,2710554985,i do not understand why age can get in the way of liking something or someone (not an indirect it is something that is been bothering me) [SEP] @jillianmorello :( tbf when I tweeted that it was because I saw a really really x-rated tweet and then looked and they were 13,15.333333333333334,78.0
520904516649381888,50817663,330463077,Ughhhhh hope I am not getting sick :/ [SEP] @BSDavis15 good morning boo hope you feel better,47.0,64.6
520599111842955264,2817897371,2794549123,OKAY GUYS PEOPLE ARE DMING ME THESE ITS NOT ME SO STOP BITCHING AT ME OMG [SEP] @magconisentreal I was not bitching directly at you I was bitching at the person who said it,72.0,49.333333333333336
520211847018868736,287123970,576501214,"""Kathniel is the BIGGEST FANDOM"" i am like wut? directioners run the world so fck this. [SEP] @horansbvlgari As A LoveTeam. Sorry for the misunderstanding. astonished face",56.0,83.33333333333333
520086686496485376,65448749,96277111,"*pulls up a chair, spins it backwards, sits down* kids I am here to tell you about a time when wallet chains were cool. [SEP] @amosjheller I had to google what a wallet chain is. I feel like such an infant",60.666666666666664,29.333333333333332
519729264287961088,1115254939,1167584832,I NEED TO TRAVEL [SEP] @OLLGTracker I have never left the country (USA) and I seriously live 45 minutes away from Canada,22.8,76.8
519867762068709376,401066070,477138296,Going To miss my Haley today sleepy face broken heart [SEP] @kelsie joycee it is probably good talk do not spend all day together women holding hands,26.333333333333332,88.0
519745147471294464,158735149,546026723,Told that Gallahers #Ballymena will not operate for three days to allow staff time to absorb news of closure [SEP] @julianoneill Talking to people this morning in other factories/businesses in Ballymena Most are she will shocked by JTI announcement #JTI,7.333333333333333,98.33333333333333
519562745717346304,65804659,25677346,Looks like all the #Niz fans disappeared ugh so sad :( stupid #GH [SEP] @mariari00 I still have a few on my timeline but I think they mostly see that it is not happening...lol,60.333333333333336,50.666666666666664
519546534929915904,1411645410,930827066,"#TeamHope #BoldAndBeautiful Ridge tests Ridge, asking to adjust the waste line of the sketch, Ridge hesitates [SEP] @MsHopeLogan Your autocorrect is on attack smiling face",63.666666666666664,72.66666666666667
519291438711189504,801341155,2237489735,lowkey think you are attractive [SEP] @AllieeMorrissey let me guess Jerry?,70.66666666666667,70.0
519051669645328384,261387085,2795772858,Just finished my latest Destiny video. Is anyone around to watch it? 100 favorites and I upload now! [SEP] @MoreConsole someone is already uploaded a video about the dlc your not the first @BenEnglishGamer,67.33333333333333,80.0
518400479744000000,17494209,594619496,I am never that person but do not push me. face blowing a kiss [SEP] @TraceyJxo what does this mean?,73.33333333333333,66.33333333333333
518238680255721472,2838778987,2829394334,What does everyone like to wear for pajamas ? I like big warm ones when it gets cold but in the summer I just sleep in a shirt ^.^;; [SEP] @bestbikeboy Do you wear like...a onesie??,48.0,81.66666666666667
518118226799378433,21511740,57109043,Lucy's birthday present is ordered teehee [SEP] @ferrerin rocher omg I am excited!! You are very organised this year,34.333333333333336,82.0
517893218076073984,896604228,1939485240,"I hate when people say nevermind like den why you say somethin in the first place lmao [SEP] @C0CAINEHEART your @ name was like my Homies,my bad lil girl",46.333333333333336,81.0
517520423018573825,487998529,1489482836,Do not try to drink out of a water bottle while laying down.... Just spilled all my water on myself unamused face [SEP] @annaaslaterr or just do not be retarded...,54.0,62.333333333333336
516900452307570688,228713457,575563141,May the bastards who block efforts to eradicate polio rot on earth and rot in hell. [SEP] @abbasnasir59 @YasserHashmi hate-for-hate can never help. This tweet is your contribution to the hatred in this country.,27.333333333333332,70.66666666666667
516700171346796544,288796845,2751116166,"Adam's album will come be patient, touring with Queen be good publicity for his album. So shut the fuck up negative wankers [SEP] @LuvsAdamsMusic I am thinking I am not going to shut the fuck up... So that 's how I roll.",59.333333333333336,74.0
516664632539635713,179135498,1571335585,I highfive him in the balls cuz he is tall AF [SEP] @AndyMart20 you would wonna touch a dudes balls,65.66666666666667,73.66666666666667
516393935896576001,499473134,391126447,:'( No one likes me I always get replaced and dumped and that hurts: '( [SEP] @FearlessPaige1 what is wrong girl want to talk about i am all ears,65.66666666666667,72.66666666666667
515858192430301184,40931645,455187089,Real church happens when we turn to face each other. [SEP] @Bruxy @CoreyWolloff real church happens when we go out to face the World.,56.0,68.0
515599225133236224,176303292,1135321812,When #oomf's girlfriend gives him food to stand on the sideline! face with tears of joy [SEP] @halfpint SWAG Why do not you @ that follower?,24.0,94.66666666666667
515346006322323456,279700757,34163230,FaceTime? [SEP] @Obey Ryan bitch you ugly lol PUHLEEZ STOP face with tears of joy face with tears of joy face with tears of joy face with tears of joy,64.51724137931035,65.41379310344827
513415029220450304,303924275,1382463164,Let me call it a night while it is still early... [SEP] No wait i think i just spotted you on dj sbu's music video on channel 322 @leratokganyago,55.666666666666664,73.33333333333333
511335993153454080,280113681,2323105350,The radio literally just laughed at me and i am freaking out [SEP] @ClosureInMads omfg I laughing so hard i am crying XD,52.666666666666664,79.0
511232333051985920,1377034957,42587808,At some point you just have to let go of what you thought should happen and live in what is happening. [SEP] @ iRealMadridi yeah you should let go of the frustration that RM lost to Am yesterday,45.0,41.0
510514527390416897,7418052,16809130,It says a lot about my Canadian-ness that I prefer to shovel snow over cutting my lawn [SEP] @grmpyprogrammer that and snow hides all the beer cans on your lawn.,29.333333333333332,89.0
510256400283734016,454536091,1898812496,I do not even understand how TJ Lane got out. There is so much security nowadays. [SEP] @Huffman024 he got a text from his girl that her parents were not home.,48.333333333333336,75.0
509777140946972672,68810491,249346453,We are all narcissistic self-aggrandizing self centered fools watching the abject horror of a world out of control. [SEP] @eddiepepitone good luck on your 2 Broke Girls audition today,70.0,70.33333333333333
509047210630451200,1561168848,192180128,Some girls are so bate it is disgusting doooot [SEP] @DavidLevey97 does that mean desperate?,45.333333333333336,50.0
508117009721077760,1581381734,973419872,Selah Football destroyed Cle Elum. That is what I am talking about. Now on to Quincy. smiling face with sunglasses american football american football [SEP] @Lucas Mahugh Way to go! rugby football,62.0,75.0
508110543446896641,231271253,177193699,"Little girl sitting behind me cried and said ""I want to go home."" I cannot blame her at this point. #Athletics [SEP] @Keith2TheCity I wish I get to go to a game some day win or lose your lucky to b there .. Remember me the next time I would kill to b there",59.0,59.333333333333336
507227022104756224,395771003,1173462482,Have not been posting a lot of snaps because my phone is still on iOS 6 sheaf of rice eyes sheaf of rice [SEP] @gabrielssmith blurry ass snaps face with tears of joy face with tears of joy,53.0,77.66666666666667
507082151826051072,103235636,555018623,"Undecided? Ever corrected somebody abroad ""I am Scottish, not English""? ... Then you are NOT undecided, just scared. SCOTLAND CAN THRIVE! #Yes [SEP] @ViewfromGorgie by making someone feel that they must be scared yes voters is pressure.",54.2,72.2
506864071019208704,1634582125,244448758,OMG Pak was made on 27th Ramzaan? I never knew that! [SEP] @Mavi Hashmi You have got to be kidding me. Everybody knows that.,52.0,89.33333333333333
506790329992114178,258004470,857310290,"Through personal experience I can back that confessing through a message is not a very good idea... [SEP] @nekonekotea are there people who actually do that? No offence intended, sorry if you find my statement offending.",53.0,71.33333333333333
506206869405573120,1242454387,527879400,I really want to live in town and be able to walk to my friend's houses and fruit chill [SEP] @howwiesims same.. It is the struggle gurl,67.66666666666667,81.33333333333333
505576552906903552,308200527,1343997588,I cannot wait to got to the navy. blue heart [SEP] @Queen JayyCee What About Your Kid?.,26.0,90.0
505373978915897345,423205426,2439153277,"I give up on commenting! None of them show up, so what is the point?! [SEP] @pinkindle Try the blogs that are part of the ""bloggers commenting back"" thing! Many of them have the button on their sidebar.",75.4,60.6
505165530446450688,1074865998,468033470,y am I fat [SEP] “@xoxo nancylynn: y am I fat” finally you realize that,32.666666666666664,62.666666666666664
504526640693915648,24572463,2380938278,I am in a bad place and the constant twitching of this muscle in my pelvis after weeks of medication is driving me insane [SEP] @ughaGHOST also this sort of thing is what proves that god did not make us in his image. He would never give himself fucking thigh cramps,67.0,68.0
504497068014964736,840914059,2191557698,Why Sean's avi look like a Krispy Kreme billboard? [SEP] @ abram why you look like pancho villa?,74.0,64.66666666666667
503963550713643008,129929858,1905397303,"I have to admit, I have not been more terrified for my people than I am now. It is so easy to see how #MikeBrown will not get justice... [SEP] @mwerichards if you do not like situations like this go to school become something change the world tell all you are friends &amp; fam do the same!!",49.333333333333336,53.666666666666664
503413609230106624,461257639,17550093,Because my single behind are not doin nothin else. Lol [SEP] @Chrilliams go take dance classes. You can meet plenty of women that way.,32.666666666666664,75.66666666666667
503706859669176320,68348434,1584169082,Damn get all the way to the gym and then I realize I left my stuff at home. Going back to get it [SEP] “@Amber Raynexxx: Damn get all the way to the gym and then I realize I left my stuff at home. Going back to get it” #StonerProblems face with tears of joy kissing face with closed eyes dashing away maple leaf,43.666666666666664,57.0
503538640354811905,1178536734,1681248211,"#AskCrofty boos have no place in F1 where these drivers put their lives on the line every time they get in a car.So disappointed in the fans [SEP] @MarnieOD shut up you clown, the boo's are for nico's actions towards Lewis. If nico got a penalty it would not of been as emphasised",40.2,75.4
503395328909795328,832032846,907514174,"I cannot get over the fact if a doctor burns or freezes my dogs eye wrong she could be fucking BLIND [SEP] @ItzDustyInHere do not worry toasty, she will be ok and if the doctor messes up ill help you break his neck face without mouth",54.666666666666664,82.0
491826220229595136,330080994,2496435012,I am about to watch porn I am bored af [SEP] @ lyssacole porn is boring you need the real thing,41.0,76.66666666666667
501761544213250048,346972505,43891549,"#SABC Generations actors are stars and should be paid and treated as such instead of getting low stupid, disrespectful salaries! [SEP] @EricMiyeni,is there any support group for salary rise addiction?",63.6,43.2
501477179373662208,421531916,459806397,i am gorgeous [SEP] “@ skraiitbitchez: i am gorgeous” anxious face with sweat,73.0,60.0
500715099880165376,47775582,116959324,Everyone order a jimmy johns delivery between the hours of 4 and 10 tonight. I will bring it to you freaky fast-like. [SEP] @alexvalentine33 omg you have a job?!,56.666666666666664,81.33333333333333
500750794237673472,2226030207,1275293371,"2.) His team cannot cope, and injuries piling up! Guess what happened? He went on and said that if injuries kick in, could be a disaster! [SEP] @Saki LFC Honestly could not give a fuck what happens at mouldy Trafford. They have had they are time at the top. Game over",42.333333333333336,44.666666666666664
498257954441674753,524554435,55195642,"I got a 97 on my test, showed my dad &amp; told him I did not even study. he asked me if I cheated unamused face raised hand no nigga, I am actually smart. raised hand raised hand raised hand [SEP] @jackie pinedo I do not believe it.",65.66666666666667,49.333333333333336
497580637386473472,2735234073,1566195942,150's!! 20 rts to start [SEP] @mutking122 but you just said you were doing 150s ...,29.333333333333332,45.333333333333336
497450652671688704,73562353,936035443,Trying to pack my clothes to go back to school and it is hard to decide what I will actually wear... unamused face woman’s clothes dress running shirt bikini handbag [SEP] @INVADERastrid do not take a shit ton like last time smiling face with smiling eyes face with tears of joy,50.333333333333336,41.666666666666664
497158777628786689,2156993649,1439993298,Do you ever cry because you will never marry connor franta because same [SEP] @zoellasmiles yes I love him so much!!! two hearts I cried when he left O2L pensive face,42.333333333333336,69.33333333333333
496847896981958656,330524800,444813596,I have not even been on twitter 2 minutes and I am already over it. Fucking annoying. [SEP] @saratripp back to Owens you go.,53.666666666666664,75.66666666666667
496366553709830145,52296067,261850407,"Just started Season 7 of #Smallville #Imaddicted #LoveLexana [SEP] @dgct2 seriously???? lol no offense but I was so anti Lexana, how do you do that?",46.0,93.0
495056347948666882,1576270436,2725932191,yes the dc one [SEP] @imnotsavana you probs have hella nice seats..,19.333333333333332,94.0
495032542613889024,474372237,1090045849,"ya i totally use condoms……………………………………………………………………………………………………………………. [SEP] @HippieProblemz whoa . How do you get them on ..lol , just being a douche bag , sorry",62.0,63.666666666666664
494047881788026881,1391076930,1306989986,Kick. [SEP] @ManahelImran turn around then.. :P,53.0,69.33333333333333
493098878183280640,850495224,2248632287,"We get it liam unamused face you are dating the ""most beautiful girl in the world""while being the ""luckiest man in the world"" I am close to punching a wall [SEP] @tamedliam I know it is depressing but we should be happy for him two hearts",74.33333333333333,87.33333333333333
493087057879638016,2302458020,2366905740,"yay, now my nephew hates me. that is wonderful [SEP] @Of Mirkwood //It is just an RP",76.33333333333333,62.666666666666664
492039433630543872,1008060450,98456074,Every time you mention to a guy you are a lesbian they call you a duke. Smh [SEP] @Iceballa7272 I think you mean dyke? I am not calling you one or being mean but I think you misheard them,33.0,70.0
491388657820237824,588520575,69485045,Ew this Rutgers Hotties twitter posts the ugliest people lmfaooo this needs to not exist [SEP] @tech dino it is rutgers what do you expect,34.0,100.0
491217544754503680,64543829,448776667,Josep Maria Bartomeu in 6 months has done more good than Sandro Rosell has done in his 3.5 years as president. [SEP] @xProudToBeACule he is still an asshole though,41.666666666666664,76.33333333333333
490577235405844480,2655272024,340750158,Todays already a Bad Day. To Be Honest. [SEP] @heysan30 awwh man up band up,32.333333333333336,42.333333333333336
490168485222567937,993905821,392900823,Working in this weather has wrecked my fake tan [SEP] @OoohDemBoobs why you fake tanning when it is like this flushed face,22.0,89.33333333333333
490051672844939265,138168339,1272187362,Let us stop pretending that civilians matter to anyone engaged in #war or #terrorism. These acts of aggression are MEANT to kill innocents. [SEP] @VABVOX a carrying out of the same by other means. Carl Von Clausewitz,69.0,73.33333333333333
488665308459057152,145878199,52686557,"Today kids, we learn how to be decent. We will try not to jump to conclusions &amp; not be judgmental. If you fail this, you fail humanity. [SEP] @mbthecool19 Did I offend you? It was just fun and games.",80.66666666666667,82.66666666666667
488578993365331969,2177268401,2537769827,Wait I am kind of mad Jason asked that girl why they did not have sex.. neutral face flushed face fuuuuuck wrong witchu [SEP] @aryanajustice it was a joke B. It was PLANNED.,28.666666666666668,97.0
488172596450832384,552098165,339127517,"My family reunion is in Louisiana [SEP] “@Kenfohh: My family reunion is in the heart of Zimbabwe.” Oh, makes sense",61.333333333333336,70.66666666666667
487812897884475393,297412881,257097592,"And no, I did not forget Peralta's. I am still holding out hope that I will wake up from a nightmare to realize STL did not actually sign him. [SEP] @KyleOKC why the hate? Average down for sure. Seems to be real good every other year. But still 14 homers to lead the team at SS. Not bad.",65.33333333333333,67.0
486588899125260288,1297661580,167149901,"I am about to find out how much $10.50 is worth to me. ATM ripped me off now I have to dispute charge with NEW credit union after merger. [SEP] @JeffDWarden Usually we can get those taken care of pretty easily but I doubt we are in you hood. Where is that? Bumfuck, Nebraska??hahaha",43.666666666666664,88.0
486558383550771200,24190117,2638989507,"LMAO this ask : ""I keep getting told that I am ""butch""-phobic because I only prefer to date femmes. Is that even a thing?"" Listen, people [SEP] @ArielleIsHammin well I am old time butch married to femme but I have dated butch too, never ever judge a book by its cover , read first:)",67.33333333333333,60.666666666666664
486251174426079233,393529204,450616326,"I am a bit worried about Jingle. He slept all day yesterday, is being quite anti-social today, and is not eating much. Maybe just the heat? [SEP] @QueenB Belinda maybe he found a girly cat? #lovedoesfunnythings (probably the heat)",87.0,85.33333333333333
486246432915980290,401861825,260129254,"I just pulled this girl, she was just right.. [SEP] “@NachSHAZAM: I just pulled this girl, she was just right..” snowflake rabbit face",56.666666666666664,74.66666666666667
485999531402993664,18457530,39139922,I am not going to lie... Caleb has lost a lot of cool pts + masculinity pts with me— but I would sure as HELL take a nice backrub from him! #BBAD [SEP] @SpeedbirdMach3 that nigga is Gay!!!!! How the fuck you gon' talk about wanting to Cuddle wit another man? That nigga gay!!!!!,65.0,47.0
485569896097779712,1890838520,1660242553,Literally an inch from being 6 foot. [SEP] @AyeeeItsWade there is no way. I am taller than you and I am not 6 foot.,65.0,58.333333333333336
484374255363043329,20193926,219188189,"If you do not like liquid Frontline for fleas and ticks for your dog they now make a chewable form (like the heartworm med). Called NexGard [SEP] @AdamsLisa my vet just gave us seresto- an 8 month long protection collar. Said it is more effective than Frontline. Cheaper, too!",37.0,85.33333333333333
483983602938814464,19273488,709847528,"Perkins' BABIP (.337) is 9th-highest among 81 qualified AL relievers. TOR LHP Brett Cecil ""leads"" bad-luck brigade. at .403. [SEP] @MikeBerardino Idkwtf all these abbreviations mean but that is ok with me. I just love baseball. ERA and RBI are enough for me!",64.66666666666667,71.66666666666667
483759124534919170,24735315,260594756,Yelp .........*opens box* time to find a proper home for this stuff. [SEP] @eaner0919 Any stuff for sale?,55.666666666666664,66.66666666666667
483337661008990209,257593,21283179,It is like #Israel was waiting for #Ramadan to amp up the attacks against #Gaza! Sigh. [SEP] @Omar Gaza yesterday @PalestineJN told me it was natural for more violence during Ramadan b/c you get a better martyrdom. was he having me on?,73.66666666666667,82.0
482928702477455362,16083797,532970382,"So many misses. We should call him ""Nahin maar"" #Neymar [SEP] @ajith27 Please do not contrive tweets - far better than several other 'hot shots'; what has C Ronaldo ever done for Portugal?!",53.666666666666664,70.66666666666667
481936841072209920,64916996,314986637,15 to 20K she is going to transfer to me to send to her via western union so she can pay off some bill [SEP] @BigJeffB DO NOT YOU DARE SEND HER MONEY!!!!! NOT EVEN $10!!!!!!!!!!!!,67.33333333333333,82.33333333333333
481815149159137280,895545222,2325957589,I might be having a sex on the beach later for the first time [SEP] @hellohowelll first time on the beach or first time ever ?,70.0,71.33333333333333
480572154153795584,1571596170,201060235,As a boyfriend it is your job to man up and provide for your girlfriend.she comes first. [SEP] “@austin hemphill: As a boyfriend it is your job to man up and provide for your girlfriend.she comes first.” Not necessarily true .,55.666666666666664,77.33333333333333
479788007298719744,163626064,226316642,WHY CANNOT I HAVE A CUTE ARTSY GUY WHO I DO NOT KNOW WANTS ME TOO [SEP] @timdelgay becuz as soon as possible rocky is not artsy,32.333333333333336,100.0
479623616464961537,261711452,16527063,This #globaldementia day is totally flawed if you want to look at the economic impact of interventions of quality of life. Damp squib. [SEP] @legalaware I can see where you are coming from but you must admit it is raising awareness? #globaldementia,65.66666666666667,82.33333333333333
479430761276530688,99977971,1024733274,"I never realized The Dark Night was such a long movie face screaming in fear [SEP] @SarahGibsonn I think the word you are looking for here is ""good"" and/or ""perfect"" instead of ""long""",72.0,80.66666666666667
478777330433671171,570415087,2555553762,So my back piece do not work now face with tears of joy face with tears of joy face with tears of joy [SEP] @ Daszmin okay and? idgaf bout yo back piece Daszmin.,56.53333333333333,64.73333333333333
478361871276208128,117242739,183629221,"Still lots v time but if Tim gets his 5th, who is the best of the 2000's? Kobe or Duncan? [SEP] @mtnpeek kobe, its 2014 dude. Not 2000's.",36.666666666666664,83.33333333333333
477846861244403712,388667239,1368516859,"Lol still finding bobby pins in my bed. #NoSubtlety [SEP] @AndysHighDeas please, be a bit more smug. I do not think you are laying it on thick enough.",47.0,93.66666666666667
476957095062159361,44223331,225999910,"I hate when people add their 2 cents too my tweets... expressionless face raised hand stop, my twitter, my thoughts, my opinions, yours does not matter too much [SEP] @LEEthall weapon unamused face ... Well excuse Tf outta me",32.0,74.0
476399739026833408,1306192129,1375928239,"3rd day in a row that I cannot eat. Fuck. [SEP] @NurseNikki808 Better see a doctor, bae. That is not good at all.",52.0,81.66666666666667
476332469881696257,858292830,2294097670,This was my only hope. disappointed face [SEP] @Smoldersmoment okay it was mean i admit it,42.666666666666664,75.66666666666667
474895044562788352,108940444,32815545,COLDPLAY playlist + whisky = MEDICAL FUCKING DONE. [SEP] @dillidikudii Coldplay and Booze. Aah what a combination. Congrats on the medical cap'n.,73.33333333333333,76.66666666666667
474621405632663552,628325806,244710590,You would never see a mechanic in oily scrubs in supermarket yet i often see district nurses in uniform they have done a shift in. #foodhygiene [SEP] @trainingcarers however you would catch more germs from the trolley you push ;),66.66666666666667,74.0
474192093628624896,392985829,459284439,"Pretty sure I just saw Freddie from hollyoaks, in Kick-Ass 2 :L [SEP] @BubbaFin Why do you know hollyoaks' characters?! aaha",84.0,55.666666666666664
473866612886732801,213047709,130855838,"Cos I look so dark on my student card the invigulator did not believe it was me, so they all had to check and they all laughed at my card [SEP] @dddemileigh 90% sure that is racist......",9.0,93.33333333333333
473404281262178304,1420637732,183601728,"Morphling Carry is just too dangerous, too dangerous :s [SEP] @AlbertACZR I am sorry, but it is not...",60.333333333333336,45.0
472817971422044160,85960453,1845198793,"Stop with the ""listen up! I am str9 and I like vaginas"" tour memories. [SEP] @Michi191 wow I do not want to sound rude but he really has not done anything. That tweet has not say anything you are complaining about",34.333333333333336,89.33333333333333
472350401795477504,538903708,17957523,"Would love to shout..'STOP FECKING FARTING!' Small room, windows all closed :( #dialysis [SEP] @AnnMMcs Oh oh! Does not bode well in a small space; Take deep breaths and think of England....",67.0,79.33333333333333
472134382099398656,812149627,117875677,Ohhh got indirected @ me at least lol [SEP] @StewyTattoo do you mean me?,60.666666666666664,81.33333333333333
471589703515639810,813353359,262326070,"Its so stupid how the media are talking more about Zayn and Louis smoking rolled ciggarettes than the fact Niall raised £300,000 for charity [SEP] @Craicsology Good for him but any fool can raise money for charity - the other 2 are supposed to be setting an example to kids.",58.666666666666664,58.0
470632272061005824,1023088748,910780634,"If only Emma and Rupert were together my idols would be so happy [SEP] @AlwaysRupert They are happy as they are, in the relationships they are in. I think their fans should accept that and be happy for them.",64.66666666666667,85.33333333333333
470030998055292929,27821114,1009511,"I just want to be excited about what I am making and who I am making it with. Everything else is bullshit. [SEP] @djedery sounds like a very small, narrow world",71.33333333333333,67.0
470025454767054848,270818901,135101460,Talk dirty to me eyes [SEP] @EstherShott 1 seems am not de only one horny tonight. Lol,72.66666666666667,77.33333333333333
467926946224291840,528807458,716685313,so my phone is completely smashed [SEP] @damnholmes too many drunk parties huh?,57.666666666666664,78.33333333333333
467418674199289858,1293094296,28945408,Why on earth is Hemet cloudy and hot AF? [SEP] “@sexxyness : Why on earth is Hemet cloudy and hot AF?” Because we are in Hell tf you mean why??,45.4,77.8
466741181095751680,26122814,1553910907,People who give you shit about shutting a car door too hard need to get fucked. [SEP] “@zacksekuler: People who give you shit about shutting a car door too hard need to get fucked.” Nahhhh chill that is rude lol,60.666666666666664,59.333333333333336
467111481537208320,738185312,854189316,"can everyone shut the fuck up about meninists, really you are all so stupid [SEP] @wxvvy yooo those retweets were all satire haha.",56.333333333333336,78.33333333333333
466350135782703105,267184794,1700096226,I am working on graduation speeches. This feels very odd. #Education #CdnEdu [SEP] @Orange Tory Why? Because you suddenly feel old?,69.0,86.66666666666667
466010346084245504,372117915,2311569872,"When people ask what grade you play, always say division 1 not d grade #smart #pretenderfiles [SEP] @scormie19 surely premier d has a better ring to it #socialfooty",49.666666666666664,67.33333333333333
466035633517912064,1581711672,368579976,i am willing to give the world to you....you just have to accept my offer [SEP] “@Joebeenduncan93: i am willing to give the world to you....you just have to accept my offer” aw .. face without mouth thass cute.,64.0,74.33333333333333
465680050499887104,97319539,515962024,"I live like happiness is currency therefore I am rich. [SEP] @FlamesworDsQ Hello? Internet company? I do not have any money, but I have some happiness. How much happiness do I need to pay?",64.33333333333333,64.33333333333333
464931882057342976,287286722,128929744,"How Kyle Long worked out is not the end-all be-all of project picks. That cannot be your response to every odd pick. My counter is Shea... [SEP] @LaurenceWHolmes always a choice to go half-full or half-empty. To me, so much more enjoyable to live life half-full",35.333333333333336,68.0
464199927061413888,319436328,258396571,I am going to try to flex as much as possible tomorro #OHGOD [SEP] @blowmoneyfast07 so it will be a normal day for you?,28.666666666666668,100.0
463378180938928128,1219815692,159533909,Lifes a bitch but that bitch loves other niggas [SEP] @WestonDemino I do not think there is a day you do not tweet something bad about girls lol #youloveem,46.0,65.0
462664593857200128,24233147,363829134,"Had a stranger refer to my tweet as simplistic...does anyone know how to make twitter complex? [SEP] @fairlyspiritual If you are referring to me, it was your response that I thought simplistic, not the tweet. Was hoping you would say more...",38.333333333333336,67.33333333333333
461921403277963266,335879264,113181509,Get to watch #nffc saturday and at a saving grinning face with smiling eyes [SEP] @Lil Claire82 surly it would have been Cheaper to go and watch forest live instead of being a armchair supporter lol,39.333333333333336,80.66666666666667
462066918804176896,601154827,550687458,"I wonder what the X% (X is pretty damn high, I think) of people who have had a friend/relative die of cancer will think of that lede [SEP] @LJKawa death is death. So many vectors. And bigC does not excuse racism. My youngr bro is c survivor, by the way",32.333333333333336,100.0
461880270103138304,1431574206,17876148,"$35 per week, or $150 per month....hmmm. So If I do not shop for two months I can invest in a luxury statement watch AND still stay #onbudget [SEP] @dats SOSavannah quick questions: how is a watch an investment? Does it increase in value? Can you sell it for more than purchased? Thanks",65.66666666666667,62.333333333333336
461328989567864832,2504776510,396023004,I wish I could quote poetry at the drop of a hat. #bucketlist [SEP] @Bfoxy17 and sing to the world the color of my cat lol #randompoetry,55.333333333333336,54.666666666666664
461084155384967169,281973742,91038864,"Anything you would like to share? [SEP] @AlixWiltonRegan on my first two play throughs of ME3, I rode that Traynor all the way home, if you know what I mean ;-)",50.333333333333336,59.333333333333336
460967860488396800,506429053,542810029,"So we as Americans want the gov to step up when things go bad(tornado,terrorists,hurricane) but we do not want to pay taxes to finance that. [SEP] @Martina If by ""stepping up"" to terrorism you mean going to war with Iraq, then no, I do not want gov to step up and I do not want to pay for it.",57.666666666666664,55.333333333333336
460562630080356353,5976352,22592146,Do you ever eat something and INSTANTLY regret your decision [SEP] @sarah connors like a poutine ? ;),62.666666666666664,84.33333333333333
459435790959792129,233223381,25311226,"The eyes never lie. I was always told I have innocent, sweet and vulnerable eyes. [SEP] @MonaMarlowe honey that in and of itself is a lie smiling face with horns",58.666666666666664,67.33333333333333
459433481139785728,1065869268,2455572494,It Has Often Occurred to Me That Perhaps This Iranian Nuke Deal is Just a Ruse. That #Obama Wants Iran To Have Nukes + Is FACILITATING Such. [SEP] @JohnFromCranber seems like a pretty wild claim. What evidence do you have for it.,82.0,61.333333333333336
459320237989842944,216196515,388219256,"Becoming obsessed with that neon yellow/green colour. However it is the worst possible colour for me, Contemplating becoming a brunette cross mark princess [SEP] @lucystallardxxx all about the darkies!!",48.0,62.666666666666664
458872483723358208,19155453,396523032,"Guilty of kicking ice cubes under the fridge. I live life on the edge. [SEP] @katelinrivera I threaten to punch kittens unless a ransom is dropped at my door. Same thing, really. #KittenPunching",69.66666666666667,70.0
458700552273428481,867092454,450970864,Miranda has one of the biggest beans I have ever seen anguished face [SEP] “@andrejford: Miranda has one of the biggest beans I have ever seen anguished face ” face with tears of joy nearly as big as yours mate eyes,44.666666666666664,91.0
457061786676891648,227333364,119174330,"I miss my dog! I think I am about to get another one.... I want another cute, white, little, fluffy, cute dog! Cotton I miss you baby dog face dog face crying face sleepy face pensive face [SEP] @LightThickCute what happened ro your dog?? It got ate by a bigger dog??",40.666666666666664,73.66666666666667
455671669508829184,35845759,154145689,Still cannot get over the fact that prestwich has a pound bakery and radcliffe does not. [SEP] @Starkie2105 People eat off the floor in Radcliffe though so there is no need for one,43.6,63.2
454768137737474050,1589997109,2170814082,"Does someone own or know of someone that has a super vintage old mustang or little BMW bug?! #help [SEP] @natalieselvage Volkswagen has the bug not BMW, sugar.",75.0,78.66666666666667
453708086264750080,1683465126,302220759,Try cleaning up broken glass from a shag carpet #thankshenry [SEP] @brehastwo Shag carpet?? My parents had shag carpet. It is time for an upgrade. #outastyle,61.0,61.0
453319884047659008,39597840,52166217,"People complain about nails on a chalk board. Try opening and closing ironing board legs and then let us talk. Awful. [SEP] @cwanja Wow, you iron?! Impressed.",63.666666666666664,62.333333333333336
453363365251788800,318290619,28721073,Yeah. I do not think I agree with the Heyman and Cesaro pairing. [SEP] @foreverslackin Cesaro not a strong mic presence. Heyman is as hot as you can get. Paul will be the first Heel manager to have Heel &amp; Face,29.0,80.0
453166728176861185,2323897120,2319089926,"It is school holidays and I have to write a full essay, finish 5 maths chapters, study for a geography &amp; English outcome and do a PE project [SEP] @5SexinessOS how do you do a pe project face with tears of joy ??",49.333333333333336,90.66666666666667
452663520409055234,1051053350,516160333,If I can rip a bong better than you and your a guy.... Your not a stoner [SEP] @sugartoke being a guy does not have anything to do with it. Its lung capacity. Like wtf? Women bitch about sexism and then are sexist anyway,89.33333333333333,71.0
452319672122097664,102668006,424260170,"Juve's plan for Immobile is to sell to the highest bidder, Borussia Dortmund &amp; West Ham United are 2 clubs which are interested - La Stampa. [SEP] @ADP1113 sells Immobile and keeps Giovinco is something that Branca used to do.",59.0,70.0
450441258838671360,942279583,1053480096,"Nothing pisses me off more than getting ready, and then having my boyfriend cancel on me. I was having a good fucking hair day, asshole. [SEP] @ashh3408 hi I would like to know about this so called ""boyfriend""",54.666666666666664,73.0
450407528086917123,590375219,535861440,"These refs are so bad face with tears of joy [SEP] @SamELay every game you say that, why",67.66666666666667,80.0
449906388710748160,565533411,79805152,Hahaha... some ManUtd fans actually tweet that Rooney is the best player in the Prem. Never mind he is scored twice less than Suarez [SEP] @CarinaAnders It is half less than Suarez dear.,57.333333333333336,60.666666666666664
448481946889625600,2329410848,100887036,@joenozzo ok now she unfollows me. Did i something wrong @hurricanenita ? hushed face OMG one of my favorite guitarist follows me. What a great day. Hands down grinning face with smiling eyes clapping hands guitar #sohappy [SEP] @joenozzo my twitter is crazy! Randomly follows and unfollows people on its own! smiling face with horns,52.666666666666664,44.333333333333336
449051528587120640,204385162,58447042,You just go to the mall with a Tsonga girl she embarrass you in front of everyone you just mad [SEP] Yazi m Tsonga O o @Thabiso Joburg: You just go to the mall with a Tsonga girl she embarrass you in front of everyone you just mad”,33.0,81.4
448983990834565120,19078594,69124203,"If your most astute observation is ""you talk/tweet a lot,"" I already dislike you. Sorry. But I already know and dislike myself. [SEP] @scottEweinberg I am sorry that you dislike me and feel need to write this due to a tweet. I will continue to like you.",24.8,74.2
448646222727766016,2355128089,2393511284,"Best line ever from one of my teammates: ""The Canadian alphabet goes from eh? to zed."" [SEP] @egriega25 Sounds like a line from the song, ""Canadian Idiot"" No offense.",70.0,74.66666666666667
447082730379935744,36877592,187344455,"I think my head's cracking open, starting at the right eye and moving back. Got To grab the headache medicine once the bathroom is free. [SEP] @Namevah hahahaa!!! i am literally laughing my ass off (condolences to your head though &lt;3 ^^ - i hope it is better now =))",62.333333333333336,61.666666666666664
447196658846035968,2332868882,1226184924,Looking for a new husband #ThingsThatInterfereWithMyAbilityToTweet [SEP] @steffoff is this you?? “@lazy uth: Looking for a new husband #ThingsThatInterfereWithMyAbilityToTweet”,52.333333333333336,57.0
447101611106529280,389840799,434597932,To Be Honest taking a shit in my last pic [SEP] @IvanaFuckYou To Be Honest I used to have boots almost exactly identical to those lol,51.333333333333336,74.66666666666667
446436140082790400,2354803065,2348777765,I wake up from a lovely nap to this sleeping face [SEP] @joeyl 20 you started it face with tears of joy face with tears of joy,64.33333333333333,81.33333333333333
444152501768437760,20105192,1271315516,"I have become a better wife, mother, friend, and entertainer. Thanks to my husband for being honest with me, it saved and is saving my life. [SEP] @moworldwide why are you thanking your husband? Just curious? Is it true that you all have n open marriage? YOU look great soo happy for you!",75.33333333333333,76.66666666666667
443783605488467968,337884293,399386645,"Grouchos or Boars Head.... [SEP] @ky ford Well, Groucho's!! thumbs up",15.0,87.33333333333333
443504756359958528,319671830,182435580,"QB Blaine Gabbert has just been traded to the #49ers for a sixth-round pick. [SEP] @sportstlk365 when you say ""just"" you mean as in you ""just"" found out right? Because it happened about 40 mins ago",15.333333333333334,92.33333333333333
443483837872365568,2376411888,2380793185,*she is in the library reading about the dark arts* [SEP] @weasley mafalda *sits down beside her* Can I talk to you?,52.666666666666664,43.666666666666664
442825857816461312,159315463,480545459,How does one ask a boy you really like to prom? Especially if he is graduated. And you do not know for sure if he likes you back. I am scared. [SEP] @JosieLaurette all he can do is say no....and laugh at you....and tell you you are stupid for even thinking that. ..,79.66666666666667,57.0
441708162681692161,2216893765,18918367,The soothing sound of your Whey Protein container tumbling to the floor with the lid off #mylife #worstluck [SEP] @ That Fit Girl no whey! ugh sorry that happened :-(,52.333333333333336,66.33333333333333
441431736225132544,2238182665,1836466950,"So if you want to know about my sex life, there it is. Again I apologize face with tears of joy [SEP] @yankee country looks like your sex life sucks haha",49.666666666666664,86.33333333333333
441251405505232897,2343954058,1649854658,"[Sits on the TL, hugging his knees] [SEP] @TheBravestAngel *appears behind you and hugs you* Cas, I am sorry.",66.66666666666667,45.666666666666664
441102322526343168,19102508,2326291960,My name is Destinee....I fall asleep in my jeans and cowgirl boots more often than not....#imweird [SEP] @DestineeQuinn zzz just jeans a nd boots eh......;),20.0,82.0
441103012413853696,69205335,273385176,aye body got feelings . without a heart there is no pulse [SEP] Feelings suck mad dick. “@justKASH: aye body got feelings . without a heart there is no pulse”,37.666666666666664,80.33333333333333
440629725224906752,506469565,247144472,I am getting sick [SEP] “@loveashanta: I am getting sick”verysick,68.66666666666667,72.66666666666667
440500595850354688,1123878546,2182624978,Swear I love my babe Spalding basketball face with tears of joy red heart [SEP] @AliviaElisee I thought it was *Wilson,57.333333333333336,78.33333333333333
440272106740150272,881489954,1727574920,People up here in north have the wrong expectations for people who live in the south. Like unamused face angry face [SEP] @peyton trahan oh.. Ummmmm... Sorry,70.33333333333333,73.66666666666667
440039486693855233,1634598163,236844054,"I hate goodbyes .. Big or small, it does not matter! I hate it. [SEP] @Storm16ADEPT I hear Lesbians feel that way about penises.",55.0,65.0
439472974127591424,355805866,1113318439,"why would you want to be that skinny [SEP] @S3xualButterfly It is a mental disorder, sweetie. You cannot really understand until you have those negative voices in your head 24/7.. :/",60.333333333333336,68.33333333333333
438819976959389696,24486438,207802535,"They raised my credit card limit - yes, please allow me to bury myself deeper into debt. credit card face with tears of joy [SEP] @LanaMinas more money to buy cologne face with tears of joy face with tears of joy face with tears of joy no? Too much? Okay face with tears of joy",47.666666666666664,80.0
438749610400841728,601087790,41725972,"Forgot to bring a fork to work, it is so demoralising eating a pot noodle with a tea spoon pensive face [SEP] @BubblesWHUFC its demoralising eating pot noodle when ya sober",23.333333333333332,84.0
438510697354653697,348615434,2357224682,No motivation to do any work that is required for Hengstler's test Friday. [SEP] @brianfresh11 biggest bullshit teacher ever.,63.4,79.0
438467446534463488,100027855,393540598,TOMORROWS WEDNESDAY!!!!! you know what that means my fav day of the week cuz BOWLING AND BEERS clapping hands smiling face with heart-eyes clinking beer mugs bowling [SEP] @Matittyy cannot you bowl and drink beers any day of the week?,39.666666666666664,50.0
438117503495987200,1574342144,1084536882,Just got home :) is dgs still talkin shit? [SEP] @TheRealDanny24x rondo is now with us^ ^ all we are missing is bubu,49.333333333333336,35.333333333333336
438085047506452480,2347855390,2302327180,"#DominosPizz Makes a Tuesday Feel like Friday [SEP] @OfficialMarie13 sorry, but papa john's is better beaming face with smiling eyes beaming face with smiling eyes #sorrynotsorry person tipping hand",58.333333333333336,73.33333333333333
437854183635841024,14707329,64990524,Introductions from colleagues and seniors from Sofia University - and photos being taken of speakers - SCARY #asm20 [SEP] @timgollins good you put on your tie this morning ;),48.333333333333336,45.333333333333336
437733315358228480,823618483,1267534688,"Tonight the fans, the dreamers, and the underdogs won. #thewolves could not have done it without your support. Keep believing, keep fighting. [SEP] @RichardsWesley How does it feel knowing you won the TNA Tag titles the same night Elimination Chamber takes place?",36.333333333333336,56.0
437503611161960448,389698454,57122039,"Just outta my pit and I am greeted by empty takeaway cartons,empty bottles of wine,empty CD cases &amp; an empty wallet #howtheotherhalflive [SEP] @whozthecat there is a song in there somewhere!",64.0,60.333333333333336
437326821055815680,2346253767,125158317,this is such a good day! apple juice for everybody on me! [SEP] @TinyJuiceBox I--HATE-APPLE--JUICE! How dare you,42.0,77.33333333333333
436696826943504384,237313268,324339450,dre ass got me sick weary face [SEP] @Tayes Nation after or before you all kissed?,28.666666666666668,87.0
436389929107869696,34718621,72908451,All nighter w/ my roomie while I attempt to finish this paper weary face loudly crying face [SEP] “@jockin dayZ: All nighter w/ my roomie while I attempt to finish this paper weary face loudly crying face ” damn homie face with tears of joy,12.333333333333334,100.0
435922401931440128,2347861182,2252699699,I honestly do not remember the episode when Scott saves Kira from getting eaten by a werewolf? when was this? [SEP] @bansheebecrazy He does not it was Malia when she was a coyote..,45.0,78.66666666666667
435910629723893760,16799897,16696020,"i am kind of a bad journalist. i never want to risk friends' jobs &amp; dig around pre-emptively in wounds just so WE THE GAMERS get the FULL STORY [SEP] @leighalexander If friends are a reason that you cannot complete your work, maybe let someone else take the assignment and move on?",24.666666666666668,56.0
435869084119355392,263483847,542606172,we gone show the world the definition of real shit [SEP] @tinywaist devil twitter this person stood me up a few days ago! &amp; she know she wrong cuz she contacted me since smh unamused face thumbs down goblin angry face pouting face,49.666666666666664,43.666666666666664
435827667451920384,100310868,509787501,Literally crying right now because the suite I was supposed to get for my birthday is now booked because my mom loves to fucking lag smiling face with smiling eyes [SEP] @KissMeCole there should be a motel 8 near,57.333333333333336,60.666666666666664
435581523320770560,1881518760,354047009,Baylee is singing the goofy goobers song while we are on the phone doing homework neutral face expressionless face [SEP] @dillan cathers cash money.. You Are a little player you have a new gf every week face with tears of joy see-no-evil monkey,48.0,50.333333333333336
435282530057474049,256300196,552223696,Deleted that tweet because I guess Brendan does not think it is believable. COOL button [SEP] @AlyssaProbz20 your brother was throwing balls at us for no reason !!! He is not very nice pensive face kind of bullied me,25.666666666666668,80.0
435253544758038528,372532410,1446324342,"Damn I wish I got that ""do you squat? Or is your booty natural"" question on ask face with tears of joy [SEP] @KLaracuente what would your answer be?",50.333333333333336,66.66666666666667
434804342827536384,350343237,20987312,"These girls are demons, when he spoke about God do you know how many lights went off face without mouth #takemeout [SEP] @TheAmazingShay Lol... Not demons, just grown up, intelligent, rational humans. #2014",68.0,63.0
433366136357269504,593871486,311831343,"I am slowly getting everything ready, can it be March yet?!? I am ready for my baby!!! [SEP] @KJIParr that tweet sounded like you are pregnant face with tears of joy face with tears of joy",73.0,65.0
432962550565576704,106239911,155538654,fear is a result of uncertainty... fear is expectation when you hope for a lot more then you fear not fulfilling your hopes [SEP] @p adic saurav Wise words. Sometimes i think you should start an ashram … did not we discuss that earlier?,48.0,71.0
432666582888632320,766116198,2327185612,"Misplaced my debit card, drivers liscense, and school ID, all since Friday [SEP] @afton moore sorry about that darling! Hope someone returns them to you &lt;3",40.666666666666664,72.66666666666667
432659439124877313,1656518101,862566703,Watching TED. This is hysterical! [SEP] @SinCityGrrrl you retired from cams???,38.666666666666664,93.66666666666667
432683494729195520,405900790,309483282,"Schindler's List soundtrack &amp; costume reference to the little girl in the red coat from the film...haunting performance. [SEP] @LindsayEvelyn haunting performance//Tacky, too, because it elicited cheers, whereas in the film,the girl she is portraying is slain by Nazis.",64.0,34.333333333333336
431873894283493376,596650084,269847839,"@biebersvideo uhm, on the news. search it on google, you will 100% find it i just saw the video where justin got checked by airport's security if he had drugs on him. i laughed because the man pulled up justin's pants [SEP] @biebersvideo it is not the airport it is the 23 january and it is disgusting to post it",57.666666666666664,79.33333333333333
432048441322397697,26274078,267535326,Finally off praise Jehovah! Time to go home &amp; pop this bottle see-no-evil monkey [SEP] @makeupanddance damn girl where you work at the strip club?,58.0,81.0
431977187172814848,226703256,344403322,".@jclary6 and he was calling Glenn lightskinned for worrying about a girl and love in an apocalyptic world I was dying lmao I remember that me and Phill were watching ""This Sorrowful Life"" of the Walking Dead and Phill was making fun of Glenn [SEP] @jclary6 did you just tweet to yourself...?",51.333333333333336,19.0
431423784701009921,838622414,79660958,"How many people crying over the ""Dog Held by Taliban"" story have no idea who Bowe Bergdahl is? Or she would a tear for him if they do? [SEP] @mikenelson586 Hesitant to go there. I kind of gather keeping the BB story from going wide protects him from the complicated parts.",69.33333333333333,72.66666666666667
431134488928583680,22120547,305857840,"On top of sneezing constantly, I now have the hiccups. Nothing I have ever felt has felt less fantastic than this. [SEP] @amanda hocking if you have never felt anything worse than that you must be incredibly lucky.",81.66666666666667,81.66666666666667
430904642868752385,2272788578,2324622155,next time liam comes online ask him about spoons [SEP] @leeyumsss pls do not be a carrot,62.4,67.6
430118907353894912,1357462411,831840926,"Cancer cannot be helped. It is not something that a person can stop. Suicide, on the other hand... Can be. Suicide is a choice. [SEP] @daylantxmill cancer can actually be prevented in many ways, I was talking about depression and eating disorders and other such issues.....",43.4,84.2
429770510738931713,2206218102,1120878912,"Want a real ultrafood? Tapioca may not be hip, but a serving has more protein than a beet and as much Iota-B valproic acid than 2 lemons. [SEP] @TheHealthPatrol I love tapioca have not we discussed this before? Just sayin'",57.333333333333336,59.0
427548490416148480,175782640,140492530,Who are we to throw stones? Why cannot we just love everyone and leave the judging up to God? I left church really pissed off today. [SEP] @ShoshannaEvers Unfortunately that is the preaching of the Catholic Church.,60.666666666666664,56.333333333333336
427450094901014528,2271299931,1658767927,"The only reason I do not like the name ""Tia"" is because of that frenchie....... [SEP] @IsleofWightAPH What you have against France, England has the true grudge along with Spain but why you, its not your fight",57.333333333333336,68.33333333333333
426414894326763520,518873913,93213867,I have been driving for 6 years and I still cannot parallel park how shocking is that [SEP] @LukeRobinson99 Just like most women out there then...,62.333333333333336,58.333333333333336
425128955633360896,898163125,2269887579,"#5sosfamconfessions I call Calum ""cal"" Ashton ""ash"" Michael ""mikey"" Luke ""Lucas"" not by their actual names anymore [SEP] @notpunkhemmo because you are just that awesome.",67.66666666666667,70.66666666666667
424331785666064384,1599641,524736485,Some cab rides are true ersatz psychotherapy [SEP] @esad You know someone is in treatment when they are using perfectly well translatable german words in english sentences,61.333333333333336,67.66666666666667
424893441516900353,53827188,771040328,Home from Tondo heart suit [SEP] @kristinagbulos naks....HUTCHERSON!!! :3,73.0,75.33333333333333
424770845580337152,303438200,90099536,Having Drake as the host and musical guest is fucking fantastic. Literally the *exact opposite* of when Justin Bieber did the same. #SNL [SEP] @blamberr You mean there is still people who watch SNL?,58.0,68.0
424314603443851265,393723219,332457116,Rita fucking Rita!!!!! Why!? loudly crying face loudly crying face [SEP] @adisxo I see your on the dexter bandwagon too,25.0,93.0
424140060179857408,14172450,354744486,"Seems the “I only tried it once and did not inhale” excuse does the trick eh? [SEP] @wjohngalloway does ""I only shagged them once"" work too? FFS!",80.33333333333333,79.66666666666667
424032166226690048,240079623,25616790,People b like get a smart phone...my arguement is i go harder than most...imagine the incriminatin evidence [SEP] @2Phonezzz but you are staying in tonight? ...... Turn up FOR WHAT?!,67.66666666666667,75.33333333333333
423580953861029888,259959643,77157975,The fact that everyone is shocked I have lasted this long without Facebook makes deleting it absolutely the right choice [SEP] @Seandwire did not even notice you deleted homie ...,25.0,77.0
423440045794947072,463448216,581497806,All them other niggas lame and you know it now smiling face with sunglasses [SEP] @Luis14Reyes You one of them lame niggas..lmao,37.0,55.0
421649448906010624,1741787035,1431454442,nearly knocked myself out while attempting to do a handstand against a wall I should not have a day off [SEP] @MadeleineElsieH Clearly. But did you enjoy nearly knocking yourself out?,66.33333333333333,65.66666666666667
421115709704265728,132007468,612042835,can I have zac efron to be my boyfriend orrrrr [SEP] @rubberduckyyy3 did you just say you would rather date zac efron over justin beiber?!,47.666666666666664,81.0
421092176094040064,617520969,1014115938,Angela is literally my girlfriend i do not know what I would do without her women holding hands [SEP] @Jamiejessupxo hey sorry about today hope you can forgive me see-no-evil monkey speak-no-evil monkey,55.0,73.66666666666667
420824985910140928,593235987,344940869,"Its making me cough, and making my throat all mucusy. #grossssssss [SEP] @Kes salter I bet that is not the first time face with tears of joy",49.333333333333336,56.666666666666664
420801713579491329,636088828,59724141,"I need to import Burst now [SEP] @SonyOfLastation You mean buy it in English, right?",57.666666666666664,61.666666666666664
420194918821163008,19102508,110124032,My lucky numbers 9 and 11 are showing up a lot this morning. [SEP] Interesting choice of lucky numbers.. 9/11? Really? @DestineeQuinn,4.333333333333333,76.66666666666667
419941656259878912,24805791,1718134122,"GUITAR NOT STAY IN TUNE SO NO WORK WAT DO [SEP] @N2ZLL Take a walk, grab a latte, take guitar to be tuned... Return to work, be productive... ?????",35.0,62.0
419168817709711360,15993167,1918278176,ok I need to shoot videos today and tomorrow. anything in particular you guys request? not collabs though! need a break from those &lt;3 [SEP] @catrific lol you said no calabs and now your doing a calab with @shanedawson,41.333333333333336,50.333333333333336
418928030917357568,602396566,380022565,"Dear mom, You are a bitch. Okay bye. [SEP] @coracorautegg Think about losing your mom in the next five minutes. Would you regret writing this?",57.0,68.33333333333333
417709075255013376,177714820,211780215,"Yup. Got it all planned out. Hair cut. Mani/ Pedi. Eyebrows threaded. Clean car, room, and store. New outfit of course. beaming face with smiling eyes [SEP] You fancy huh? RT @wrldsbstvane: Got it planned out. Hair cut. Mani/Pedi. Eyebrows threaded. Clean car, room, &amp; store. New outfit of course",43.0,52.0
417506857616289792,12610772,303301466,murr indeed! [SEP] @remittancegirl are you trying to slyly tell us you got married?,31.0,47.333333333333336
417094314892591104,1031166378,813319730,"Losing hope of 4/6 awfully quick [SEP] @caylenscoffee at least you have 3/6 , I got none, so you should show some appreciations Also do not give up! xx",48.0,68.66666666666667
416764443360374784,40752095,51518250,"He got Stafford's stick in the face [SEP] “@pham1717: He got Stafford's stick in the face” Or as the Ranger's twitter would say,""Shit in the face.""",71.0,68.66666666666667
416543020876857344,14501781,19937228,"...we chatted, went back to sleep, and the next thing I knew it was 15mins ago and I am being told I have slept until midday #musthaveneededit [SEP] @Mrs Foo Cough are you going to be okay for tomorrow or would you rather postpone until you are all sparkly again? X",21.666666666666668,63.333333333333336
414960107407953920,16435731,101827504,Bears D has no answer for the Split Zone. [SEP] @MattBowen41 thxs to our d coordinator!!! He is a retard!!,63.0,57.333333333333336
414775714257588225,85191569,1586663792,Tough game today for the swans .. I will take a point all day everyon are flying ! Come on swans !!!! #scfc [SEP] “@Nicholas Rees: Tough game today for the swans .. I will take a point all day everyon are flying ! Come on swans !!!! #scfc” *Everton,71.0,47.0
414092801513512961,60930320,811200979,Sorry to hear the news about PJ. Really good kid that made a mistake. Blessings to him and his mom Wendy. [SEP] @LeVelleMoton mistakeS. You get second chances. But when you are a moron and continue to throw second and third chances away then you are done,72.0,90.66666666666667
413967667943718912,489584051,145444275,Be a good listener. Your ears will never get you in trouble. [SEP] @mohab muhamed what if you hear something you was not supposed to from the mafia or something? You in trouble bitch. Jk,78.0,68.66666666666667
413075010493087744,369178942,288852634,"I have not come up with any witty tweets recently.. I feel like I am letting you guys down [SEP] @heyarnold369 well, you are probably just growing out of twitter chris. I mean it is target market is about your age minus 10",61.333333333333336,67.66666666666667
412640004662644736,177582797,539584152,Now I do not no about you lot but ME.....I do not respect that shit for one second. I think unans a prick but he dealt wiv that pretty well to be honest [SEP] @NuKRAYZE you think I am a prick? Why Is that? Because I have always been mad cool to you?,41.0,70.33333333333333
411661711905546240,146370998,39122575,"Just looking at my revenue from music for 2013... And I just want to say, it is a shit life. You really have to love it. [SEP] @DominiqueFricot do not give up. Persevere. If the music touches one person, it is worth it.",42.333333333333336,61.333333333333336
411351214086168576,448212422,1548967021,chocolate covered pretzels is the reason I wake up every morning TO BE HONEST. [SEP] @leana kay so you eat then everyday?,32.0,83.33333333333333
410984310993195008,593555638,357106953,I have taken 5164543618 econ classes and I still do not know the difference between elastic/inelastic. #lolfailure #pathetique [SEP] @alyssanambiar I like the #pathetique. It makes you look classy,64.66666666666667,66.66666666666667
410985769827065856,1493607828,70973431,I am surrounded by some amazing women. #sisterhood [SEP] @NajaahD Which sorority are you in?,58.333333333333336,57.666666666666664
410037648372166656,518159628,491751335,I love late night talks with Mia they are always so entertaining face with tears of joy OK hand [SEP] “@AyeNastyx: I love late night talks with Mia they are always so entertaining face with tears of joy OK hand ” it is 5:30 am I do not think that is late night lol,54.0,53.666666666666664
409821985749745664,23803265,27727512,"After Kobe Bryant tore his Achilles, I asked him in the locker room - was this the last time we would see him play? He did not like the question [SEP] @EricPincus not the highlight of your career. Lol",41.8,89.8
409362155767889920,312180919,37960901,These young ass kids. My son will not act like this. [SEP] @eatmygingerbox I just hope he does not learn how to tweet like you do.,72.0,67.66666666666667
409113646887743488,406715147,334923687,I Am stuck here with my parents for the night... GOODY! [SEP] @JulieAlexaGrace that is almost as unfortunate as your twitter name puddin mcjingles,41.0,87.33333333333333
408920635432124416,20654613,23699500,I have never ever known such hysteria over the raising of a flag. [SEP] @catherine c perhaps the hysteria or acknowledgement matches the achievements of someone exceptional,46.666666666666664,69.33333333333333
408825818702700544,100228302,1964879850,I have been unfollowed for showing respect for Madiba. Loved and hated he made a difference and united a nation. How much have you done? disappointed face [SEP] @FlutterbysRFree Agree with your sentiment. But why do you think you were unfollowed for it?,41.666666666666664,56.333333333333336
408746330610094081,397644583,1069979354,Someone said they love my hair wtf that is a first [SEP] @ChrisLuplow they were probably being sarcastic,58.333333333333336,68.33333333333333
408480084454936577,57995617,48879786,Jessica Lange is just...she is just so...I mean she really is..Borg perfection. [SEP] @emmacaulfield anya from Buffy just made a Star Trek joke. I am in geek heaven!,87.0,84.0
407300025019281408,531956238,2193336941,"every time i let someone into my life &amp; trust them, they hurt me somehow &amp; it leaves me here not able to trust anyone ever again [SEP] @throwinHUNTreds no offence but maybe you are going after the wrong kind....no offence thou",58.333333333333336,72.66666666666667
407286210839998464,855376478,1101884623,"If Sophia and Dani were friends that makes me hate SOPHIA even more because you do not date one of your friends exes .. Like no? [SEP] @Give Me Payne if one of your friends used to date liam though, and then he asked you out, would you really say no?",13.666666666666666,84.33333333333333
406306621984215040,1317309384,91026663,I wish I had someone to call princess [SEP] “@Noah Geer8: I wish I had someone to call princess” &lt;&lt;&lt; I need a gay version of this kid wtf,37.0,70.66666666666667
405914343659028480,2183700063,315968450,Oomf is mean to me unamused face [SEP] “@Number JUAN 302: Oomf is mean to me unamused face ” stop tweetin like a hoe lol,51.0,71.4
405808986085027840,241098173,1686711319,EMU giving big bad Kentucky a run for their money! [SEP] @EricPeterson713 KU is overrated. Randle is only consistent player.,69.66666666666667,76.0
403931801925984256,424314534,299946524,Got the Friday feeling beer mug wine glass [SEP] @leehopkins01 couple of Pepsi's tonight is it butt,64.0,68.33333333333333
402949333818957825,1143538896,1471531878,Looking back I am like i do not know.... [SEP] @ionel the man oh yeah is that how you feel?,15.333333333333334,88.33333333333333
402118398596755456,17173621,387602779,"Watching policy wonks, I realize the Warby Parker eyeglass look only works for the young and hip. Otherwise you look really old. [SEP] @JAPak Nonsense! Our frames are for everyone. Let us know if you need help finding the perfect pair.",40.0,57.666666666666664
401954906405232640,823129230,777540102,My favourite ice cream flavour is vanilla with painkillers [SEP] “@LIRRYLUBE: My favourite ice cream flavour is vanilla with painkillers” mines chocolate with heroin,45.0,57.666666666666664
401797513432563712,940265965,1554079358,RIGHT WHO IS SETTING OFF FIREWORKS??? [SEP] @Coldplay1R tell me about it! There is no longer any need to do so!!! Fucking assholes,45.666666666666664,92.0
400856971479240704,472451822,333815966,I always sleep with my contacts in because I am scared that if someone kidnaps me in the middle of the night I will not be able to see anything. [SEP] @mnichhh your tweets actually crack me up hahaha,75.0,69.0
400678803049287680,1586173375,190276837,"Forever might come back, as in FOREVERBUFFY WILL COME BACK. [Fangirls] [SEP] @BansheeBitch I was not aware I went anywhere.",16.0,77.0
399413820893843456,15811625,939472561,"Joe Tessitore: ""But Arizona ... with a little Uncle Mo, some momentum on their side."" [SEP] @fangsbites Both of these clowns r hard to listen to.",62.0,78.33333333333333
399314883734282241,183636302,1262939310,Please do not let me see people making Russell Wilson/Johnny Manziel comparisons. They were almost nothing alike as prospects. [SEP] @AllbrightNFL @ckparrot and we know in football white players can only b compared to other white guys and blacks to blacks.,63.2,68.8
399266535891423232,1106353422,1315560504,"*stomps off down to the beach, begins kicking pebbles and sand and throwing scrunched up poems into the sea* [SEP] @pedicaboss *runs after* What have /I/ to apologize for? At least I did not leave without a goodbye as before. It is why I wrote the letter.",55.333333333333336,80.0
398486248924659712,870449394,1051092300,"Do people have ""turning off feelings"" button? [SEP] @APELSINASAUR It is called being numb.",63.0,59.333333333333336
398120001296953344,355143610,47504302,I plan on being disgraceful this weekend [SEP] @SM0KAH0NTAS your father would be proud,55.666666666666664,63.666666666666664
397573616738394112,1976285414,892315124,"#ThingsIGetAlot wow you have really big eyes! [SEP] “@itsbeeyonce: #ThingsIGetAlot wow you have really big eyes!” Clicks on your profile pic, holy shit your not lying. eyes hahaha face with tears of joy face with tears of joy #jk",72.66666666666667,79.0
397451198455750656,195555981,348739547,I feel like the average rapper height between 5'4 and 5'7 there is a few exceptions but rappers really lil niggas who did not play sports [SEP] @WhoIsRizzos are not you like 5'7?,57.310344827586206,70.6896551724138
397309747667292162,1335164970,211109134,"Do you think some christian bigots realise that heterosexuals can have anal sex too? That it is not ""gay sex"", but a sexual act? [SEP] @TheAtheistSpark Sorry its a serious subject forgive me!",46.0,73.33333333333333
396730125095415808,484110679,722345906,did not think about how impractical this leotard would be to take off [SEP] @coletteeey and why are you planning to take it off...,56.333333333333336,57.666666666666664
396704620141371392,230756420,155161589,Some people have the most weirdest and attention seeking names on this. [SEP] @SadiaMohammed you should change your name to sadia then speak-no-evil monkey,56.333333333333336,68.33333333333333
395991699211567104,347301755,95575706,"Almost at 400 followers! Crazy &amp; flattering. Happy Halloween to all the writers, travelers, bloggers and other cool folks who follow me! [SEP] @audreycamp What is the point if you cannot remember what is being said? Impossible. Understand artists &amp; writers➙Useful. Pls pick with care.",9.333333333333334,68.0
396020500180529152,21056518,65272235,"#sixwordscarystories Lila is carrying Brian's love child. [SEP] @UnbrokenBarista I do not think you can get pregnamt from BJs, lol",18.666666666666668,51.0
394526382811656192,20276213,278256956,"There are very few people who can say they changed the music of a generation. RIP Lou Reed. [SEP] @ocularnervosa I know you do not generally reply via Twitter, but I just wanted to say that I agree completely. Lou was a giant.",35.333333333333336,48.666666666666664
393741747857014784,109448942,1051150338,"Me. Kleckner said he is going to be Walter for Halloween. ""The teacher who deals drugs..."" LMAO [SEP] @MissRewoke he does not deal he cooks, bitch.",72.66666666666667,95.66666666666667
393771493949456384,833766576,1434020209,Liam needs to quit being mean [SEP] @lynsey pearson hardly! You just cannot handle that my argument is stronger than yours so ha,65.33333333333333,77.0
393059797764829184,381819599,153305834,"@JuniorrrPerez was it you beaner? s/o to whoever left this on my windshield! You made my day face with tears of joy http://t.co/2aD7ZpDef5 [SEP] @tom mcdaniel22 why would I take time out of my day for your unemployed, loan star card using ass... No it was not me.",30.333333333333332,54.333333333333336
393004270356004864,178437089,517129481,Never give up on something that you cannot go a day without thinking about! [SEP] @ShakiraJ97 I think you starting to have tht effect on me lml,55.0,62.666666666666664
392834545365839872,16460260,18001236,Cookies are burning for no reason :/ Grrrr... IF IT SAYS 9-12 MINUTES AND THEY ARE BURNT AT 8 MINUTES THE RECIPE IS A LIAR!!! [SEP] @ilovebettymcrae What temperature does the recipe say to bake them at?,21.4,75.6
392799669958373376,855657865,393619539,"Lamont ""would not dare"" give me my ones either . Kills me . Pop the most shit . [SEP] @noSimilarities why you tryna fight niggas",37.666666666666664,68.0
391327368062570496,23314049,14869093,"For those who have asked, we have our answer... #Community returns Thursday January 2nd @ 8pm/7c on NBC. Share the news with those you love. [SEP] @yvettenbrown Look at this way, “Rules of Engagement” survived for YEARS even with the network screwing around with their time and return.",49.333333333333336,77.33333333333333
391216783572860928,716115809,91890954,"#CameronHeatingTips us tories are so rich we put the heating on full blast then open the windows. [SEP] @SheightMP Please Sir, can we plebs stand outside to warm ourselves?",44.333333333333336,81.0
390731765310304256,548581938,840924325,Like it is okay every once and a while but I am just sick of it being a regular thing. I cannot sleep because I worry so much. [SEP] @66pix ie if you are referring to shrooms or another hallucinogen it is not very good for daily use. occasion is okay but daily is dangerous.,48.0,77.66666666666667
390566560420483072,585334298,452890670,i need new CHUCKS [SEP] @babyhead 530 bro just shut the fuck up already,63.13333333333333,75.8
389625836350869504,933583976,1539315882,Eleanor is going to Australia! [SEP] “@1DetailsHQ: Eleanor is going to Australia!” Gross,59.0,99.0
389592977267363840,41160983,506751452,"Win or lose this game, Big Papi just might be the greatest Red Sox player ever. #yesiknowabouttedwilliamsandyaz [SEP] @TheMikeOMalley well maybe he can pass as a half player who takes steroids! Yet does not get bashed for it like Arod! Sorry I am a Yankee fan",37.333333333333336,66.66666666666667
388816638692581376,414275506,414189802,Just want someone to care about [SEP] “@Corpp DoanWhoo: Just want someone to care about”..you already do. Your mom.,26.666666666666668,70.66666666666667
388161174111404032,1468957855,1663811660,"you have to be able to respect peoples opinions...if not, the world will crumble [SEP] @j muta clapping hands clapping hands clapping hands there you go",51.333333333333336,74.33333333333333
387411975959248896,518057086,114934497,Some of you all girls be scared to even kiss and shit LMFAOOOOOOOOO [SEP] “@WillTwerk4Jays: Some of you all girls be scared to even kiss and shit LMFAOOOOOOOOO” this is me. Lmfao.,42.666666666666664,74.33333333333333
387272715000111104,1553944242,155346814,Police station beaming face with smiling eyes flushed face smiling face [SEP] @lisagimma what is up with it?. You there?,80.33333333333333,60.666666666666664
387019944052789248,816691560,338757469,Why could not I have lived like ten blocks down. I would have been able to go to IUBB [SEP] @wah naaa18 it is all about UIUC!,55.0,77.0
386956876845305856,1437902186,1279121124,"Came back from the doctor and told my wife that I was perfectly healthy and I could have sworn she mouthed the word ""crap"". [SEP] @rogertheriter wished I had been there for that :) ★",37.0,72.0
386245268837900288,49715993,1158289940,"Cadbury has come out with a Halloween version of their Cadbury Creme Egg. Lord, give me strength! [SEP] @stephfredricks @electroboyusa Gross. I hate those things. What is that filing anyway? Looks like bird poo. Ick",60.7,66.23333333333333
384532812746862593,913222304,827853349,who am i kidding christmas spirit is way more important than school work [SEP] @scottieklepper do not you mean dragon spirit dragon,60.333333333333336,50.666666666666664
384518962865664001,731844967,587901070,I want to loose weight but in order to do that I would sacrifice my ass &amp; that is my best attribute to be honest. [SEP] “@ChelseyRigby: I want to loose weight but in order to do that I would sacrifice my ass &amp; that is my best attribute to be honest.” Do squats.?,19.666666666666668,92.33333333333333
384156609603444736,346628407,254364569,I would not mind if someone texted me right now... 6138855234 anchor [SEP] @Carly Frost i cannot help but question the anchor's point in this tweet,31.0,59.0
383457115433488385,1623869899,1107797606,*flips table* YO WHY IS NOT A GROUP OF A KANGAROOS CALLED A KANGACREW [SEP] @VampireIguana @david8hughes the dominant male would be a Kingacrew! The mating ritual: Kingascrew.,60.0,79.66666666666667
382991387547144192,410401057,18312002,Refs killed Us so bad today [SEP] @AE x3 @Super Honkyy someone should have called the police,40.0,79.33333333333333
381792355021783040,493743792,391443618,"You can say bitch on the radio...but you cannot say damn? #murica [SEP] @fizzlevandizzle Because damn has religious connotations, but bitch does not.",54.333333333333336,90.0
380790196830482433,100252158,29493417,"Food shopping day is a glorious day in the Purdy household [SEP] @Jenpurdy Jp correction "" Food shopping day is a glorious day in every household "" #FirstWorldProblems",42.0,89.66666666666667
380170280469270528,1063429052,29347330,I THINK IN A YEAR OR 2 ILL BE READY TO SETTLE DOWN N START MY FAMILY [SEP] @KianaRedd you only bout 12. YOU jus talkin,35.666666666666664,54.0
380106090861445120,514530999,470716244,I must be a fool for taking you in and letting you win control over my heart. [SEP] @ Queen Jenny wht did he do dis tym,42.333333333333336,74.0
379979122014818304,17788593,28478544,God is good smiling face with halo [SEP] “@dannyhoyt: God is good smiling face with halo ” @moni katt lmao,48.666666666666664,72.0
379811617586049024,425303965,212989072,The people in the next room GOT TO GO [SEP] @carlinkennedyy go beat them up..3rd floor needs some drama,31.0,59.0
379651595203403777,212992600,114572222,"If you are wondering why I just unfollowed you, it was the Alex Jones man. SMH. You left me no choice. [SEP] @flyoverangel God bless ya anyways. Free to have your own opinions. Have a great day!",44.8,64.6
379433670328987648,159237070,277289596,"Took a hard fall at bass pro tonight with Daddy. Only hurt my pride a little. #tailwagginganyway [SEP] @luckybrowndog How did you find out? He is so weird now, he will not walk across the hardwoods!!",36.0,60.333333333333336
379072328790851584,1668020076,894358285,Today...is a new day :D [SEP] @Official Mpjhs everyday is a new day,53.666666666666664,85.33333333333333
378928917517983744,105902325,90849823,"If #Miley and #Thicke were two Black artists on the #VMAs, none of you would still be talking. You all prejudice. [SEP] @MLeeHearron for me it was the excessively sexually charged performance. I would react the same had it been #Beyonce. #TrashIsWhatTrashDoes",44.333333333333336,74.33333333333333
378840793814794242,240477027,219754576,"I have come to the point where I need sugar cane in my Hardcore Minecraft LP to proceed. There is none on my island. [SEP] @Kikoskia Kiko, please learn the new mechanic where you can click-drag a stack on the crafting grid. Painful to watch you click many times.",56.333333333333336,56.333333333333336
378611603404382209,1226775120,1665837188,I LOVE #BASEBALL! Pretty much more than anything but I just got 4 tix to Sunday's #Raiders game (2 poss 3 are available)! Anyone interested? [SEP] @OakAsSocksGrl you could not pay me to wacth that train wreck of a game. Two happiness franchises going nowhere fast.,63.666666666666664,79.66666666666667
377951673949630465,17501549,844528854,"There is a HUGE storm outside. The thunder has summoned me! Time for a mini #askagent LIGHTNING ROUND. Got questions? Ask me with hash tag! [SEP] @literaticat Pitch: Princess wants to go to school, but when king says no, she takes up cage fighting instead. Interesting? #askagent",52.0,43.666666666666664
376906092808138752,251156131,1668739328,"I do not 100% hate burnt popcorn. [SEP] @alexvokey @kassdolan oh wait, maybe twitter does not need to know about your old married couple argument about popcorn......",51.4,82.0
377409627253907456,1385844937,1720338780,dang BRO i live in the mitten and it is 90 degrees out right now (8:30 AM)...how do people survive the heat in cal or Florida... [SEP] @Yoscake /in the mitten/,55.333333333333336,81.66666666666667
377167972974198784,449836826,497417499,Any jokes? [SEP] @ShaneMurphy95 Why do dwarfs laugh when they are playing football? the grass tickles their balls,44.0,75.2
377167229592551424,40926809,45944880,I just walked past a group of people sitting around behind the church bar listening to peter Andre ! Emmmm strange [SEP] @Tallafornia23 a bunch of mysterious girls obviously....,52.666666666666664,65.33333333333333
376782506445381632,30959296,301324662,Drinking happened with the parents. Had almost forgotten the weekend is over. #weekendsshouldneverend [SEP] @TashsterUnited You enjoy drinking or do you have a drinking habit Dear Natasha. Or is it a sanctuary you seek from it,61.333333333333336,40.666666666666664
375727279080341504,25267910,102260611,#YouKnowYoureAWrestlingFanWhen you actually think Eugene was retarded and Bischoff's cousin. [SEP] @EarlSkakel #YouKnowYoureAWrestlingFanWhen your wife does not have dinner on the table at 6pm and you hit the bitch with a steel chair. #TLC,82.6,86.8
375435508274712576,859822244,97549641,I got a feeling i am going to snap tonight...if one of these mother fuckas touch my hair. .. [SEP] @ breeezyyy lmao you are not bout that life,25.333333333333332,62.666666666666664
374600689206714368,1609659288,121947304,"Next I will do the underneath of my hair dark purple, since red is ""basic"" [SEP] “@HANNTA : Next I will do the underneath of my hair dark purple, since red is ""basic""” it was just my opinion :/",74.0,67.33333333333333
374061810812325888,15770432,238686877,"The trivia answer is Purdue with 3 QB's to win the Super Bowl. Bart Starr, Bob Griese and Drew Brees. [SEP] @edthesportsfan Bart Starr went to Alabama",35.666666666666664,77.33333333333333
373486746899869696,380326332,63108128,Nowadays people are more bothered about changing their dp's rather than replying a text. Priorities apparently. [SEP] @Akancksha Wonder y people put fake dp's..,30.666666666666668,84.0
373569120056672256,172866748,71733546,Showerrrrr shower person taking bath victory hand [SEP] you taking a shower or a bath ? RT“@SomethingTasty : Showerrrrr shower person taking bath victory hand ”,51.0,79.66666666666667
373225106304036864,290514452,1349629200,demi said in an interview that she loves the heat and that she chooses heat over cold so why is she complaining [SEP] @LovatoIsMyGirl why are you always hating on her...,53.0,70.66666666666667
373126478642569216,18066371,15518527,"YAY my computer is not POSTing :/ [SEP] @axnollouse Cut power to it completely, let it sit for 1min and try to boot again. If it still does not work, BIOS update time.",80.33333333333333,61.333333333333336
372494446879072256,446280199,529828350,i shoukd change my @ name to nautia [SEP] @nautiastaylor is that your real name,69.33333333333333,85.0
370726441396088832,433471173,433721437,You are a cold piece of shit [SEP] “@88 js: You are a cold piece of shit” PLEASE TAG ME,74.0,66.0
370576153775714305,19380743,1025705593,Adam Scott is Australian. Of course he would say something bad about Tiger Woods. He probably thinks Tiger Woods is an aborigine. #dick [SEP] @GodfreyComedian Cannot believe all the dumb comments you make sometimes. What did Scott say wrong? #calmdown #areyouracist,72.66666666666667,95.66666666666667
370598504772542464,204495247,132231889,"OMG I seriously cannot wait to put on a pair of yoga pants &amp; hoodie, slip into my ugg boots and enjoy a pumpkin spice latte - every female neutral face [SEP] @SaveYour2Cents unless you are the shit and cannot wait to put on sweat pants, Jordans and enjoy a glass of vino with a spliff.",52.666666666666664,73.66666666666667
369732364152606720,77726717,14286516,10 packs of Halloumi from the International Supermarket £6.99. [SEP] @WalthamstowDad do you know if they stock Vietnamese mint?,41.333333333333336,58.333333333333336
369334057395441664,363309070,733629967,I need to start working out. How do you even start? [SEP] “@damnngiiirl: I need to start working out. How do you even start?” First you got to get dressed and leave the house. I know. #TheStruggle face with tears of joy face with tears of joy,60.333333333333336,54.666666666666664
368776074894663680,384634418,1147321639,"A squirrel living in the tree next to my front door just threw an acorn at me, then jumped on the roof. Well played, squirrel [SEP] @TheDanielProck did I get you? I was aiming for your shoulder but I think my throw was a bit off",45.0,48.0
368194803067920384,351668419,1667617848,I sent her a tweet asking why she unfollowed me and she DMed my back before blocking me saying a few things that got me upset. [SEP] @HoechlinArmy I am new here...but I thought twitter was a place to meet new people and talk. Block and offend you seems a bit too rude.,30.0,75.4
367470202172080129,208892646,212137230,"Though I am the opposite of a perfectionist, I am succumbing to the pressure of wanting an even number of followers. #400 #Iwuntit #Iwuntitnow! [SEP] @MegMcCutch I think you mean, obsessive compulsive not perfectionist lol",61.333333333333336,69.33333333333333
366805058224009216,346281349,296382717,I wish I could make homeade tortillas [SEP] “@nissa fuhhhhh: I wish I could make homeade tortillas” are not you Mexican?,47.0,83.33333333333333
366435111337590785,488067368,628262589,I do not ever want to hear someone say that playing CoD on their connection is hard &amp; impossible. I do it on my connection every fucking day. [SEP] @LIVINGDEAD4LIFE Playing on my connection is hard and impossible. SORRY HAD TO DO IT &lt;3,75.0,68.33333333333333
366339975937138689,301048752,350659980,"Alexandra is walking around modeling my backpack saying ""hi I am Victoria pla and I am a senior and i have my drivers license and i took SATS"" [SEP] @PLAt twist she forgot ""and my goal in life is to be a Disney princess""",84.33333333333333,89.66666666666667
365211963044790272,536886715,712740534,Why this girl starting when we have not talked for like a year. Maybe longer. [SEP] @xx6keeley9xx hi it is tiff I was not talking shit.. I was just saing I heard ou changed... In a good way how have you been?,48.666666666666664,79.33333333333333
365183823199223808,26652032,30302912,Castiel sitting on a chair in Chinatown #Supernatural set #yvrshoots [SEP] the fuck RT @sleepysheepie Castiel sitting on a chair in Chinatown #Supernatural set #yvrshoots,63.0,85.0
365111910657572865,36516260,49133999,"UGH, the world is full of pretentious idiots whose sole purpose is to make life difficult for those of us who want to get things done. [SEP] MT @zer0n1ne UGH, world is full of pretentious idiots whose sole purpose is to make life difficult for those of us who are really important.",59.8,76.6
364818841450184705,275174453,412743504,I hate when Spanish girls act black [SEP] “@elizahhbethh: I hate when Spanish girls act black” subtweeted @hii itsmelissa,72.66666666666667,78.66666666666667
364678942923309057,549812150,613847631,That was ignorant. All of a sudden black people want to be smart? Kay but who is our president? Not a Mexican that is for damn sure [SEP] @khouanerasa ok Adriana I did not have to take it all personal -.-,43.0,64.0
363315008467247105,1609378574,479841077,"Why is no one here when I get here? Am I a bother? ;A; [SEP] “@ShiningMage: Why is no one here when I get here? Am I a bother? ;A;” no, it is just that a lot of people are busy…",67.33333333333333,62.333333333333336
362690736749158402,157787256,141245136,"What sort of speedo/time/distance device would work on my 'normal' wheelchair? Friend used to run old bike speedo on hers. [SEP] @GentleChaos if you have a smartphone, there are lots of free apps you could use.",54.0,84.0
361591840178311168,1504041740,786994033,"I need a slave and a chef and someone to cuddle me and tickle my arm every sunday after weekends  [SEP] @elljade x wow,You are so gorgeous,that i would get on my knees and beg to be Your slave anyday Miss!#Yourbeautytakesmybreathaway",39.666666666666664,61.333333333333336
361473478936899586,143135628,75749030,"MN Desai: ...mid-day meals are better in TN ....reason for this is the vibrant anti-Brahmin movement that exploded across South.. [SEP] @gopimaliwal by the way, the all knowing you, mid day meals &amp; relevance to brahmins ??",26.666666666666668,83.0
361238534423707648,1009195424,172008477,"The Hillary Clinton Mini Series should be narrated by the ghosts of Vince Foster, Ron Brown and Chris Stevens. [SEP] @SenFrankNiceley @customjewel Is this a real Senator ?Or a fake one ? Never heard of him. Must be #sftb.",38.666666666666664,71.33333333333333
361195612881952770,428853963,263192272,You know you have lost too much weight when you suddenly have to start buying clothes that are XS as opposed to M that you have worn for years! [SEP] @rachitabhonsle OR people are getting bigger &amp; (x) small is the new Medium? I do not even know why I am commenting on women's dress sizes! :),43.333333333333336,57.333333333333336
360241550082588672,133456476,827513623,Back to school commercials scare me [SEP] @dbossence9 if your spending your summer watching tv you should be excited for having such a boring life. I am actually just kidding I really,56.333333333333336,60.666666666666664
359694056458166274,382844392,440604113,"Nigga say I am wac cus I do not have a fat ass, lmao go kill yourself [SEP] “@HENNYwork : Nigga say I am wac cus I do not have a fat ass, lmao go kill yourself” lmfaoooo",65.6,76.6
359880133747802112,348860266,326358367,i invested in the best shoes today. [SEP] “@DENOMONinican : i invested in the best shoes today.”the kind you wear on ya feet is the best ones no lie,69.0,41.666666666666664
359802020309385216,514329649,1525282452,My bunny likes to destroy all my clothes. Damn rabbit. weary face rabbit face [SEP] @starcassie11 TRIX ARE FOR KIDS. sorry I had to.,45.0,57.666666666666664
359444714648371200,1263427381,1335169333,rolls on arie's lap hi [SEP] @jusuhai *pets your hair* hey :),54.666666666666664,94.66666666666667
358111434208591873,1431286550,471542546,"I cannot keep naming all the names i like there is too many (adapt, dwayzy, quality, astro, zyloh, trance, slush, lovely, lucipur) cool names :) [SEP] @RIPMurphh wow thanks faggot murphh is pretty gay too",76.66666666666667,77.66666666666667
357514018228936704,175694937,1470971245,Every day on twitter people waste their lives tweeting things they think will hurt celebrities. What a sad way to exist. [SEP] @talkSPORTDrive @StanCollymore you are not a celebrity you bellend,63.666666666666664,51.0
357360706611453954,323381754,269429171,"If it does not challenge you, it does not change you. [SEP] @Bmac456 how are you feeling?",68.33333333333333,84.33333333333333
357309739253764097,412797760,781284290,Who sung the National Anthem?? [SEP] @Carly Schaber *sang and Candice Glover I think,24.333333333333332,78.66666666666667
356255239281713153,33847447,245609002,Just reading that a 13yo child camped overnight to be first in line to look at #theblock apartment. I think that is called child abuse! [SEP] @whatjanesays making the kid sleep out or making him/her live in those Jerry-built shanty apartments?,51.666666666666664,30.0
356141513685733376,430302101,346750204,Brooke you cannot like Julian you little sloot!! [SEP] @therealjpoo hahahaha makes me laugh every time you talk about OTH. #GirlAtHeart ;),41.0,86.66666666666667
355017766060830723,848121895,1572000835,"Who can I pounce on without flattening them.. [SEP] @its me sam Almost no one. Sam you are massive, and not in a bad way.",35.666666666666664,51.333333333333336
354334579915624448,384478893,189717918,Love farting in bath! #Bubbles [SEP] “@NathanCade16: Love farting in bath! #Bubbles” @donotpopbubbles,47.333333333333336,48.666666666666664
354154573293817856,723414284,883722770,HOW DID YOU GET HERE NOBODYS SUPPOSE TO BE HERE!!!!!!! [SEP] @ beautyvoicebox well I am here.. So deal.. Lol,24.166666666666668,70.5
353877728551911425,22246665,57030678,"""Andy Murray's shirt is drenched,"" says Andrew Castle. ""His jaw is on the floor."" Sounds like he is been to the Pleasurerooms. [SEP] @Kristian Walsh That is the funniest thing you have ever said. I laughed at that one.",66.66666666666667,54.0
353119336757600257,131286134,365212135,Today's going to be rough [SEP] @Lyle Ceja you going to be at work or no?,27.666666666666668,76.33333333333333
352793383955202048,16506769,364607166,Told the dog happy fourth and she immediately walked away from me :/ ... She is French though ;) [SEP] @Limecello What is Princess Pup's lineage? She looks a bit like a corgi to me?,57.666666666666664,47.333333333333336
352427214005993472,267214393,1157298276,Got the day off what to do now [SEP] “@downtoburn: Got the day off what to do now”trance all day,61.0,73.66666666666667
351887012330094595,46575675,809748192,Yes please call me a sexist for thinking a man should take care of a woman. [SEP] @DonHollywood22 I did not call you that cuz of that. I said it cuz you think women should not be able to work. I am sorry if I offended you,63.0,68.66666666666667
351774528462012417,434230449,212167514,My parents r really proud of me...that just completes me. smiling face [SEP] @Boitumelo L completes? That is deep do not you reckon so?,32.0,58.333333333333336
350789214402646016,369249912,1352947849,We have no proof of anything guys please stop it is unfair to both of them. It is so rude and again none of our business [SEP] @iloveTylerPose2 i heard it was in an interview and crystal said it herself to be honest,60.333333333333336,55.0
350600818505953284,235860627,178548526,"""OH MY POOR VIRGIN EYES~* *"" XD #LupinIIIFujikoMine [SEP] @PikaHikariKT Katie McAteer: Traumatized by animated nipples.",49.666666666666664,60.333333333333336
350291063900086272,165863152,37191803,Why is there no decent English tennis players? In Keelby they built new courts but made them Member only and demolished old courts? #Really [SEP] @DannyBevis bro nobody cares about keelby it is full of queers and gays,66.33333333333333,70.66666666666667
349384524506992640,917260148,1170228596,Why does not anyone believe that I am actually a good girl pouting face [SEP] @brookenoel 1 I mean I do not even know you and I hear ou beat people up lol,70.33333333333333,66.0
349003073663942657,188449757,308747805,Random but slow sex is ass thumbs down [SEP] “@lightskin ley: Random but slow sex is ass thumbs down ” you gettin some sex now? #oh face with tears of joy,78.0,49.666666666666664
348132178535784449,519406064,487630006,Tough night at the office against the for the Lions Legends v Anzac Legends at Ballymore tonight. My first loss there. Boys did a great job. [SEP] @Chick Chalmers what was score? As the tweet makes no sense,67.66666666666667,77.0
347094654052876288,8883582,62375337,"Design is communication, and communication is two-way, so think about the response your Design elicits from your end-users. [SEP] @userexperience One of my old design professors used to say ""Design is sex, where painting is masturbation."" Ha! Your comment reminded me.",54.333333333333336,54.0
346745933003886592,750094682,395393364,WHO IS ANIELE [SEP] @ltachis that sounds like a retarded onion,53.0,82.0
346492603094663168,112532969,81054635,"..I do not have a boyfriend, just many overly attached friends who I have no intention to engage in sex with.. [SEP] This one? “@ThatKidBay: ..I do not have a boyfriend, just many overly attached friends who I have no intention to engage in sex with..”",31.2,63.8
346464967228272641,65551580,428530627,"Ahh Fathers Day...The most confusing day in the ghetto. [SEP] @DahlXIII You know just because someone lives in the ""ghetto"" does not mean they automatically do not have a dad,that was really stereotypical",67.33333333333333,74.33333333333333
346293682502254593,466950728,382369909,"On the bright side, I have a possibility of becoming a manger at Steak and Shake during this week...no big deal [SEP] @Sparks Luke that is not surprising when you work like 65 hours a week!",69.0,98.33333333333333
346130061465890816,172531323,174921502,Did not kno Father's Day was a real holiday though. It is sooo not equal to Mother's Day face with tears of joy [SEP] “@ NaturalBadASH: Did not kno Father's Day was a real holiday though. It is sooo not equal to Mother's Day face with tears of joy ” bitches need attention!,69.0,68.4
345564880889319424,443643869,317817358,"Got The Last of Us for free off Ryan's brother, what an absolute legend [SEP] @cHildebrandt17 I think he is a bit of a prick really",64.0,80.66666666666667
345384168164831233,525125754,427104361,Jeez phone. Think you could hold it together for a little bit?! K thanks. [SEP] @TessaBrediger That is what you get for having an iPhone.,48.2,53.4
344929010238767104,601829894,407823441,"Eek! Tomorrow I am getting my first varifocals. Officially middle aged :-( [SEP] @FurnessGirl middle aged? People seem to be inflating the boundaries, will you live to twice your current age? (Hope you do, of course!)",44.0,57.333333333333336
344038909363232768,165332214,312633051,Just sat through 2hrs and 10mins of man-gasm watching #FF6 well played I was extremely impressed [SEP] @Timothy Moran so lots of T then?? Just how you would hoped lol,34.666666666666664,98.33333333333333
344030915422453760,1149311275,374162477,I hate this wait. Why could not they have announced #sway on August 19 and saved all of us the misery of waiting? [SEP] @lyons24000 Amen to that! I feel like a kid who found out they are getting that toy they really want for Christmas - and it is September :P,54.333333333333336,71.66666666666667
343565501940760577,208731853,441339096,"Got a cute ass pussy as my header cat face winking face with tongue [SEP] @Vividthoughts lol, I have seen better",46.333333333333336,47.666666666666664
343438814460641282,211374523,395004054,You are looking at the newest Danny's BBQ employee [SEP] @Charlie Clawson I am not actually looking at you though. So will the next person I see be hired by Danny's?,54.0,71.33333333333333
343375135631368192,160493041,383813756,"after the Selfridges watch burglary, will they make it illegal for costumers to wear Burkas? They might loose a lot of costumers.. [SEP] @desouzacrook 'costumers?' I think you mean customers haha. But yes, it is a surefire way to lose clientele. #unwise",40.0,60.333333333333336
342856391775629312,258877390,1475248478,SCREAMING @ MY LRT :((((( [SEP] @RespectTYGA LRT? What is that?,61.0,80.0
342383843602468865,437229519,202569737,Off day in NYC??? Nah Atlantic City instead!! #gambling #poker #lotsofcapncoke [SEP] @RNolasco47 hard to be a fan and read all of your guys tweet only bout having fun.i am glad at least you guys have fun because we fans really do not,47.0,47.666666666666664
342622256406605826,1415298326,578160858,"so I have been electrocuted by kitchens refrigerator 3 times and my clothes was soaked because of rain. but somehow, I am still happy! yaay :D [SEP] @GredelElle Pffft, I hope you are really happy, not pretending to be :')) That is the spirit~ Sorry for the electrocutions though. D:",26.0,100.0
341079298909822976,386307574,360151019,Like that Lexi girl today [SEP] @Fuck You M8 I cheered her up(:,35.333333333333336,91.66666666666667
340797108812656640,255487471,24203798,About to unfollow an annoying vegetarian retweeter. Pack off [SEP] @K7K2tog me? I made one retweet about being a vegetarian!,35.666666666666664,40.666666666666664
340329754202873857,221220247,858175165,I do what I want [SEP] @TheyCallMeNobdy sub tweeting like a bitch,64.0,68.0
339956121785745409,799170949,1018934545,I have not been in the weight room for a year. #gonnabegood [SEP] @Taylormuckey 19 I can tell;)#weak;),50.6,80.4
339219264944881664,434234491,48551550,Lol wut is school [SEP] @raachelrichards six crappy hours of our lives,54.0,53.0
338836582679322625,565807105,454991937,Pussy. [SEP] @Gypsyhippie413 Why yes. I will have some. Love it. Bwahaha!,56.0,80.66666666666667
338658812049362944,13621012,1094723742,"Rosberg has this entire race. #f1monaco [SEP] @jmackhh This race was not that great i am going to. Good job you watching F1 though, thought it was all NASCAR in the US :p",53.666666666666664,79.33333333333333
338490272868618240,711160940,830173296,"Noone cares. Well, i do not. Ha. [SEP] @AlexandraVeee haha! I feel this way about pretty much everyone tweeting about their problems. #IsThatBad?",61.0,43.333333333333336
338406079413235712,322382076,895609368,"#NYC homophobes,next time you think of hurting a person just because he is gay,imagine yourself lying in a pool of blood&amp;I will make sure it happens. [SEP] @bmancuso7 ...does not violence beget violence? :(",56.0,82.0
338047320023261184,20936510,24550967,Dyslexia as an excuse? Fuck off! I am severely dyslexic yet I speak 5 languages. I have a masters degree + I teach literacy! Fuck the hell off! [SEP] @shikatanonai You did not let your disability get the better of you. That is fucking awesome.,24.666666666666668,98.33333333333333
337382275647942657,511295120,825804829,"#questionsihatebeingasked ""oh you are Lloyd's little sister?"" No we just have the same last name and look alike but we are not related. [SEP] @jessiqalloyd Lloyd is a common last name do not judge????",43.0,60.666666666666664
336344688334348289,80447981,54952937,Ever feel distant from your friend/friends...ever feel so close and realize that they are freaking awesome.? Wow that did not make sense. [SEP] @JeniieWeasley Ever think your friends are so awesome that hmm maybe I will eat a hamburger later tonight.,33.333333333333336,75.0
336222087930843136,14496870,303214447,"Catching up tweets and reading what used to constitute banter but has become rather vindictive, snide and basically not even funny #yawn [SEP] @benwhite what stuff Ben? Everything I have read has been pretty light hearted/funny the tot/ars stuff anyway",81.0,96.0
335861328629600257,200197672,232707829,I KID I KID WITH YOU LOL [SEP] @DON FRESHCOBAR your high my friend lol HAHAHAHA,65.66666666666667,69.33333333333333
335806011610894337,86486099,50488199,Today is a totally fucked up day. My best friend is not responding and my dog sitter is acting shaddy. [SEP] @EvaNotty do you think they are cheating on you with another friend and another dog owner?,67.66666666666667,52.333333333333336
335570705708089344,920580300,358265713,"And now the culé panic of ""but will Neymar fit in begins"". I will just wait to see him in blaugrana for at least 2 mo. before judging. [SEP] @DianaKristinne I think Aguero would be better.",76.0,72.33333333333333
333392396874301441,710331902,575428813,Sober life from here on in. [SEP] “@theillestmelody: Sober life from here on in.” Lol,56.333333333333336,72.33333333333333
332679844930408448,254836079,515757422,"Fleury better not play ever the rest of playoffs, he has a bad reputation for choking in the playoffs.... [SEP] @dswizz5 @clantz8895 OH I FORGOT VOKOUN WON US THAT CUP! DOH!",59.0,65.0
331953389460131840,627801435,752062351,YESSSSSSSSSSSSSSSS ALFIE I LOVE YOU MORE THAN ANYTHING DISKDHEKEBEUWNGDWKBDI [SEP] @RyanAbbey it was turris.....lol,65.2,65.2
331787935101898754,44138919,173322444,"Did Toronto really fly a ""Toronto Stronger"" sign? That is really disappointing. [SEP] @WingsWorld40 That is just retarded!! :(",63.666666666666664,58.666666666666664
331623196119949312,51991245,456095152,Early morning mom's arguing with the maid so much. Gah. [SEP] @goonergurl20 Just be grateful you have a maid. Some people do not even have a chauffeur.,66.33333333333333,77.33333333333333
331162921491128321,96844672,199041534,Come home to a house full of teenagers! [SEP] @Mill HillGirl In the light of recent events. That is probably a celebrity's favourite fantasy eh? #sadbuttrue,28.333333333333332,95.33333333333333
330844227934232577,199794533,498246983,When you think of Palestine be very ashamed [SEP] @NasserElamine anyone who wastes their valuable time supporting palestine is thick,29.333333333333332,73.33333333333333
330813710258012162,276136404,1337182770,"I need a hug. [SEP] @AspergerSadie virtual hugs! And may I ask, I thought dislike of physical contact was a hallmark of autism?",64.66666666666667,69.0
330699858283479042,16643805,18340309,"Please enjoy your day. Because you can. Truly, it is just that simple. With respect and big squishy hugs, from my heart. *beam* [SEP] @bifnaked FWIW, ""it is just that simple"" seems pretty condescending. Some of us have messed-up brain chemistry.",80.66666666666667,70.33333333333333
330443038377799681,460342602,134286645,I need to go running. I feel my booty getting big. [SEP] @juliagoei wait is not that what girls want? I am confused,45.0,70.0
329658960900677633,407430696,47275376,It makes me want to puke seeing all these ugly Canuck jerseys around the school #RiotWatch2013 [SEP] @MrTylerMah ok that confirms it. You go to school for retards.,76.0,90.0
329100997991493634,610358253,750838916,My legs so smooth smiling face with heart-eyes [SEP] @Iam Beautiful16 &lt;&lt;&lt;&lt;Your avi! Lol,31.666666666666668,64.0
328306161176686594,230878458,1197185839,why is it when i need someone most their not there and when i do not't there their :s [SEP] @BabyJayxx B-cuz you hanging with useless mf get some new friends fuck wat @Drake said lol real shit #randomResponseHour,51.8,80.0
327775202236854272,17557715,90410661,Last day before leaving a job is always the weirdest feeling! [SEP] @kemstr where ya movin too?,61.6,57.8
327622999157116929,365803730,1195841802,Pshhhhh. I see. I see. [SEP] @Its Doc Dude ohh you do flushed face Okay..isee face with tears of joy,36.333333333333336,72.33333333333333
327419049292230657,304108372,996033151,"SHOUTOUT TO ALL THE PARENTS(Together/Single)who continue to keep us fed,warm at night,&amp;always let us know they LOVE us even when they are upset [SEP] @LaneNapper ahem people never thank their parents enough for all of the amazing things that they do for them",50.333333333333336,72.66666666666667
327166154458144771,267457755,975070052,"What Is wrong with sayin ""frfr"" .? [SEP] @ PoeticLame it sounds and looks stupid.",44.333333333333336,98.33333333333333
326422263240998912,58957417,77092819,"IF CHRIST IS THE ANSWER... THEN WHAT IS THE QUESTION .. [SEP] . @ANTICHRISTJC Do you have to be so philosophical on a Monday? Do Not Know, we all have free choice to be decent people &amp; not eff it up.",27.0,46.333333333333336
326401584512770049,287296509,95957839,"rustlers burgers are good [SEP] “@oh so radical: rustlers burgers are good” eewwwww, they smell like piss",36.333333333333336,54.333333333333336
325990129623760896,584742088,1362976286,"forever alone :'3 ♡ /hugs myself; [SEP] @BerryAzee You will find someone someday, noona~",74.66666666666667,64.33333333333333
325426820205916161,450115215,816608444,"Made cheer smiling face with smiling eyes two hearts OK hand party popper [SEP] @leannetho I thought you did not want to do cheer to ""keep the soccer family tradition alive"" ? lol flushed face confused face",60.0,62.0
325444610035941377,18733741,11115922,grep: Regular expression too big [SEP] @meatballhat that is what she said,18.6,84.2
325085159709876224,827293081,1356812868,If your a guy and your Avi is a selfie of you biting your lower lip...? Then that means your actually probably a super douche [SEP] @parkerclay807 and you are also a pussy bitch who lives in hollister xD,72.33333333333333,40.0
324793567291777024,20771519,177719762,It would be an astonishing turn of history if Nawaz Sharif becomes Prime Minister again as Musharraf is put on trial [SEP] @OmarWaraich Sir... Aisa kabhi nahi hoga! Saudi's have already tightened Nawaz's screws!! Even Hamid Mir blasted PMLN and their leadership,33.666666666666664,91.66666666666667
321867676223950849,22086087,870732236,"time as we know it only exists in 3rd dimensional consciousness. things with other dimensional consciousness see time different [SEP] @ECHOisthename Since dimensions 1, 2 and 3 are all spatial and 4 is purely temporal or dimensionless, it is assumed to be the highest plane.",67.33333333333333,72.0
324181254956265473,1065770522,547674180,I Am sooooo fucking bored. [SEP] @PippaMilner chat to me then babe,62.666666666666664,78.66666666666667
323769667833450497,47382163,620071762,"Hi Can you tweet me now so I can go on with my day and breathe or whatever [SEP] @ihatethatmore and by tweet, I mean fuck... Just saying",73.6,59.4
323552511510319104,110770299,1027879488,"Niggas be like ""I love my baby"" and still be chasing after erm Ho ho Ho Ho hoes!! [SEP] @skat3rgal them hoes got that good good....",78.0,70.33333333333333
323461882885337088,16712223,1121516467,A friend need a husband. I need to hook her up. She is too successful for an average man. [SEP] @RobertAlai. Boss have you tried you are luck with her yet? You Are getting old its tym for you to settle down,51.666666666666664,74.66666666666667
323211537311477760,220983298,1136499367,The Racing Post golf tipsters have put up more losing bets in the Masters than Tigers had affairs #horrendoustipping [SEP] @progambler47 segal returned to a bit of form in today's post. Credit where it is due,42.0,52.0
322838474896072704,279052650,220683241,Tiger with an awkward shot from behind a tree on No. 15 was forced to lay-up. #Masters [SEP] @Masters Updates Not being funny but I can see my own TV - got to unfollow you.,74.0,86.33333333333333
321503555326451712,135548482,63087045,"#sigh rain, really?? [SEP] @JimUK1991 I am afraid so my furry little friend. #suckstobebritish",59.333333333333336,85.66666666666667
321733485595357185,1047921998,545341074,Apple: if you do not sort out your iMessage. I will sue you. This bitch has not got time to resend shit as a message. Sort it out yeah [SEP] @MotherDucker go email Apple telling them about your problem I am sure they care,47.666666666666664,54.333333333333336
320826960588730368,361630969,1174084758,"I hate when my husband is beyond drunk. It is annoying, and a major turn off unamused face [SEP] @TweeetleStar I am so sorry that is happening. It never a good thing, but definitely destructive to a marriage. Does he hear your concerns?",78.0,83.66666666666667
320673913078169600,219369782,65822535,My favorite movie is on again. #FourBrothers #MarkyMark #MTV #YallCare smiling face with heart-eyes smiling face with heart-eyes smiling face with heart-eyes smiling face with heart-eyes [SEP] “@spelinda sweet: My favorite movie is on again. #FourBrothers #MarkyMark #MTV #YallCare smiling face with heart-eyes smiling face with heart-eyes smiling face with heart-eyes smiling face with heart-eyes ” good flick!,1.3333333333333333,95.33333333333333
320532029215223808,62378186,339337419,"This #MMR rush in Wales goes to show how damaging one bad piece of science can be and how dangerous it is to scare the hysterical public . [SEP] @Thomas Clements Agree, but think a lot of these parents thought they were being 'smart' or 'trendy' in their refusal",58.0,75.0
319751977435279360,153108145,779691559,"So what did #JayLeno have to say about #JimmyFallon taking his job? #9newsMornings [SEP] @GShapiro9News Gary, do people really care about this type of thing? #Wondering",71.33333333333333,79.0
320042984383082497,920295540,602464309,"You are so pretty , why cannot I have you ? [SEP] “@Pinchee anthony: You are so pretty , why cannot I have you ?”cuz you got a broken leg",50.0,72.0
312676160389648385,20387664,27244044,"Cheques that arrive in the post are always a welcome sight, even when they are for small amounts! #dividends [SEP] @beaglelover7 Co op or share dividends?",67.66666666666667,60.0
319726910512984064,17201277,25257972,"You know what? I am going to allow a Q+A for the next 20 mins while I am installing stuff. Keep in mind, just flew from Tokyo to Paris. Loopy. [SEP] @trohman taking the @PatrickStump approach I see!",46.0,41.666666666666664
319634027269201920,1078246110,1170702536,".-. Bored, I am not even going to talk in that giant conversation in my meant ions [SEP] @Midnight Japan well then *crosses arms*",37.666666666666664,60.666666666666664
318935193744470016,24774508,552411756,"Jake just informed us that he is ""Country For Life"" dying laughing!! [SEP] @leannrimes Oh wow, is he still awake at 9pm? Dad needs to make sure his little man gets to bed!!",1.6666666666666667,93.33333333333333
318111492241252352,756624350,809792364,Saw coverage on #CNN talking about how Africa is the next rising continent. I worry when pop-culture is onto Africa. #Exploitation [SEP] @SPEECHofAD how do you make a living considering you do not have hit records? Asking for enlightenment not tryin to be funny at all.,54.0,99.0
318197941317804033,366905354,377706708,I shoulda stayed home [SEP] @marissabishoppp baby then you might still have meee,64.2,75.6
318119061043167232,24939978,1311190249,"Oof I forgot how nerve wracking being single is. Putting yourself out there and dates and...and...what not. Oh man. *sighs* [SEP] @CarrieHFletcher just go out with @thatalexday already! Love is there, cannot you see it?",77.33333333333333,82.66666666666667
317782916673445890,25491996,43938952,"omg my laptop is completely freaking out! blue screen of death, why do you mock me? do not give up on me now. #little2005lenovowarhorse [SEP] @PodunkPrincess Good thing you have a real job now and will either get a new laptop or be able to afford one soon. AND write it off.",66.66666666666667,70.66666666666667
317790224145055744,442419633,105372365,I want to cuddle and sleep [SEP] @CassieMarrone it is quarter after 8 what happened to being a party animal,51.0,62.0
317480330347040769,449066134,1102255458,Niggas is hella disrespectful [SEP] “@vxovo: Niggas is hella disrespectful” Females are hella disrespectful too,47.666666666666664,69.0
317384934111203328,323487936,589781469,When people like you and you dot like them!! SHIR FUNNY!!! [SEP] @ramji221 tryn to say something to me?,47.333333333333336,43.333333333333336
317064190844096512,495444216,211422167,Mothers causing unnecessary drama since the dawn of time [SEP] @chloequerishi oi your pic is fucking sexy. All the best. LAD,54.666666666666664,77.0
316766878867546112,362785915,411906681,Mexicans and their soccer  [SEP] “@Mepluv: Mexicans and their soccer ” Fawk you !! #Hater,61.2,66.4
316368498983067651,231714872,1057097677,I need a good back rub! [SEP] @cesar doe24 what you need is a big slap in the . I am kidding bruh c:,53.333333333333336,68.0
315922078366855170,308404168,54593662,"*muses, pype in gobbe* hmmm..I suppose to moste folk mine shrews and voles are a bytte lyke 'Marmite'..brown and fukking stynke of yeast.. [SEP] @Wytchfinder Gen are they just your pets Matthew or do they serve a purpose??",65.0,68.0
313041462516387840,28211935,24667933,"Ha! I just finishing filming ""Shut'them Down"" remix video with Sir Chuck D in Meat Packing District in the freezing cold lol,but worth it!! [SEP] @PeteRock eh????? Amother remix it reissue do not talk trash- fool lol",36.666666666666664,73.33333333333333
312752434697080832,560032056,325413415,"i am honestly considering stop working out because its starting to because avoidable injuries [SEP] @ShevvyOrBobby make sure you are doing the exercise properly bro, no offense intended!! And take protein after workouts",74.0,63.0
312339391437758464,369801964,317916403,I feel like I really have an alter ego. Wtf.!? [SEP] Sasha Fierce. RT “@NumeroUnooo: I feel like I really have an alter ego. Wtf.!?”,58.0,82.0
312043478534217728,108482269,383595095,"Nigga will fuck up, another nigga will luck up. Word. [SEP] @flypinayyy I do not appreciate asian people using nigga in a sentence I prefer nigger :/",58.333333333333336,79.66666666666667
311683216278966274,388152677,1232039924,Two things I cannot stand.. Wasting gas and buying bottled WATER. Believe it or not I just drove to the store to buy water. [SEP] @AODGames I am sorry has your tap suddenly exploded or do not you use it because of the fucking effort it is on turning on a tap.,60.333333333333336,73.66666666666667
311251331224588288,379368170,113463328,Already on season 2 of The Walking Dead. Mad ting [SEP] @ollie curtis94 respect for this achievement Curtz,51.0,53.0
310938660352712704,617577002,1133381750,Again...let me reiterate...I hate bitches...and I are not talking about chicks :-) [SEP] @ItIsWhatItIsAnn ouch! no more good deeds for me today! :-p,40.0,87.0
310209908761047040,486907756,52648246,Anybody with a free spot in their car for the game of tomorrow? [SEP] @7JesusM your English mistakes crack me up. I thoroughly enjoy following you Jesús,54.666666666666664,80.33333333333333
310176211181641728,991326529,101954687,"My YouTube has took a huge drop in views lately :/ [SEP] @BenLangGaming coming from a viewer, try mixing what you do up a little. Stick to cod but do not just do commentaries.",72.0,77.33333333333333
310297407751614464,323500622,132813328,Blazed cyclone victory hand [SEP] @Mankillerr You do not chief doe haha :P,51.333333333333336,78.0
310086886859350021,743553271,624523549,Marvel just shut up. Just apoligize and shut up. [SEP] @AshleyLove79 really? Um ok.. You are the one that is mad at me for me doing something I did not even mean to do.. So whatever,65.0,58.666666666666664
309601377758351361,39542268,335410275,"judging by the amount of food i just ate i am definitely the best/most disgusting person ever to exist [SEP] @GabrielleAplin who cares food is food and it is yum! Do not worry, we still love you, you little pork! (That is not meant to be offensive) x",51.333333333333336,40.333333333333336
309776348078022659,221974717,227446452,I hate having dreams where people die. [SEP] @wonderALEXland ha dummy that is a bad omen means you knocked up,46.8,76.0
309812213231800320,26403610,19787564,Found the can of dip that I thought I lost yesterday. #science [SEP] @InTheBleachers I did not know black men dipped. Thought only white trash guys did that.,61.0,89.66666666666667
307663743645519872,39801776,274356143,"Clingons should stay in outer space [SEP] @WagYaTails Klingon, my dear...&amp; yes they should.",71.66666666666667,78.66666666666667
308375128981532674,230830253,86565297,"Position available in my team for personal slave - apply via my website [SEP] @Goddess Cleo Have not you filled that position by now, you must have had 100s of applicants or are you really really fussy? :)",73.75,76.25
308117052638511104,758509232,923767044,"Seems like a harmless guy though, might ask him out one day he could teach me all about Star Trek I bet &lt;3 [SEP] @BigBadGoliath As far as I know, sweetie, he is straight as an arrow.",46.333333333333336,81.33333333333333
307223654935187457,376947412,357805606,"99% words we use are from 'like 30 years ago' you still use them? Shut up. People can use words of whatever ages they fucking like. [SEP] @Langerss97 I am not hating, I am just questioning, and my tweet was not even directed at you but you baitly indirected at me, err..",52.333333333333336,81.33333333333333
306221464162541569,326630646,380520916,Just did squats while eating a pack of Oreos. #itcancelsout [SEP] @taylormarie4321 it is about the same as wii fit and eating a double cheeseburger.,46.666666666666664,55.666666666666664
306136665687212032,22622732,460538414,Ladies! How do White House/Black Market sizes compared to Limited sizes? Found a cute dress but do not know what size. Wear a 0-2 at Limited [SEP] @jketchmark 0-2? You got to be kidding me!!!! I am a whale compared to you! I think I am going to be sick!!!! I am just joking Jennifer! :-),54.333333333333336,79.33333333333333
305813274862170112,16112966,23129453,"I am glad Annie H is going to win tonight, though she really deserved it for Brokeback, Prada, Rachel. [SEP] @MrDavidGordon She did NOT deserve an Oscar for PRADA. She was fine, but it was not that memorable.",58.333333333333336,36.666666666666664
305399254455832576,72948660,19907287,"Just gone Rambo at some gimp judging me before he knows me [SEP] @Sneathy95 Rambo lol,you sure told me ,and yes I do prefer football,oh and I am judging, did not you start by saying rugby players are pricks,#do1",57.2,76.8
305386413740916736,463088671,432909711,Now I am convinced Logan is somewhat humorous after that tweet! [SEP] @TylerDuben22 I have always been funny! winking face with tongue,50.2,67.8
304613416981630976,528038044,122506847,me and jack have split up. he ended it last night. i have not told anyone cos i will break down if i do so this is me telling you. end of story [SEP] @Jizabel 17 Jack's a fool but you will get through it everybody does,52.666666666666664,68.33333333333333
303771786502356993,621314974,589714454,Whyyyy do I always get squashed between the fat fuckers on the train! [SEP] @WilliamHewitt18 maybe they do not see you as you are such a skinny fella! :-p,86.0,82.0
303769671331610624,1118228011,410390539,I completely understand why sophomores hated us freshman last year hahaahahh [SEP] @Trentonico 7 do not forget the rest of the school.,31.333333333333332,78.66666666666667
303700177833824257,246100975,28193581,Has there ever been a storming of the court for a girls game? [SEP] @Scooba Steve29 when MSU beat Duke in the tournament my freshman year we rushed the court,54.0,50.666666666666664
303332374253551616,357301598,343043518,But i am hungry [SEP] @ SimplyJanee I do delivery. Frosted Flakes or Apple Jacks?,40.666666666666664,81.33333333333333
302819107068313601,1062906006,758323255,I do not care it is still my birthday. [SEP] @alienslays NO. Your birthday was 40 minutes ago Farhana :B,71.66666666666667,72.0
301892881294192640,22312615,253529497,"If you use #rawr delete your Twitter. [SEP] @McKennaaRae in before ""you just used #rawr you idiot""",89.0,90.66666666666667
301086051802435585,1075539998,195520171,"I hope you know how many people cannot stand your spoiled bitchy attitude, you are 5'3 inches tall, we all look over you. [SEP] @ 93quickz you talking bout Kaity lol",72.33333333333333,69.33333333333333
300981381738147840,27949916,215848292,"I may apply for the new Pope position. What is the pay? Also, can Jews apply? I have been wearing a skull cap (in temple) for decades. [SEP] @MarkEiglarsh That is kind of rude to say, low blow!!!",60.0,49.333333333333336
300793636088594432,844311032,249837401,"The governor walks like a hoe [SEP] @nick davis116 you walk like a hoe, hoe",60.3448275862069,69.48275862068965
300710842733838336,17044790,20873757,Right. BAFTA TV transmission time. I will be drunkenly tweeting. No winner spoilers. But probably bad jokes. [SEP] @jamesmoran We have all already seen the winners on Twitter!,41.333333333333336,80.33333333333333
300440963652919296,337422803,287293655,Went from multiple options for tonight to none #whatthefuckistheretodo [SEP] @2pacineli there is a party over by griffin but I do not know specifics sry,33.0,70.33333333333333
299667461731663872,23546948,477123480,"Aside from rumblings about CHI asking questions to folks about Bargs 3 weeks ago when they were in TOR...I do not have much on these 'rumors' [SEP] @Eric Smith rumors are like the common cold...no matter what you do to kill it, still comes back and makes us sick #enoughalready",51.333333333333336,66.66666666666667
299349868927922176,39637499,633049075,I cannot help but sing along when I watch The Music Man #lovethisshow [SEP] @kvet12 ugh... Speak for yourself (;,58.0,44.666666666666664
298851830090317824,27724507,22833462,"Its not going to win my vote or anything but it is good to see them moving forward #equalmarriage [SEP] @MarkDiscovered (2/2) Besides, I only interested in YOUR opinion, not others who I do not follow. Sorry, but serial RTing grinds my gears. X",54.6,63.6
298815545430638592,365731636,394434484,When we fall we must have the strength to pick ourselves back up and press on [SEP] @DJ Tonk why do you always tweet inspirational stuff?,65.33333333333333,71.66666666666667
298162297833136128,364531674,333664035,Wowza shit balls I suck at vball. #timetoretire [SEP] @grumpy guest wow negative nancy loving the positive energy!,82.66666666666667,77.66666666666667
297894040366624770,20044374,43523401,"So, having accidentally slept for 3hrs earlier. I am screwed. [SEP] @JoeStephenson Screwed? I thought you were sleeping? Well, *fistbump*",73.0,52.0
297337667627122688,1017784592,996586729,"[ I am probably the oldest here ok. Let us not talk about age. orz ] [SEP] @kaiexo hp [Oh okay, I am sorry...]",0.0,97.0
297142847495348224,562985174,267364447,"Soooooo tired of people askin for apps smellin like weed!!!! [SEP] @AG9o Shit, at least they speak English - -",38.0,59.666666666666664
297160681923411968,413520972,1051490802,"I hate when people say 'I have good news and bad news' [SEP] @GW3 16 ok we will then i only have bad news, better ahaha",42.666666666666664,34.333333333333336
296942491993788416,44766289,619448311,Parklife in Wythenshaw. Hmm [SEP] @franhoyes bit of a bell if you do not go,35.333333333333336,92.0
296828703667802112,402448665,442366568,"My alarm is set for 8:45.. late start, late start, late start! folded hands folded hands folded hands [SEP] @KallieMcMurphy Your going to get a tardy.. See you at weightlifting 6:45 am sharp winking face",48.333333333333336,48.333333333333336
296747052648509441,420833933,317427386,Lol. Thanks for lying. [SEP] @woahits alyssa alyssa your hair looks cool Ok?,63.666666666666664,41.666666666666664
296545823624417280,17528189,16375580,"What is there to do in #Austin, Texas this week? An Aussie friend is there for the first time and cannot find much to do! :/ [SEP] @mosaik If someone is in Austin, Texas and cannot find anything much to do, they must have their eyes closed. cc @AnnettePriest",31.0,75.0
296561850311647232,298189171,634712162,fucking $150 later my rat still looks like shit. please get fucking better you expensive little bitch [SEP] @turfandabinks ok I laughed a lot because I imagined you throw the mouse on the wall hahaha,32.333333333333336,96.66666666666667
295998650268663808,371950796,776782543,"Strange how #NRA Wayne LaPierre blamed video games, yet in Japan where most video games are made/played there were only 2 gun deaths in 2012 [SEP] @Mozi N Yeah, but they are killing lots of dolphins in that part of the world.",41.666666666666664,65.33333333333333
294890348247908352,351610953,624592931,"...and I cannot watch it :( [SEP] @KayneJerome hearing a lot of ""can'ts"" coming from you lately mr.H",57.333333333333336,79.66666666666667
294432010804543488,70006177,506452362,Who is up an at it? [SEP] @RonKillings I swear you tweet the same thing everyday!! #boring,21.0,67.66666666666667
293756472603578368,278173042,30452751,Still conflicting info with regard to Friday Nt. snow potential..from barely getting any to getting a lot..updates later [SEP] @HarveyWCVB just say a lot. At least we are prepared that way. And it sells better.,45.0,70.0
293400852838891520,701450216,902264448,"First Tidus..Then Zidane. Surprised I have not seen a genderbent version of myself. [SEP] @ImaginedSOLDIER uhh... have not you done that though? do not get me wrong, you had your reason.",31.333333333333332,64.33333333333333
292420052240715776,1051283762,1093691149,"So today I got called whore and ugly nd I already have almost no self eestem you dnt need to remind me I am ugly. Nd fwi I Am a virgin. #ugh [SEP] @DepressedTeenn yeah people call me fat just because i got""actual"" hips&amp;boobs&amp;all the other girls have no hips&amp;boobs which qualifies them as skinny",58.0,70.0
292441369690128386,232094958,83500366,Make it home safely and in 4 1/2 hrs [SEP] @EnriqueRodz1 and just in time for your novelas lol #abuelostatus old man,71.0,60.333333333333336
292291790986420224,360132634,320050896,I am a psychology major [SEP] @taylor7bergeron that was not towards you.. It was a joke for someone else. Sorry!,88.33333333333333,90.33333333333333
292034682969796608,315530169,466229623,When one person makes your day and makes you think maybe there are some good girls out there. :) [SEP] @HarringtonTrent you some kind of qurr boy?,74.33333333333333,39.666666666666664
291766628780220416,57279967,301765342,"Marlon driving, pray for me. #Wallahi [SEP] @youretoocute lol you might die dude.",53.0,96.33333333333333
291737237408858114,79899692,127308120,The big boob struggle is real! [SEP] @DanakedSoul wait you got big boobs?? lol,39.666666666666664,50.0
291675732793499649,28223952,618518491,"apparently i look like a cat [SEP] @briannamartinez so you are cute, but inside of you predator is leaving?",39.0,56.0
291072918241292289,362740940,63155982,Instead of uploading profile pictures and statuses why do not people just man up and join the march? [SEP] @Sboooom they are probably opting for the most homely and peaceful version of bringing a 'revolution' as they have called it. Hilarious :D,55.666666666666664,63.0
290539933561663489,139554833,974589302,It looks like thanks giving at my house [SEP] @sydneystar95 i want to be there then,26.666666666666668,73.33333333333333
290412404913872898,599424588,787727090,Shut the fuck up you whore. No one fucking asked for your opinion [SEP] @laurapink77 its alana-ha I Am the whore I Am sorry I forgot tht wht you and nathan does was a lie. yeah think again.and idc I gave you my opinion.,84.33333333333333,90.33333333333333
290138409345888256,549593754,65867074,"Going to Paris early Monday morning, who wants some frogs legs? [SEP] @Danjamesshort that is sick... In a horrible way",61.666666666666664,54.666666666666664
289634535145095168,146306514,94738572,"You know you are waaaay to tired when you read a text message saying ""That is cool!"" as ""Nice cock!"".. Lol goodnight [SEP] @DaltonWixom I keep telling my friend you are not gay but things like this make my argument difficult...",49.333333333333336,69.66666666666667
289444179984138240,406750554,556353043,Just got told I look like a pirate today..thanks? [SEP] @WeAreAmazed You are welcome!! :D... It was a fashionable pirate grinning face with smiling eyes,51.666666666666664,76.33333333333333
289274234834919425,16199382,54476445,Finished at the gym and all i can think about is going back. Maybe I need to re-train? [SEP] @GabyDoman you should be careful of over training IMHO :),69.33333333333333,55.333333333333336
289212450413350913,37439577,35094430,Not the best way to greet customers! Hahaha #topchef [SEP] @topchefstefan I agree! Not professional at all,27.666666666666668,100.0
289166842851889153,29519495,37821126,"I still think it is so cool that ""race car"" spelt backwards is ""race car"". [SEP] @ohkali it is called a palindrome. My favourite one is ""A man a plan a canal Panama""",27.333333333333332,85.66666666666667
288923542626631680,206425224,237032987,I am loving this diary app! :) [SEP] @pleaseNOenvy to old fa a damn diary!,52.666666666666664,72.33333333333333
287997157976461312,133077261,245539160,"'16, 16 stone and desperate for a shag' alright love calm down. [SEP] @HelenAnders No you are 18 and like 9 stone",24.0,66.33333333333333
287878192688164864,231457349,216423537,Why the hell do people even dress up what the shit la what kind of enjoyment do you get at all?? It is like freaking torture bloody freak [SEP] @DezmondChua Looking good does not always mean uncomfort!,38.0,69.0
287300755805831168,287342586,377920105,We live in a very rich country yet my neighbour has gone to bed as she cannot afford to put the heating on - #MakesMyBloodBoil [SEP] @LouiseMcDaid. It is awful. If they need help get them to phone christines against poverty. Cap.,44.666666666666664,46.666666666666664
287340905650864128,309476226,335608861,I Have finally committed to the University of Idaho! #VANDALNation [SEP] @callme Slim I thought you said you could not tell anyone! Or was it just me? Is it because I am white?,68.4,59.4
287322452973985792,1681961,812367,So old that I now have an arthritic pinky finger...really putting a dampner on my tea drinking! [SEP] @scottgal Someone call it arthritis - other call it syphilis :-P,45.333333333333336,91.0
287038772296704001,555408784,86831258,Ice cream sounds so good right now #itsbeentoolong [SEP] @sarahkiyoko we just got some on New Years...,27.666666666666668,89.66666666666667
287022272563261440,604851514,525849828,"Is it weird that I really do not like two door cars? [SEP] @apendergast1 Nope, but I do... Rav4 FTW? LOL!",71.33333333333333,75.0
286964598580584448,280588298,1049468640,"I gained like 30 followers in less than 5 minutes, we are going hard [SEP] @MyCrushOnFinn da fuq how - -",28.666666666666668,51.666666666666664
286240607133892608,863463288,479144634,What kind of taco bell does not have mild sauce. You would think they have a back room filled with dat shit [SEP] @WhyDawg what kind o pussy uses mild Sauce?,37.333333333333336,53.333333333333336
285109508412416001,342476683,707561678,"I did not want the definition of ""really doe"" just how you use it was not the right way which had me dying [SEP] @MThx13thLxttxr Get a life Miguel. How old are you?! You act so immature",68.33333333333333,66.66666666666667
284757223131992064,288172264,177557047,"Watching Twilight because it is amazing [SEP] @lukegibson3 more like ""Watching Twilight because I am a massive gay"" - no offence",65.1,70.66666666666667
284534140500594688,548853089,134990314,"Just got done with another great gathering with friends ab the man above and his word and how to spread it and help others. #blessed folded hands folded hands [SEP] @10AJMcCarron you know, it is okay to say God. Honor His name!!",41.6,60.4
283638898075242496,601172579,222043886,"I did not Instagram my lunch, I ate it. [SEP] @stanielstellis but you instagrammed ALL of your presents",71.66666666666667,65.66666666666667
282965198506180608,635189277,563673928,Well now my today is ruined. [SEP] @Goodson Michel the cowgirls are bad.,85.33333333333333,54.333333333333336
281272635730583552,448533615,295544588,"Oatmeal always hits the spot [SEP] @ChristianCano9 gross, is that sarcasm?",52.333333333333336,86.0
281173592291565569,523197057,21567646,#IfYouKnowDunball I have the biggest house. [SEP] @James Benoy this does not beat the #IfYouKnowWeston one mate,58.0,64.0
280893814380564480,178882610,329430007,"Inhale the good shit, exhale the bullshit. [SEP] @torimcarton you inhale shit? #ewwww",74.0,54.333333333333336
280701688321540097,961601263,45131741,"This is BS: I am sick. We will see if it affects recording... If so, I still have lots to edit. *sigh* [SEP] @helens78podfic Word of advice, if you record something, try to edit it right away in case re-records are needed.",51.666666666666664,63.333333333333336
279661719134027776,31260355,275296487,Just saw the weapon that was used..how the fuck do people have access to these assault rifles smh [SEP] @djparker25 of what weapon he had. Gun control is not the issue. Figuring out if he had a mental illness and what was wrong with him is.,62.0,53.333333333333336
279501779379576832,5781452,41399055,"Greg Gutfeld... there are people who say that you are too short to host a show with such hot women... how do you respond? #redeye [SEP] @SooperMexican #GregGutfeld #redeye ~ That is a stupid question, unless you are being factious. Regardless, stupid.",68.6,68.2
278988062862749696,15576406,426267353,Can someone help me invent a menorah made up of sufganiyot? #Chanukah #Hannukah [SEP] @YeahThatsKosher I do not think its inventing. I think the words are create or build. #happyhannukah,61.666666666666664,81.0
278905601306804224,45603991,265359098,"Going to take up smoking or something, god I hate Chrome so much. [SEP] @AndyM84 I feel you need to be knocked on the head, you like IE and despise Chrome...",55.666666666666664,72.66666666666667
278849188245155842,529362486,565420540,"hope everyone is enjoying the cold while i am in bed with soup and a hot water bottle HA [SEP] @erinblackie get your arse back over here, erm skiving much!?;)",72.33333333333333,71.33333333333333
278609830699225088,396348232,612256095,I Am About To miss my siena friends when i go home for a whole month!! #sadtweet [SEP] @Zakkkyyy pooo but you get to see all your Vicksburg homies #happytweet?,66.33333333333333,77.0
278295674498473984,100042714,619311952,"We made it through 6 days and over 1,100 miles in the car and he still likes me! [SEP] @ Jencita Of Course he does. He be stupid not to. You are Beautiful.",48.666666666666664,75.33333333333333
278288316670017536,631306083,972908191,"my grades are terrible, somebody come tudor me. [SEP] @katelynmarieeox if you came to school more often they would be ok",43.666666666666664,67.33333333333333
278261967817416704,783500810,555393879,"Damn, I ruined it with the 'a' *i [SEP] @BennssJamin do not worry ben, no ones perfect",36.0,58.0
277488803843825664,27513328,532493128,"You did not hear Bill Goldberg bitching when he was 75-0 and did not have a world title shot in WCW, So no one in the UFC can. [SEP] @SeanRossSappMMA WCW is NOT #MMA bro. Kind Of tough to make that comparison when the other guys were laying down for ya.",62.333333333333336,72.0
274711944001359872,442212452,134603947,"And Movember is officially over.. No more facial hair, feels weird but good [SEP] @chusk 11 you had facial hair ... ? xD",59.0,89.0
273881161724465154,820201686,312883203,"I posted a pic of me today on Facebook. Got a comment: ”Perfection”. Well yes, I have to agree. ;-) [SEP] @SubmissiveSWE Will you please send me the link. I would love to see your photo.",56.666666666666664,57.333333333333336
273372249850015744,80663315,21795429,"I have been called ""sir"" twice this week. I would usually find this rather pleasing, and smile at the chivalry of society. But. I am a girl. [SEP] @KestonCobblers I trust this is Sir Jules tweeting?",46.0,72.66666666666667
273099285598461952,543867109,613946455,Nice to get some reading done when you find out your first class was cancelled #productive [SEP] @JordanHolt07 I did not know you can read boy!,35.0,62.666666666666664
273132031083417601,111970066,336304416,"When people 'oi' me I have to just stare at them at think to my myself who the fuck is this motherfucker chatting to [SEP] @Tee Mattheou Oi you, do not be like that ;)",55.333333333333336,84.0
272975666008440832,328197313,820825082,"The rest is pretty ""meh"". [SEP] @GlassfishBowl I think Dragonball has run itself dry at this point, the last movie seemed to rely on poking fun at its stale material.",45.0,62.333333333333336
272902313931309056,162501671,163665743,"Hmm... a very old blow pop at the bottom of my purse. The wrapper ripped half off, dust on the pop. Why, Yes- Yes, I am going to eat it. [SEP] @HollandTaylor I really .. really hope that you write your own tweets.. If so, I am even more in love with you than I was already.",39.666666666666664,57.0
272715661833302016,19400611,236445055,"It was thrilling and sad to see Ali whom I loved as a father growing up, he was having lots of trouble but his aura was still the greatest [SEP] @cvpayne Except for the fact he would not fight for the country that gave him so much",12.333333333333334,100.0
272538730240286720,73255417,59209969,SERIOUSLY YOU RANDOMS STOP! [SEP] @ Candalariaaaa your bio says you are not got no worries. But you are clearly worried about randoms interacting with you. Being dishonest is bad,37.333333333333336,31.333333333333332
272487493805412352,85724194,523740975,Is it wrong if I tell my kid she should write down her complaints in her journal and share them with her therapist when she is an adult? [SEP] @irinamoises @saramarietweets It is most definitely wrong. She needs a mother who will listen to her. Allow her to complain. Trust me.,48.0,95.33333333333333
272359632025042944,468718535,403007530,I Am gaining winter weight. :( #noooo #ImAPolarBear [SEP] @tabtalleyitha did you break that 80lb barrier? #fatass.,70.66666666666667,66.66666666666667
271620083330187265,21115824,959230410,"So many meatless Thanksgiving celebrations happening out there. Good for you! :) xoxo [SEP] @amybruni we have canines for a reason because we are omnivores, I believe in humane killing for food!",49.666666666666664,70.0
269710347181645824,364527962,351200998,"the hostess cupcake princess is no more..bye-bye hostess, i shall miss you.. [SEP] @Sarah Julianna i never liked twinkies (ding dongs were pretty good though) but now that they are no more i hella want one :/",47.4,76.2
269542956208369664,21177855,22649409,"Today cannot possibly be better than my dream with awesome butt sex and futuristic-but-used-multi-taking appliances. [SEP] @MandyMorbid Mandy I love Ya,love Ya and appreciateYa.I just do not get Butt Sex.That is nasty.I do not want my wanger near where poop comesout",59.0,76.33333333333333
268335583842156544,191049345,349676943,Downloading all the Louis C.K. shit I can get my hands on. [SEP] @jamesrmdaly go suck a bag of dicks,67.25925925925925,63.888888888888886
268230114259648512,232450760,484098698,When girls text on dates &lt; #ComeOnNow [SEP] @durfedup nothing gets the point across like a girl texting on your date....,46.333333333333336,76.0
268112682404687872,23877491,19768068,Rather be in the Audi all day than a Porshe. [SEP] @Alyricz depend on what audi. audi just not worth the cost to me. just does not do enough,51.666666666666664,76.66666666666667
267318571623931904,227455739,16830280,"Wtf is wrong w people? You Are 7,5,3 year holds do not need ipods tablets or cell phones. They are kids. Get them fucking toys. Christ on a cracker. [SEP] @MisSurferGirl85 With respect, you do not have kids. My daughter is way ahead of her age group in reading, math, and art, due in part to iPad",15.333333333333334,68.66666666666667
266988229499170817,209941571,88494677,"When this nation careens off the fiscal cliff, illegals will self deport. So will all those who could help this nation. [SEP] @prfekrdumbrella Have you read Atlas Shrugged by Ayn Rand, Melody? Excellent read and profoundly insightful. Very revelent for today.",78.66666666666667,80.0
266830331921965057,333715853,850988898,Watchin Streetz (Meek Mill) [SEP] @JaVone go to sleep Lil nigga,59.666666666666664,75.0
266629548588806144,484304383,624194975,"I want a lasting relationship. Someone who will be there for me, support me, trust me, stay faithful, comfort me, appreciate me, &amp; love me. [SEP] @KaileyRenee16 are you tweeting about dark guardian again?",75.33333333333333,55.666666666666664
266209840752381955,51717952,250784913,this is the best time for startups to hire B-school grads.the hiring scene is totally fucked up otherwise #fb [SEP] @cnha What is the average price these days? Some hints will be helpful.,60.0,57.333333333333336
264155431381913603,59871841,556914490,"The because for no shave November is great. But for girls it seems a little unhygienic. #shaveitnovember [SEP] @PinkSmith24 the hair that grows on your body serves a purpose. Not allowing our to grow is actually more unhygienic, ask your obgyn.",35.333333333333336,100.0
263435240113045505,501252922,176233200,"Carving pumpkins jack-o-lantern [SEP] @TaYblondeLoR look in your bra, you will find 2",90.33333333333333,66.0
263474593321340928,108978449,169677301,"since the most recent updates my phone is HORRIBLE. [SEP] @RICKTATORSHIP that is why I have an iPhone 5, android sucks",38.666666666666664,66.33333333333333
263330362527207424,45903809,402624369,I am a moody bastard [SEP] Awh you are not a mood bastard @mattpenrose,70.0,85.66666666666667
263107174035763200,375973380,32402158,learn how to not take sarcasm seriously you rushers [SEP] @Ioganbby first I was annoyed BUT you are one hilarious person I got to say :-D,60.0,58.333333333333336
263094498026991616,24405024,390553017,"Not going to ""celebrate"" hurricane sandy since it has taken 27 lives already in the Caribbean and destroying people's homes on the east coast [SEP] @bherrington12 you would so be drunk and drinking it you did not work haha!! And say it was a hurricane sandy party!",63.666666666666664,70.66666666666667
260830040646901760,288910606,152892428,"I actually just said the words, ""please do not kill me,"" out loud to my cab driver [SEP] @miss missie hahaaa wow. That is totally not racist. What prompted those words",61.0,73.0
260583298227638272,554192606,79660958,"Remember boys and girls, there are a lot of Soldiers Sailors Airmen and Marines who will not get to vote because they are in a shit hole somewhr [SEP] @WarMed 117 If they can set up a polling station in a fire dept here why not wherever the military is? Shameful.",62.0,57.333333333333336
260527483785445378,198214801,70448399,A sale on clover clamps? *stocks up* [SEP] @cjlemire Is that the BDSM equivalent of a sale on fluffy socks?,50.666666666666664,92.0
260465441816838144,161326450,42967209,"Nigella being ""vigorous and violent"" in tonight's episode. Oooooh. #FoodPorn #nigella [SEP] @djdan h not again! I heard you have been swearing on the live text x",55.333333333333336,73.66666666666667
260372019982528512,177666707,6877102,"I am in good spirit today, regardless of every girl I like being otherwise engaged! Always look at the plus side :) [SEP] @dmackintosh88 oops, not web font... you know what I mean. LOL The Dave Mackintosh is an image.",44.666666666666664,60.333333333333336
259384225449537536,621475473,400955771,Question for everyone?!? Would you walk around town in your pyjamas? [SEP] @FairyPingu999 nope!! Onesies are a no no too (I do not own a onesie!!),36.333333333333336,54.666666666666664
259235131305373697,58420528,154879489,"I am so ready for my vacation, you all have no idea! #64DaysToGo [SEP] @Skippy9474 I can imagine that...but it is funny that you say that :) you only went back to work for like 3 weeks ;) my next vacays are next year",56.0,68.66666666666667
258604554323636224,30127975,115074576,"Accidentally burnt my poptart in the toaster. Taste nice though, should I be scared? eyes [SEP] @norizzlepie Now I know why Zahraa usually cooks with you ;) xx",33.333333333333336,64.33333333333333
258497211426557953,56072373,26532676,"Believe it or not, twitter is the only place that I voice my opinions. Even then, I tame them to try not to offend anyone. [SEP] @Technicolour91 you give too many fucks.",57.666666666666664,76.66666666666667
258032127021576192,467818287,335385109,#WhenWakaFlockaComesToMyCity wait he is banned from virginia... [SEP] @THE SQUATCH33 mcnair with the classic reference,71.0,84.66666666666667
257566785363140608,33471636,395226916,"Oh fuck off.. [SEP] @VietMooseNguyen Jake, are you having difficulties with understanding words. There is no meaning to this. Why RT it?",35.333333333333336,91.66666666666667
256760083818635264,28716779,37660614,"Bullies come in all shapes, sizes, hair color &amp; tit size... [SEP] @dinamanzo people need to really learn the definition of what a bully is. The bantering with the housewives is not bullying.",63.0,73.66666666666667
256153815319990272,21008988,115943281,#BlameSuarez for Adam eating the apple in the Garden of Eden [SEP] @aj1892 eve ate it you fucking prat,60.7037037037037,69.81481481481481
256149870786772992,347653640,195874067,"Got hit on, stared at(creepily), asked to lunch, and asked for my number ... It is been an interesting day to say the least . [SEP] @them frazz well he is got guts ill give him that.",40.666666666666664,73.66666666666667
256114333778604032,258670589,565087460,Ruxin is my favorite character in the league [SEP] @ chrisr10 have you seen the josh cribbs episode? Lol,61.666666666666664,74.0
255957129196875776,189833578,81331054,WEAK !!!!!!!! pouting face [SEP] @NaTaLiEe8X6x most women are lol! But there so mentally strong at the same time!,35.0,61.333333333333336
255769946355793920,21747914,307248680,I do not get why it has taken so long for 120 people to come forward about Jimmy Saville.. and why wait till he dies for justice?? #Confused [SEP] @stuarthollis work with children that have been abused and then you will understand why,67.66666666666667,64.33333333333333
255498465340166144,592276791,494623426,"Do not worry! I will deal with you Christmas Break. [SEP] @jetty bug halloween has not even come yet, and your already talking about christmas?",58.333333333333336,71.66666666666667
254520026500055040,14500363,103086746,"Conferences, please stop making your speakers use flesh-colored headset mics. I would rather see a black dot than wonder about that giant pimple [SEP] @jake boxer yeah, even bright green or purple, since flesh varies so much in color.",59.666666666666664,59.333333333333336
254566219447955456,617424783,34738258,"At work [SEP] @ShaneD360 go sort vegetables or something, stop texting! face savoring food",63.333333333333336,47.333333333333336
254057492500328449,553394682,59912670,The emoji you put is a mouse! :D [SEP] @thatkidraul OH! lmfao my bad :D,61.333333333333336,51.666666666666664
253693076650999809,108200716,261049380,Starting to sink in. Very scared but nothing prayers cannot help me get through the fear. [SEP] @MiaYim - Do not you like going to Japan? I would give anything to be able to go to Japan.,56.333333333333336,65.0
253692224427159552,193905496,177427473,#CNN who were you watching Romney likeable?!? Hell NO!!!! #CNN #DoBetter. [SEP] @Ladytee003 You honestly feel like Obama won that debate?,16.666666666666668,98.66666666666667
253688496156446720,24576562,19225620,What is everyone is thoughts on the Oxford comma? I was against it until it was pushed upon me by my ex-editor at MTV. [SEP] @BrandiLukas who gives a fuck about an oxford comma?,59.666666666666664,65.33333333333333
252651935956615168,16446038,28419650,Super offensive when non nurses do not understand nurses. [SEP] @jaketrachsel This is about me huh?!?!,61.333333333333336,81.0
252491630312054784,170903308,182111018,"I do not want to see Chrissy Teigen on #WWHL tonight because I think she is uninteresting. Did we expect Andy to put a Tre friend on...ever? [SEP] @itsjenwbitches Psst..she would have to have one first. When is Milania going to be on? I feel she is a ""scotch on the rocks"" kind of kid",58.333333333333336,63.0
250263380319952896,437356230,93828539,"My doctor told me to watch my drinking, So now I drink in front of a mirror. [SEP] @dPauuaPb #LOL its funny:))",37.0,56.333333333333336
251636014269997056,15995101,86690294,"Ask me anything you like. But beware! I can only answer a) yes b) no c) I do not know d) that is very rude e) Nicolas Cage. [SEP] @Betfairpoker Who do you think gave the better lead performance in the 1997 film ""Face/Off""?",53.333333333333336,80.0
251596681198592000,291935541,285315013,"So this book I am reading says married people have online affairs and meet others for sex. I have never heard anything so outrageous [SEP] @Ladyfuckwit Shit happens, the whole world is obsessed with sex so it is never going to change. Marriage is a joke these days",60.333333333333336,78.33333333333333
251015003535187968,242221101,455595871,"Kellin Quinn likes ice cream, whisky and coke and hates Skrillex haircuts according to K! Well that is all awesome but who cares? #SWS&lt;3 [SEP] @NephilimOutcast yup you do I can see",60.666666666666664,79.33333333333333
250090024236888064,185418648,380672575,Never claimed to be a great guy but I am so tired of getting fucked over. [SEP] @j hinze22 do not be a Debbie downer!!!!,48.333333333333336,61.333333333333336
250073183162609664,100569351,378303085,"LOL i love having the ""brooke davis/sophia bush"" voice (': [SEP] @cjoycaguimbal you are so fucking retarded.. LOOOOOL is that your sick voice?.......",57.333333333333336,82.66666666666667
250061547265740800,57983150,35332221,I got my first gig tonight. DJ Sweet going to open and DJ Bobby Vee 'The Master Head' going to close....... #BangBang [SEP] @Bobbyvee89 just tryna figure out if girls call you that or dudes lmao,45.333333333333336,71.66666666666667
250008720619216897,827817224,567205305,why do these fans keep breathing on me ugh this shirt is NEW UGH PEASANTS [SEP] @lewis thoughts not trying to be mean but do you no that its Louis (Lew-ee) not Lewis (Lew-iss)??????,38.666666666666664,89.33333333333333
249236356851707904,108391251,612536817,"Reading 50 shades of grey and feeling like a self invited 1/3rd of a threesome, forever waiting at the door to join in. [SEP] @GabbbarSingh please read 'From Dongri to Dubai' - I do not know y, lost a wee bit of respect for you when I read you are tweet - you n tht book :S eewww!!",53.333333333333336,79.66666666666667
248445651115982849,386056280,248076573,"The other day I said Martha and the Vandellas were better than The Supremes and my boss yelled at me. [SEP] @MaraWritesStuff ....make his clock run fast, or have a chalk write a threatening message on the chalkboard.",75.0,81.0
248236996496080896,120044945,828083611,they throw celebrations when they think Naya has broken up with Matt.. [SEP] @AdoreNaya do not ya think it would be boring if people did not lose their minds over.... everything. lol,37.666666666666664,57.0
248192872921313281,274108465,314830369,"Ready to see my family... But more for them to see how I became a man... [SEP] @YellaFellaSwagg Yeah, let your family see how you went to the military and your balls Finally dropped. Welcome to Manhood",69.0,68.33333333333333
246378546757500928,18500775,17957395,"The iPhone 4/4S was a boost in processing power and such over the 3G, yet they were pretty much the same. That is where I am coming from. [SEP] @Yggdrasilly Companies will not change products drastically always; that would be risky, and also they innovate within available/affordable tech",47.333333333333336,63.666666666666664
245002177288998912,422894623,215024406,How much does your life have to suck to want the Apocalypse? [SEP] @NovaMonoke hating everyone does not mean your life sucks... or maybe you Just prefer zombies or massive floods.,53.0,63.333333333333336
244496597231235073,229110133,228877438,"Just because Justin hanged out with Niall and Zayn from One direction, does not mean that i have to like One Direction. [SEP] @iJDBSupport does not mean beliebers have to hate directioners",39.333333333333336,83.66666666666667
242832432498348034,341176732,488893498,"Fuck it, Sunday Morning is a great song #adamlevine smiling face with heart-eyes [SEP] @aaron haney that title reminds me of friday by rebecca black...",58.0,73.0
241990114367115264,126030998,208060004,I am a highly-trained computer scientist and I cannot figure out how to change my grayed-out Location Services settings on my iPad [SEP] @0xabad1dea One of the funniest 'first-world' posh girl problems I have ever heard. LMAO,19.0,53.666666666666664
241622693181538304,469907943,362584277,So stressed right now. Just realized I only have enough money for one more month's rent :( [SEP] @JayIsAJedi get a job... ? sorry.,43.666666666666664,81.66666666666667
241632689193623552,184778987,230969395,I Am a bad fish momma... [SEP] @julib0mb yes you are.. Am Going To have to punish you...,53.333333333333336,70.0
239844313209659392,192435134,51778280,Started from the TRAP! Now I RAP! face with tears of joy face with tears of joy face with tears of joy face with tears of joy [SEP] @OutTheBlocks you were never in the trap and you sure as hell do not rap...,44.8,75.0
239099179551571968,110258625,14974467,CAR IS PAID OFF YOU GUYS time to start shopping for martial arts lessons. Suggestions to add to my Jaydot-fu? [SEP] @VanityGames Put the first payment or two in your savings. Maybe the third for beach transport?,63.0,67.66666666666667
238395664348872704,299600927,239624095,Feel slightly dead ghost [SEP] @xxRheanna I thought you looked weird loool,65.66666666666667,54.666666666666664
238159183495696384,225300930,46835723,who done upset rollback shawtie you all better stop fucking with her you go in walmart and pay 9$ for some tissue you gone know why [SEP] @One cold deu2e I am just now seeing this shit you ass monkey!,66.0,77.0
238138947065233409,257715213,385238186,Cable is out. Facebook is down. What the fuck is going on.#distress [SEP] @gnuman1979 My reaction: Who the fuck cares about Facebook? ;),63.2,77.0
237419885708324865,46600366,249270042,if you goin to sleep n you are not listened to #pettypresley all the way thru then you dumb af! [SEP] @RadikalzJayL where is the link bro ???,66.0,73.66666666666667
236904316391288833,370864787,392269257,There are 2 pictures in my icon that do not fit!!!! Ooo find the ones which do not fit the pattern !!!!!! [SEP] @choadinthehole The penguin has human feet,58.333333333333336,58.0
236625016479961088,98245804,69249332,I pick in choose who I am a fan of...I like cam Newton...Dislike Lebron... [SEP] @gallardo50 you are a band wagoner!!,53.666666666666664,89.0
233025538283954177,293567487,21699566,"Dnt want to feel like an alcoholic so I Am giving it another hr before I crack open this can.. #CantWait [SEP] @Po3tic Trag3dy ""Be who you were meant to be"" - Silly Boi",35.333333333333336,82.0
232239736343916545,7152302,306434963,Quite a shock emptying the storage unit. Clothes from 4 years ago soooo tiny. Need to get back in shape. Food writing is hard on the figure! [SEP] @eatlikeagirl au contraire - starting my blog and getting into food writing has made me healthier than ever. If you choose it to be ;),22.333333333333332,54.666666666666664
232099750101516288,74301830,702995508,"Sorry for that rant. I am tired, sick and hating life right now. [SEP] @IfIWereMagneto oh take some drugs and suck it up Chels! Lol at least you are not homeless!",55.333333333333336,66.33333333333333
231911742907748352,300708179,16532424,For the first time ever I have kept a pen long enough that it ran out of ink. A little sad actually. I think I would rather lose it. [SEP] @CullenMcFadden you are such a woman some times,60.666666666666664,43.0
231430939836813312,446712660,199121710,Ok So I realize I have been MIA. However I am here now so let us party.. [SEP] @ThatCoral Wait a minute...who r you? R you new to twitter? ;-),64.66666666666667,71.66666666666667
231028189701472256,107246383,190100388,Heat heat heat: last day of 70's today with some high thin clouds. Tomorrow: mid 80's. Saturday and Sunday: 90's! [SEP] @SophieSoong no offense but are you a real weatherman? I heard all you and Stephanie do is broadcast it ... Just was curious.,27.0,92.33333333333333
230126310238867456,331116883,577347336,"Band tomorrow, then work, then band, then work, then band, then work, then band, then I AM OFF FRIDAY! :) #winning [SEP] @ValeryIslas ha here comes tan Valery!!:D",39.666666666666664,57.666666666666664
229357482747772928,44455565,581811026,"I rarely get nightmares, but when I do, they are the most realistic and most possible thing to potentially occur [SEP] @sarahhlokk Dark Premonitions As In Final Destination?",59.0,60.333333333333336
228619103538122753,487825180,502057769,I swear I have the ability to make any normal conversation awkward as hell [SEP] @jodieeeallsop it is because you are a sexual demon.,47.333333333333336,59.0
228477236620181504,51154063,55335294,Just wet up all ma trousers unamused face [SEP] @OohShakiyla you just gave my wanker a big old nasty erection,57.73076923076923,65.13461538461539
228468782081916929,42175667,64131904,Fudge! It is rainning! Why?? &gt;.&lt; [SEP] @itsaisajune Because I am sooooooooooooo hot you people need to cool down! #lol #SuyaMaDead! :)),43.0,66.33333333333333
228311916731326464,465233759,575058657,Blowing up twitter tonight! [SEP] @Tanner Connell you should stop that ...,66.33333333333333,74.66666666666667
228183512853929984,159942481,357076605,Why do they always ask us to think outside the box? Why do not we just throw the box? #MalallahWisdom [SEP] @MohdMalallah is not it just the same ?,52.4,65.6
227977688701353984,36841181,295207512,Why am I 16 and going into my senior year? [SEP] @puddingtoes gurl because you are a young bull!!,49.333333333333336,81.66666666666667
227788767983960064,450200906,335438664,Forever feeling like crap if I do not try harder. [SEP] @ninnumon you can do it!,36.666666666666664,63.333333333333336
226868746394939392,629544434,574556048,3/3 person. She is awesome [SEP] @TaraWillowFan dawn is better than you,68.66666666666667,80.66666666666667
226166910063104001,187678727,202142840,This guy at Wendy's just gave me a free frosty mmm! :) [SEP] @VivaLaHippy n you did not have to show him the boobs ???,74.0,89.66666666666667
226000487193931776,143644925,25628614,Not AFTER! [SEP] @ TheCovetedK I am still a Hampton student,42.333333333333336,73.0
225983834724921345,138232191,51422938,GC need a worldwide tour. Not just Australia. [SEP] @eyetttwitttU and we will go see them together. !! :D xx,59.666666666666664,51.333333333333336
225906629919518720,15336619,280075737,I have a free weekend with NO WORK! Mmm... I wonder what I will be doing...? [SEP] @phil marriott I think you will be doing @gareththomas14 :P haha #inmyheadmovies heart suit,23.666666666666668,61.333333333333336
225321905773740032,46252651,108382947,Somebody help. What can we do? [SEP] @Rugbychick83 get a dog put it in your garden see how they like it,23.0,90.33333333333333
225282589072699392,378769583,700470798,RT for Ariana Grande Favourite for Selena Gomez! &lt;3 [SEP] @xDenisaa not to be rude but why would you tweet something like that? i mean they are both equally flawless right?,35.0,53.333333333333336
224609491000360961,559017233,604220954,"//Enough with the anorexia talk! This is RP, keep that out of here! [SEP] @TheSlayedAngel ((What the hell.... What is wrong with people...? People need to learn to worry about themselves, and leave others alone.))",67.33333333333333,49.0
223744962804727808,20455114,334656624,"Maybe losing my project data was not entirely bad. In my attempts to rebuild my models, they are coming out far cleaner than my first go. [SEP] @odd enough I wanted to tell you that yesterday, but I did not think it would be received well at the time :P",22.0,85.66666666666667
223733763039961088,317138246,181458351,"For those who say ""#FF to everybody"",you think it is funny? I think not so. [SEP] #FF to @crazybatch because it is a little crazy to try to fit everybody in one sentence. And you are right. It is not funny. x",54.8,62.8
223613842498916353,25889870,15745639,Dom Kennedy smiling face with heart-eyes [SEP] @audacityofDOPE whatchu know about that guy?,35.333333333333336,43.0
223573078133846016,186275349,254750292,Someone come play zombies with me.. [SEP] @Aakre Sam I would if zombies was not stupid,54.333333333333336,47.666666666666664
223378088287932417,50443216,139711641,Morning done :-) nice afternoon off so time to get a trim and maybe trip to meadowhall for some food... [SEP] @Linesy8 are you losing the tash?,64.0,76.0
223256267920117761,61020580,532692173,"And it is totally not because of the music. He is just much, much cooler that Jay Leno or David Letterman. [SEP] @whit clou I do not even know who he is but I know he is better than Conan",56.666666666666664,40.333333333333336
222755981082365952,29960497,231538149,AND SECOND OF ALL YOU LOOK LIKE A OLD ASS WOMAN TAKE YOUR OLD ASS SOMEWHERE AND SIT DOWN ! #SARAJAY [SEP] @SEXYINDIA Is...uhhh...everything alright?,67.33333333333333,64.33333333333333
221279460383670272,30492176,202348266,"So, if I am out of tea at the office, it is perfectly acceptable to drink the coke zero in the fridge, to avoid going to the store, right? [SEP] @KirstySheldon just say no to the soda. Yuck :)",51.666666666666664,60.666666666666664
220646894404239360,46540505,406752246,I look sooo cute today ... [SEP] @miisz rudy who told you that lol ;),66.0,76.66666666666667
220227633068257280,264501799,275193716,"F**k Katie Holmes, Tom Cruise #ftw who divorces their husband cuz of his beliefs? [SEP] @southpaw SULL he believes in scientology. She is smart lol",66.0,79.33333333333333
220076888088002560,51241773,622683790,"Aw, weird to think I am only like 10minutes away from Liam Paynes:$ [SEP] @PaynesUniverse Is it really just a 10 minute drive from your house ??? WOW",64.33333333333333,43.666666666666664
219257602658414592,118133164,204595094,"wish me n the ex could be kool like we use to be, i just do not see it happening though. glad he finally gave up- [SEP] @ChakeetaB no you not dats y you speakin on it its ok doe",29.333333333333332,76.33333333333333
218638284463685632,14744731,261603328,Channing tatum should stop doing soderberg movies.. He is way better than that.. #fb [SEP] @mstracylee you r saying that Magic Mike was not a good movie? Wow! What a shock!!!! #sarcasm #stripteasewasprobablybetter,55.666666666666664,87.66666666666667
217233668119343104,332814967,94873654,"Good Monday morning all. All eyes on the gulf are on T.S. Debby, prayers for us that may be in her path. Have a wonderful Day! [SEP] @wweURNiverse use the power of the urn Paul! Force that bitch back out to sea! :-)",49.333333333333336,46.0
216368325217882112,347745303,220079980,#NoLie I feel uncomfortable riding in the car with people that are not black. They always turn on 102.3 or try to get music that suites me. [SEP] @ArielMays95 hey! I did not! Well.. Kind Of at first but then I just got tired and put on a CD. :),55.666666666666664,73.0
216084561719853056,28542655,345407460,"People need to wake up to the fact you can buy thousands of Twitter followers in minutes and not be taken in #youcanbuyfriends [SEP] @babblingbates It is ironic that just after this, you retweet someone asking for followers!",59.666666666666664,77.0
215982386847023104,256535707,265323434,Get up - finish off the assignment - go watch gangs of wasseypur - go to office - leave for Rishikesh! \m/. [SEP] @rok moosick omg are you narrating your day? wicked,81.66666666666667,81.33333333333333
215226990301683712,417950620,117901624,I hate my bf!!!! [SEP] @kimMorales23 you got to boyfriend? or you talking about eric ? lol,67.33333333333333,67.0
215192002394988545,561524017,410925625,Wish that thing would be at that carry on when I am about! #underthefoot [SEP] @1990Hendo you playing tomorow? #reserveball,63.0,68.0
214934525556441089,73727689,301155570,"Pretty girls on tumblr who post bikini pics disgust me. Do not you realize how many girls like me feel like shit when we see it on our dash? [SEP] @mikenesquik In their defence, the can post whatever they want. Just like you can. You just have to unfollow them I guess.",47.666666666666664,73.66666666666667
214484213750177793,5907282,33884962,anyone up at this hour? i am bored. [SEP] @shobz Ah! You are always bored :p,58.0,43.0
213377517363527683,173102662,389358864,octopus how cute is this octopus (if you do not have emoji you will not be able to see it) [SEP] @DannyyJ have you seen my cute new pussy?,61.333333333333336,67.0
212461053555118081,20717729,494933159,"Thinking of going to Bar Soho for their ""VIP"" Euros package? DO NOT. Words fail me. [SEP] @loupepper Is it true VIP stands for vague impressionable people? Next time get a few mates round or pop to your local pub, free entry too!",68.66666666666667,76.0
212231876528705537,27789999,238379326,"I know where Bill O'Reilly is! He is in a Cat House on Cartagena with his Secret Service buddies. [SEP] @GeneMcVay That was meant as a joke - right? --- otherwise, you are suggesting Mr. O'Reilly is a moral opposite of his public persona. #tcot",47.666666666666664,50.666666666666664
211934301267312640,68190799,367026860,Is it break everything month for me? Tele and computer both broke. Shit things. [SEP] @CescEboue Did you keep the receipt? Just take them back to Lidl ;),50.333333333333336,73.33333333333333
211884040041676800,782329,24503192,"So far this plane has successfully been able to find every air pocket available in the sky so far. [SEP] @timheuer Hmm.... ""... Have not traveled in a while."" &lt;ducking&gt;",58.666666666666664,37.333333333333336
210776642732302336,30266452,257644923,Dom Kennedy - My Type of Party [SEP] @BloosClues Watchu know bout that Dom Kennedy.,49.666666666666664,76.33333333333333
210766007365681153,515672932,240786287,#50thingsilove 49 strands of my hair and one of my eyelashes [SEP] @Sisterbies Which eyelash though? Which eye is it on and is it on the edge or in the middle?,41.666666666666664,61.666666666666664
210601329545060352,92727851,414595715,"When I say tea 'n' toast, that could be coffee or a bagel or a boiled egg, yes. Not the point: wealth or unqualified love? #wishIhadn'tasked [SEP] @MrJamesMay using ' round the n was pointless, still type 3 characters.",0.0,100.0
209815862193041408,279066113,343658992,Ashley throwin shots lol @ me or dap me [SEP] @oneCR 15 ha aw your not the only one do not worry. I should @ all you all,54.333333333333336,24.666666666666668
209775435519762432,69635257,245459398,"I swear asian guys have way more pressure than women when they graduate #NotBeingSexist [SEP] @yas326 basically what you are saying is women can, and most generally, become housewives #sexistPig",54.666666666666664,72.66666666666667
209091953374142464,383968426,504688840,I Am About To Lesbian.. Lol [SEP] @KidGot Gramz you like girls? Lol,63.0,73.33333333333333
208989685769445376,256286055,500341425,My hands are so sweaty it is worrisome [SEP] @Mrs McCarthy32 yuck!! Clammy hands.. Disgusting :/,64.96666666666667,65.36666666666666
208783338301956097,31497089,201096811,puq dis shit I want some sweet tea [SEP] @hazzmammaries Hey gurl how you doin?,43.333333333333336,64.0
208642785904037888,18936639,22001784,"Mayor Bans on sugary drinks over 16 oz.! Hey Bloomberg, a 64 ounce of Redbull or anything with a lot of sugar is #whatkeepsMegoing Joking!!! [SEP] #FF @LorenzoThomas, fellow #HEAT fan who does cool things &amp; was actually following me for a while but somehow stopped. Bug him about that.",53.333333333333336,79.33333333333333
208454053104062464,115290697,218196307,Straight B-L-O-C-K-B-YOU-S-T-E-R! That is what Rowdy Rathore is!! Next 100-crore film? All chances! [SEP] @KomalNahta no way!!! if that is what you think you should definitely watch the original.,26.6,75.4
208464787682758656,64596762,542220372,Loosen up my buttons babe. [SEP] @basedolive you should count how many tweets you do a day xD,64.66666666666667,70.0
208078570478780417,282460074,285461401,"I do not sex ugly chicks, i got to think about my kids future. [SEP] @Shingy85 Eh elaborate further pls.. Kgane you impregnate whoever you sleep with?? O o",76.0,78.4
208009683175350272,199940227,32143700,MULS poll may be based on incorrect turnout model but frankly conspiracy theories seem a reach. #wiunion #recallwalker [SEP] @BrewCityBrawler And your incredulity that Walker's backers will stop at NOTHING to win this election is a danger to democracy.,66.0,34.333333333333336
207295355035983873,330530144,299358265,"Oh, you hate my tweets? Too bad there is not an unfoIIow button. victory hand [SEP] @breannapena i will go do that right now",65.66666666666667,65.66666666666667
207265530304929792,18181521,19697855,Now I hate black guys because I said not all of them have big dicks?!?!? FUCK I cannot deal with this level of ignorance right now [SEP] @MarieLuv I do not even know what is going and now I am mad and hate black guys too!,55.666666666666664,73.0
206538129086234625,414673327,28587544,Titi and Bimbo do not go down well in the UK [SEP] @itsjoannabtw LOOL sorry 'tittie',51.0,79.66666666666667
205597558704316416,309607783,143609190,Blessed to have 2 jobs but 15 hour days I do not like ; / [SEP] @acytryn23 you young bro should not be killing yourself. Take it easy,54.333333333333336,78.0
204932184434421761,131188599,298099510,Mark harper is the only tory minister who I consistently forget is a tory. He seems a lib-dem: he is a clegg mini-me. [SEP] @anntreneman god you must really hate him to say that,49.5,93.5
204403489521156096,242566506,100370273,"A new day for Facebook trading tomorrow, looking forward to it. [SEP] @TheTechMundo lol you do not have shares",56.333333333333336,74.33333333333333
203954865171468290,19999637,469339211,"In the interest of clarity for the 0.1% who questioned it, yes I am working early it is not my usual Saturday bedtime! [SEP] @georgeyboy what is your problem, you get paid for watching sport #moneyforoldrope",64.66666666666667,77.66666666666667
201346788593115138,21390378,553252732,"the way i love Musiq Soulchild's HalfCrazy [SEP] @kabomo oh yeah,but when i compared you to him i said nothang...",52.333333333333336,71.33333333333333
201396922198667264,15062264,14251765,Financial modeling in my head while running errands. This is why I go to Lowe's 3 times every Saturday...is that normal or a sickness? [SEP] @jamiebardin A bit weird- especially the bit about Lowe's- they caved in to ridiculous bigots about that show depicting Muslims as normal.,61.333333333333336,96.0
200967213824491521,26687871,44821371,"; i am the darkest panamanian , what the hell ? never heard no shxt like that . [SEP] I Think Me &amp; @BENZE LOHAN Should Link Up",52.0,77.33333333333333
200812015051214848,515908670,422320592,"gay marriage is wrong!It is a disrace to god,but I am not here to judge,because god still loves EVERYONE,all I can do is pray for them #Jesus [SEP] @LeahEvans5 The bible also says that slavery is okay, that women should listen to her husband and not disobey him. Look how that turned out.",50.2,65.2
199698598672338947,427616106,20374946,"Today I found myself really wishing I was curvier, and wondering what the fuck is wrong w/ people that they think being skinny is a good thing? [SEP] @nataliereed84 know what you mean every time I see a skinny man/ woman I cannot help but think ""for gods sake give them a cheese burger, stat""",55.333333333333336,81.0
198932557558059008,304530024,59300786,I am not even remotely drunk. Disappointing. [SEP] @SingleEve much much better profile pic,58.0,53.333333333333336
198053665955778560,379411201,317072787,Sedanos eyebrow thread is heaven raising hands #judgeme [SEP] @ArissaRay that is where chuy wud get his done lmao :p,62.333333333333336,78.66666666666667
197450491087691776,56495410,37272562,106 days till I am 18....REALLY!?!?!? Want to hurry up august? please [SEP] @KatieSmith001 That is ages away!!!! Haha. Cannot beat being born in November,51.333333333333336,65.66666666666667
197444373384937472,390260485,504986603,Oh right. So Tulisa's no.1 hit is really quite shit. [SEP] @Livvy Lynch I would have thought it was right up your street,48.666666666666664,53.333333333333336
197431127886147585,173971992,551583858,I love it when boys try to be cheeky and I just knock them the fuck down! [SEP] @disease free is why your not loved ........,44.333333333333336,54.333333333333336
197150094540283904,258078854,231157231,scout i had to unfollow you because you called me a drama queen and i am offended [SEP] @TheJennaSet when did i ever call you a drama queen omg all i said was that you have gotten in drama before,58.666666666666664,58.0
196796312228855808,210605044,384832946,How the fuck did John Cena win that? O.o he got absolutely hammered. Brock Lensnar is not going to last in the WWE. reckless. [SEP] @kmrkilljoy12 because wrestling is not real?,23.666666666666668,91.33333333333333
195987405998788608,516927455,346315136,"Unless the assumption that progressives like Michael Moore makes, it is not your money, it is the governments [SEP] @MickyBaker1 Ya, you just do not get it...love all, take all, share all! Seriously, Mr Moore does not seem to be passing out any money, do he?",87.33333333333333,73.66666666666667
195957527035396097,412380822,523573214,"Sorry but I would you are a Directioner and you hate on Perrie you are a Directionator, you should be happy for Zayn. [SEP] @ TeamPerrie I am happy if Zayn is happy but there is nothing you can do to make me like Perrie &amp; by the way I am not a directionator xx",62.333333333333336,36.666666666666664
195633665114521600,91122850,517985164,my mama sumtimes lowkey cook da same shit ova....ughhhhhhh i am tired of macroni [SEP] @GhettoMissez: *IDEA* Move out and cook yo own shit..all the adults are doing it..just a thought,39.666666666666664,53.666666666666664
195535951961919489,25684856,60502661,BAHAHAHAHAA A troll just sent me a package in the mail! I cannot stop laughing!~!! HAHAHAHAHAHA [SEP] @SassiBoB not creeped out just a little? How do trolls have your address?,56.333333333333336,61.333333333333336
195307614291230721,223462202,239689394,"I honestly have no type .. Really just attracted to sex appeal, athleticism, a good mindset & security. [SEP] @mekachanel @JustLeShay lol so that is a type because you do not want fat men then..",60.333333333333336,91.0
195301317655281666,280148483,292015603,"it is idol night [SEP] @Rawhung8 after pill-poppin' Paula left the show, it got über lame to me. #AmericanIdol",40.333333333333336,48.0
195183792510615552,30363321,366860933,I need someone to cone to.the moa w me! !! [SEP] @suppp itskatiej ask Romeo or Adam haha,52.333333333333336,75.33333333333333
194573448515825664,38326575,515934421,"anyone can differentiate their and they are. but you used ""who is"" when it is supposed to be ""whose"" - - [SEP] @HI Guy808 sorry I ment to say they are* and that is possessive meaning that is they are stuff(:",36.0,69.0
193440061335928832,286954499,417888016,"I want a boyfriend that will make me act silly w. him. I just think that is cute :) [SEP] @ JusCallMeKACIE Hahaa , I have that type of rship!",43.666666666666664,78.66666666666667
193160801610244096,552338201,556441058,EYEBALLS EVERYWHERE [SEP] @AllAboutJohanna Just wondering.. What is with you and eyeballs??,65.33333333333333,71.0
193143524814888961,32436889,442083616,When people think their bothering me by hitting me up&lt;&lt; do I look like a mean person to you ?lol [SEP] @OhManMichael I know right. It is the worst,62.4,74.4
192272185996492802,389098956,57108695,Do not know what I would do without virgins catch up tv! [SEP] @Megannpoole i do not know what i would do without virgins,18.0,50.0
192259613536686083,17838850,194537179,Very jealous of all my friends who got to see the shuttle fly over. #stillinvegas [SEP] @wizzer2801 I got stuck in traffic for 90 minutes because of that stupid shuttle. You know what you missed? A fucking airplane & traffic.,55.333333333333336,58.666666666666664
189488784193236993,270273138,271738597,"If #RedSox turn it around I am going to be happier but if they do not I will have a lot more free time. Still prefer the former. [SEP] @MonteDutton Still saying, go with the Cardinals!",61.333333333333336,76.33333333333333
188440285926268929,398529405,51309946,got enough for #edcvegas when i looked at my account today but fuckk do not want to pull the trigger and buy the tix! [SEP] @Ayo Chet quit being a bitch and buy it,74.4,89.4
187686017380253697,269022630,37784259,Somebody asked me if I was 6'3 #mademyday [SEP] @Deezy h11 you are barely 6 even . lolol,56.0,58.51851851851852
187365620856270849,259925179,413161582,"All RPs shall continue tomorrow, I have an Edumacation to go to in the morning. [SEP] @LeafSpider10219 education is not a place you know, you do not go there, it is a thing you receive.",43.666666666666664,88.66666666666667
186992648383504384,52948594,145473685,A-Train? #WWE #Raw [SEP] @Kari Williams yes it is. This news broke a few weeks ago,52.0,48.0
186940085298659328,81976158,418344520,"I am mad at anthony cuz he likes to talk to other girls.... I do not like that at all pouting face [SEP] @DjCruzerSc15 Then your going out with the wrong guy because I know Anthony for 2 years and he flirts with every girl, lmao.",74.66666666666667,62.0
186949339405488128,26560072,280347485,Former owner Drayton McLane is at the Astros-Hooks game and he is about to throw out the ceremonial first pitch. [SEP] @alysonfooter hope the ball comes back and hits him in the head...,68.33333333333333,86.66666666666667
185947548152893440,517781186,502393835,"It really pisses me off when I come home late from work, and my mom is still out drinking.. [SEP] @GabTafoya 16 Its only 10:30 - -",65.0,44.333333333333336
185732341958840321,108308838,349664075,"anyone looking forward to KH3DS might want to consider playing ""the world ends with you"". I never finished it, now wish I had. aheh. [SEP] @Nanani72 just wiki what happened and carry on ~",44.333333333333336,66.66666666666667
185577578092957696,328108893,310105218,How do I spend my crazy college Thursday nights you may ask? With a bottle of Crush and some Golden Girls! #YOLO [SEP] @parkssandrec why am I not surprised that you hashtag yolo...smh..,45.0,74.33333333333333
185370040823058433,511400506,382945580,"Yes, Gab is online. [SEP] @ClovelyTribute I mentioned you and yeah. Sorry 'bout yesterday.",35.25,69.5
184858468296044545,523805455,359094796,"Iphone 4 on thursday, woooooooord [SEP] @brendaamauricio iPhone 4? Sad.",51.333333333333336,83.66666666666667
184969965865140225,336176794,14642072,"Appropriate pleasure is also part of the daily jihad. ""Appeasement"" can also be a strategy. One can achieve some victories pleasantly. [SEP] @JihadiJew there is something wrong in the notion: a jew preaching islam. I wonder what it is.",68.33333333333333,72.33333333333333
184817069500542976,262024946,391005584,Id Love 2 give my wife breakfast n bed n make feel like she is tha only woman n tha world #RealMan [SEP] @TEEBOYA Alabama oh sound like you becoming a man lol,38.5,73.0
184785207902212097,271605729,446445954,"I have seriously replayed 2 seconds of ""enough to cut me up-"" that is how much I want Blaine's song. [SEP] @gooberhobbit that is not what the song is called or a lyric in it",40.666666666666664,76.33333333333333
184747657028304896,51133110,57258824,Why do you all hold a female past against her ? [SEP] @BaddHabiit Sega nobody wants a gf or wife that has a reputation of being easy or hoe,49.666666666666664,79.66666666666667
184428357092511744,315758777,264303652,Minorities that do not care about the Trayvon Martin case are just as racist as Zimmerman who does not care.... Change starts somewhere [SEP] @Bria Bsuga you really need to log off twitter and stfu for real you dumb case closed,73.0,93.33333333333333
184371521727377410,281574629,494882664,"Why why why are bloggers not mortified to do nothing but post the stuff they got sent for free? [SEP] @LindsJohnstone aww, nobody sending you any free stuff?",68.66666666666667,75.0
184160434469863425,329646412,45797570,Apparently recruiters think I am lying about what I used to earn in my last job so now I have had to lie (downwards) about my salary.. WTF! [SEP] @aussiegirlindia Hehehe. This is going to be fun.,59.666666666666664,71.33333333333333
182773171148165120,18914744,28542655,"Is it too early to say 'balls to it, I am off to the pub' #exaspiratedwithsomepeoplewhodontlistenorreadanythingIsendthem [SEP] @kazzylady give it ten minutes then you will be respectable",56.4,61.4
182507315386261504,273826772,525527063,"...cannot wait to be w/my family back home... [SEP] @Esh Kapeesh if you do not mind me asking,but where do they live or where you frim",74.66666666666667,82.33333333333333
182288449032814592,349786507,299663022,Anybody want to talk to me ? [SEP] @OscarDa Grouch clearly not if you have to ask ..,60.285714285714285,68.82142857142857
181223908479991809,415998636,443936386,I am sorry but there is no monkey in existence that is cute. #Offended lol [SEP] @PartTwo O 0 LOL!!!!! I think monkeys are ADORABLE :),59.6,83.6
180665978831634432,242903467,322989345,I Am surprised i am even up this early! [SEP] @ KikiRobinson Why you get mad when i asked that yesterday,32.0,88.33333333333333
180649550086807552,440529311,380042119,I will lift and maneuver 15 grocery bags before I take 2 trips from the car to my house. [SEP] @chri Sarmiento hola :) just wanted to let you know that I absolutely hate that your facebook and twitter are linked. Kbye. #dejavu #,64.0,78.33333333333333
180406579483512832,105907649,247427966,took my girls to the park and there was this dude on roller blades with an OPEN BEER in the parking lot. really dude? [SEP] @ithinkUshould He did not even have the decency to put it inside a brown paper bag? That is how folks on public transportation do it here.,63.333333333333336,72.33333333333333
180030638634713089,16711770,382860245,*nengo flow laugh* [SEP] @RTReggaeton Is the website coming soon??? I need mi reggaeton fix papi.... Lol,72.0,73.33333333333333
179682879729709056,86328927,16114588,Testing whether or not refrigeration adversely affects mozzarella today (and how to fix it if it does). It is fascinating. [SEP] @TheFoodLab message from italy: it does. And there is no remedy. But you would not know bcs you do not have proper mozzarella where you are.,61.333333333333336,66.0
179420250234830848,308301944,43539840,At Al Safa Medical Center.... Dropping box of sweets off for the amazing immigration team here as a thank you [SEP] @DubaiNameShame That is great but true charity does not need to be broadcast ;),51.8,63.0
179196215420911616,135225783,21624062,"I know people travel on a budget, but 15days in the far east on 55k (INR) ??? What?? #travel [SEP] @niksypixie Why not? Do you want to know how much I spent on my Euro backpack trip? #travel",12.666666666666666,98.0
179100017208995840,36608207,28923914,Why am I still up [SEP] @IRR3GULAR coz you whack.. Lmao,82.33333333333333,50.0
178420899685482497,196213620,19919142,"up, grey, booking for Novikov, unbelievably expensive russian owned retsutant does pan asian and on other level italian. Pan asian gd [SEP] @MrMichaelWinner good job someone else will be paying then ;-)",42.0,72.5
177481687033315329,222847105,382645092,"Giant ginger baby on train (Emperor Baby?) is staring at me, while another ginger passenger stares at it. IT IS THE VILLAGE OF THE DAMNED :-| [SEP] @nanayasleeps I overheard once: 'Only a mother can love a ginger'. PMSL then and still makes me smile now.",72.0,67.66666666666667
176039791027175424,398096587,331098941,"#Takemeout the girls on ere expect far to much from a man, he was perfect!! [SEP] @62Deb #perfect? Bold! Scouser! Fits cash machines...... #enoughsaid",46.0,60.333333333333336
175974930985385984,281080049,189288901,"I Love Questions. [SEP] @RealLexLuger Question is, are you the real Lex Luger, I mean your account should be verified by now @twitter",53.8,73.2
174913589377908737,439589167,325856478,"""You could be an actress, well, it was beautiful"" London Tipton #KitchenCasanova [SEP] @OfficialSLOD actually it is ""wow you could be an actress. Well, if you were pretty.",23.333333333333332,72.33333333333333
174743578394894336,222493475,390545316,"Chipper Jones has had 10 seasons with a .400+ OBP and 400+ PAs. No other Atlanta Brave has more than 2. [SEP] @junkstats Kind of being tricky there. If you leave out Atlanta it changes everything, right?",72.33333333333333,79.0
174589829387001856,248551850,101786092,"THE SHOW AND THE REPLAY I SAID N AIR TO HOWARD THAT THIS ACCOUNT MY ACCOUNT IS THE ONLY REAL ERIC ""THE ACTOR"" ACCOUNT. HOW MANY TIMES DO I [SEP] @EricTheActor11 so you are the real Eric the midget?",67.33333333333333,59.666666666666664
172909722595360769,52786585,162142998,"For how much I love the Lakers, I cannot stand watching them play [SEP] @nate lien or just because the team is bad?",24.0,80.33333333333333
172830449608048640,392425162,156181069,#OnTheBrightSide lunch today&gt;&gt; [SEP] @CheySays1213 kinky bro kinky hahaha I seen you at lunch though :P,39.666666666666664,67.66666666666667
172780293516828672,159289522,37386587,"Ooh dear empty seats at old Trafford. Bla bla, Zzzz. Think both mcfc and mufc have had terrific attendances for their games I AM GOING TO [SEP] @DanielLoran the majority of European games to be honest! Napoli had an empty stand #notevenfullwhenchelseaareintown",61.666666666666664,77.0
172700855651401728,431034653,459253575,my fucking stomach feels so damn bad [SEP] @realswagger24 hey there tristin;) you are sooooooo cute;)you look 14;),56.333333333333336,49.0
172402706890227712,71238010,413413325,"WATERLOO ROAD [SEP] @eddychemical you just seem to watch tv all day! do not waste your time watching that shit, make block rockin beats!",63.666666666666664,58.333333333333336
171739635263864832,257641615,324080695,"My top 5 FaZe would be Fakie, Ramos, Twist, Medii and Stam [SEP] @SynergyDawg Fakie first? I think I am going to have to unfollow.... ;)",61.666666666666664,45.0
171758841611042816,248960170,381572363,How did all of micheal jacksons kids turn out white?????????? [SEP] @kcprettygurl I think all of their mothers were white...,45.0,77.33333333333333
168856922743775233,183000156,36305576,"Dear #Grammys, I really hate Chris Brown. He did his time, but he does not deserve to be an idol when he is done nothing genuine to reform. [SEP] @Laura the Wise I thought girls like abusive bad boys. Yeah?",70.33333333333333,62.0
168540312183111681,40598146,42065854,I want to dance with somebodyyyyy !!! [SEP] @MS AMERiCA40 you kknow you cannot dance,60.10344827586207,68.51724137931035
168379217371860994,44704537,74450490,"Shri PM ji has 2 options. He can say ""I am not aware of what Khurshid has been up to."" Or he can say ""I am not aware Khurshid is a Minister"". [SEP] @KanchanGupta the day SIT filed closure, you had a lot to speak. Why keeping mum now after amicus curiae's report?",62.666666666666664,61.666666666666664
167806253337280512,61289126,389498145,Stupid Hoe On Mtv hits [SEP] @JayyBabyMinaj Be more positive in your wording please,50.5,78.25
167359700583718912,23670839,377718652,I do not mean to sound cryptic just going through some issues involving some personal life decisions and things I have never done before [SEP] @WillPKTGR We have all experimented while drunk and it does not make us bad. As long as the dude was a consenting adult you are probably fine.,52.333333333333336,72.0
165547738770046976,387089259,39123620,15% discount still at Recovery Socks: PINK and many colors. I still love mine! Discount code: JHclient....www.recoverysock.com [SEP] @JHCTriathlon do they cut into your legs at the top? Only thing I do not love about my zoot ones - and they are ugly.,64.66666666666667,76.66666666666667
165109101750255616,242523938,228539718,That science exam was IMPOSSIBLE [SEP] @MyGloryIsGaga it was soo easy!!! maybe you should try studying next time ;),67.33333333333333,49.666666666666664
164371006797004802,91199381,104379574,Tryna sit still in class but my body is too sore confounded face sad but relieved face [SEP] @ SoTaylored lol you were not even working that hard yesterday,47.0,74.33333333333333
164238600689549312,378478672,249277482,I am not going to bite my tongue for anyone anymore. #FuckYourFeelings [SEP] @KaylynParedes lol what about biting someone else's tongue? ;p,73.33333333333333,73.33333333333333
162379886755971072,404435208,420530650,"#MiddleSchoolMemories no, just, no. [SEP] @colleenosaurus3 HA. as i recall you were the awkward one? ;)",57.666666666666664,77.0
162401351161217024,257268093,138499916,DURTAY!!!! [SEP] @Mr RawDawg ya twitter name is a male stripper name out her in nj lmaoo.,46.666666666666664,82.66666666666667
162328826737737728,305222175,319710650,"Many of you may not know who Gojko Kačar is, if you do not, think of him as the Serbian Xavi [SEP] @jam bu88 Seeing as you know when his birthday is,I am going to take a stab and say he is a HSV player!",65.33333333333333,74.0
161823975327019008,202396203,39383552,Happy Tuesday! Time to shake off all the sad ignorant people from the last two days and celebrate another day of hope and possibility ! [SEP] @PatriciaHeaton Was I one of the sad ignorant people? :(,60.666666666666664,66.33333333333333
160762743828385792,24998445,74001127,My name has been ghetto barbie since I was 13 years old .... Not when nicki minaj came out [SEP] YOU almost sound proud of tht - - smh RT @Ghetto Barbie My name has been ghetto barbie since I was 13 years old..Not when nicki minaj came out,66.0,80.66666666666667
159338074583736322,286299293,50057168,"Apple.. Your iPhone 4S is terribly slow, just as the first iPhone was. Clean it up, thanks. [SEP] @JArrieta34 Check the apps running in the background...probably not the fault of the phone...",76.0,74.0
159292395870093312,230865878,323211816,"Steady tryna find the motive, why I do what I doooo ! [SEP] @Kii yeteBITCH and wus that....knockin out bitches lls...... I heard you the knockout king #NoLie",70.8,60.4
159143219228184578,98225465,184542358,Sometimes i am wishes i was never born [SEP] @JB inmyheart4fr #JesusLovesYou he put you on this Earth for a reason. You are no accident.,11.666666666666666,72.66666666666667
159080795179458560,15329159,112509790,"Dear Bob Marshall - NO CHILD, disability or not, is a punishment [SEP] @forever trust Absolutely! But what are you responding to?",43.333333333333336,38.666666666666664
157645964771991552,232939344,263384371,"i swear when i have a bf dudes jus automatically think i am single, but now tht i am single they dnt believe me. whaaaaatttt?? flushed face [SEP] @CaramelloBella ay Alex follow back lol",74.33333333333333,72.0
157532386085707776,177800308,112763673,"oh no, what if someone really IS blogging bad things about me and I just deleted the DM without clicking the link?! snort chuckle [SEP] @TheZachMills How do you delete your DMs?? also why would anyone be blogging bag things about YOU ;) &lt;3 xx",54.666666666666664,73.33333333333333
156632725921599488,28275402,123278006,So Erica & Kimbella back at it again.... I really hope Kimbella kills her. She are not shit tryna front like she somebody. Byeeee raised hand raised hand raised hand raised hand [SEP] @itsDOMO can you please stop tweetin about that show it is bothering me,56.333333333333336,72.33333333333333
156035341961265153,420670326,421969117,It blows me how people talk big on the Internet but will not say anything to my face #scared [SEP] @missflawlesstip we got twitt thugs now??,54.666666666666664,69.33333333333333
155686752189816832,24999958,249225679,"I keep falling asleep at 10pm and waking up at 7am, moody. I have reverted back to 15 year old me. [SEP] @RocketGirlRuby with all the excitement of facing a weekend shopping and hanging out with girlfriends? #EnjoyYourDay #JustSmile",58.333333333333336,40.333333333333336
155567223090581504,222234833,364820691,If I got the same attention in real life as I got from women on the internet… I would be one happy guy. [SEP] @chopper4jk are you ugly in real life? If yes! Poor thing you!;))),69.66666666666667,70.66666666666667
155482863507218433,385446527,271555009,I seriously want to kick the shot out of you your a cunt shut the fuck up I hate you! #mylifeisfucked #ontherunx2 [SEP] @Belshyy Did you mean shit?,81.66666666666667,78.33333333333333
155090116971470848,60367386,366161565,either they got bigg or my lil tank top got too lil because they do not fitt [SEP] @MyiUNiQuE 404 I think it the first option! Lol,20.0,79.0
152401954314784768,19651962,39825574,"OK, back to work after all the festivities - testing the Xperia Arc S in detail for the next Phones Show. Impressed, at £290 SIM-free.... [SEP] @stevelitchfield let it go Steve. Symbian is gone. If you still want to remain relevant to your viewers, you need to adapt. Firendly advice.",42.666666666666664,75.33333333333333
152155865678479361,403808043,306322931,I wish zendaya died!!!!!!!! I hate her....I do not like her!!!!!!! Ewwwwie she is really ugly!!!!!!! [SEP] @Zanay96 umm you are just jealous because she is so pretty why hate she is amazing,58.333333333333336,78.33333333333333
151826524692156416,143549716,204447969,"Ever since i have been on twitter, I have avoided having porn RT'd into my tl until today. I am NOT pleased! [SEP] My bad... Lol... “@MissEMOshuns Ever since i have been on twitter, I have avoided having porn RT'd into my tl until today. I am NOT pleased!”",39.333333333333336,88.33333333333333
150494929649545216,392243211,426903578,"just seen chris moyles never going to snow at christmas what a happy boucy song well done even down 2 the brake dancing santa good video [SEP] @Mam1andLyn hi Mandy, are you aware everyone can read you are conversations to you are sister, not sure if you know you can private message her?? X",20.333333333333332,83.33333333333333
150035217325883394,128968728,197614845,Just bought Born This Way Deluxe Edition. [SEP] @icanbesex that took a while lol,58.6,56.6
149576748147802114,202338584,377029380,I take offenses when people make smart comments about white girls. My daughter is half white :| and most of my close gfs are WHITE! [SEP] @iAm Tela so did you just take offense because of my tweet?,63.333333333333336,53.0
148991272848343040,188145824,51175773,"Today will mostly be spent in bed studying and resting. Both important at this time. Dante walked first though. [SEP] @redfoxcountry I envy you, so much to do in so little time 2 birthdays & Christmas is madness for us, at this time of year I go slightly mad",76.33333333333333,78.0
148854427040751616,226290181,34207788,theY NOt frOm #INgLewOod IfK theY do not KNOw of me [SEP] @iNgLew94dKiNg guess i am not from inglewood,54.666666666666664,79.66666666666667
145186735062663168,178775553,73194689,As much as i dislike frankie cocooza... he should be in this final; not amelia lilly... [SEP] @eyeheartbieber what do you know you like justin beiber&lt;~~~ASSHOLE,81.0,74.33333333333333
147758581670871042,62082291,341852629,But we do all agree something needs to happen to make the internet safer for copyright holders right? [SEP] @IdlabsMusic if the people are listening to the music does the artist really have much to complain about?,50.666666666666664,75.66666666666667
147152919886696449,257261719,310585693,"The difference between you and I is I was born with it, you are trying to be taught it!! #goodgenetics [SEP] @hardhitta30 You obviously were not born with decent grammar skills.",76.33333333333333,83.33333333333333
146414071003099137,305380280,50562979,"this ex wife on #FearFactor is a bitch!!!! busting him out on national television! #embarrassing [SEP] @kcagle2013 Fear Factor, who watches that?",62.666666666666664,67.33333333333333
145504755400187904,21768113,223221802,"yessss Maxi but did not want Kuyt :-( The king is so confusing, should be starting Bellamy if you ask me. [SEP] @jaz lfc ""did not want Kuyt"" behave! get behind your team.",41.666666666666664,70.0
145150317661655041,250182965,65571707,Fuckk this job i am sleepy as fuck [SEP] @Beeyou teefull that is the sound of being broke,77.0,97.66666666666667
144031906000941056,272372642,308543175,My nest is awfullly cosy...its just missing you but luckily Godric and Henry are huddled close by purring away [SEP] @KneeNipple are you a guy or a girl :) i am on the bus home :/,66.0,65.33333333333333
144026219267104768,5805172,10341052,"I love such reviews: ""Good app, but crash on startup on iPhone 4!!! (iOs 5.0.1) Please fix it!"". Shouting into a forrest could not be better. [SEP] @therealkerni What tells you that the developer was not also notified? And why would not it be interesting for others that the app crashes?",64.33333333333333,71.33333333333333
143044969161179136,14828423,385223958,"Ever see some people on the street & want to hear their story? I do... [SEP] @PsychicBarbP ahhh... Barb, your a Psychic, do not you already know?",28.0,71.66666666666667
142849192870682625,29289487,213032571,"Take it the wrong way , she did ! [SEP] @LoveMelissaAnne hey mami how are you",25.0,83.4
141976135058735104,123648144,152793102,"Anybody else thankful November is over so you can quit seeing people making up crap on Facebook they are thankful for? [SEP] @HardCorpsRunner @SkibbaDoo Just to replace it with pictures of their damn christmas trees. Seriously, every other post.",36.666666666666664,48.666666666666664
141778476289097728,50730891,61816080,Gettin ya dick sucked from the bavk O o i am tryna.see wat that be like..... [SEP] @T0nyM0ntanaDUH ugh seems kind of gay man,52.0,57.333333333333336
141618157377957889,401321515,226683996,I need a handsome young man to give me a nice neck/shoulder massage. In the meantime I will have to make do with a heat wrap......*sigh*..... [SEP] @Minnie Moke Can imagine who you mean!,82.33333333333333,72.0
141412524502417408,181308310,74772313,"Haha to be fair guys, I will not get a boob job any time soon because I change my mind like every other day :P [SEP] @TheAriDee your boobs are perfect size. You do not need a boob job at all. Just one persons opinion...",43.666666666666664,78.66666666666667
141289908122828801,245931514,124827399,"It is so hard not to dance when ""booty wurk"" come on. #gottashakeit #mustmove #nodyaheadattheleast [SEP] @Bri Rosss why you got to leave me !? #ijuststartedtolikeyou #likefrill #pleasedontgo",80.0,74.33333333333333
140950182312427520,14493902,5152561,"I cannot remember ever seeing a penalty because the clock to be advanced 10 seconds, ending the game. weird. [SEP] @WendyPackard You are 0-for-2 in NFL rules today. #woman",72.66666666666667,57.333333333333336
139911437261873153,114579820,23677862,Blue bell pumpkin pecan ice-cream... There are no words. #enoughsaid [SEP] @missyhuff agreed. But have you tried the pistachio almond? It is heaven on earth. Literally. An icecream portal.,37.8,60.6
139394993935753216,191179297,70277072,I think i should make some banana pudding for tomorrow [SEP] @Lul LightSkin You know what YOU doing,43.333333333333336,53.333333333333336
139105078639476736,32545556,20036556,'I may act like the fool but I will never be one' another fave quote x x [SEP] @CharlotteAtCan I make act the fool but I will never be taken for one!!!! Get it right lol winking face with tongue squinting face with tongue,70.33333333333333,80.33333333333333
138702688421560320,179653082,45942357,"Call me an utter mentalist with the brain of a goat and the gambling instincts of Michael Chopra, BUT I have backed Villa to win at 13/2. [SEP] @TheSpecialRon you are an utter mentalist with the brain of a goat and the gambling instincts of michael chopra",54.333333333333336,79.33333333333333
138311132027953155,171918890,299873279,Please ya gama3a I urgently need to pop some popcorn in the microwave wel kahraba ma2too3a law 7ad ye3raf arag3ha ezzay!!! Please retweet!! [SEP] @ayakanndy you need to back to the dark ages of popcorn cooked in a pan.,58.0,82.0
135554743488610304,31627515,771455,"Hey, I got my pictures developed, by the way! [SEP] @qwantz Oh, good! How did they turn out?",34.666666666666664,81.66666666666667
135492693156569088,14132004,49399130,Bloody hell. My computer is under constant attack from viruses and trojans - a new alert every thirty seconds... [SEP] @James Batchelor are you sure that the constant alerts are not being caused by a single virus trying to trick you? (speaking from experience),30.666666666666668,79.33333333333333
133902805822996480,22685163,41571891,"Frankie Cocozza kicked off the X Factor for breaking a ""golden rule"" of the show #JuiceFM [SEP] @JuiceChambo I hope you are not getting info from the S*n!",55.333333333333336,85.66666666666667
133497475184070656,36374697,274838313,i need to find a way to get paid to watch and host people having some good fun [SEP] @that COON ...coloreds do not know how to Have a Good time....lol its always some kind of drama...lol,51.333333333333336,57.666666666666664
132821855160631297,293389830,113082414,#wordsformyheadstone Under paid Under sexed and Under here [SEP] @drakestonehotel not sure which of those three is worse.,56.0,87.33333333333333
132571406994116608,255679536,256235274,"I do not have a bestfriend,no one is able or capable to be loyal& stick it through with me the only person who comes close to it is my sister [SEP] @rand0ms tweets awww shucks I feel the same way with Lolly the way we feel you will work in tescos like Mary Byrne and make it nowhere",45.0,81.0
132322907455107073,85762805,347249661,I am in Boksburg doing my bit for a more equal economy. Mina ngingumZulu. [SEP] @pepemarais I am a French Mauritian living in Boksburg n successfully binding Boer n African cultures into meaningful business!LOVE RULES!,75.66666666666667,74.0
132108241529356289,27583994,108479538,"Stephen A. Smith hit the nail on the head with other NFL players (IE:Lions defense) mocking/""Tebowing"" after making play. Very offensive. [SEP] @Tnamattmorgan And, is not it wrong to basically say ""thanks for the win, G-d. Glad you like me more than them.""",48.0,63.4
131469497763762177,15898362,36719113,"#LehighUniversity is still in the dark tonight. Of course, the folks at #LafayetteCollege would say that is always the case. #Mountainhawks [SEP] @Jim Gardner Just check USN rankings and I think we will see whether #Lehighuniversity or #LafayetteCollege is truly in the dark....",16.666666666666668,62.666666666666664
130536094814052353,367033475,303338210,Have you ever had that feeling that something is wrong or bad? Well I day and I am so scared [SEP] @Lphishot I think you feel that way cuz Halloween is around the corner..,90.66666666666667,90.66666666666667
130060967982809088,68017779,400384966,Antonio Banderas will never lose his accent... It is crazy [SEP] @Concrete Surfer How should he lose his accent? HE IS SPANISH! Moved to Spain 18 years ago. Still have my accent!,70.33333333333333,71.0
130012051690094592,35929250,347641925,Disappointed in how many people are missing the last football game. Proud to say I will have attended all 40 games of high school #awpride [SEP] @jessmdot that is because you have to haha,53.0,74.0
129938708718813185,314410204,207668801,TGIF = Tongue Goes In First [SEP] @NBA Lockout you might might be one of the top five freaks on my TL,59.0,48.0
129771915941380096,188510878,168812644,No one understands my love of all things plaid and leopard print. #iamatackydresser [SEP] @LittleDeadGirl Stereotypical black women get the leopard print thing.,52.0,48.0
129054258271240192,58993956,221859482,"Goddamn, some Derek fans are so damned judgemental about other dancers' fans. YIKES! #gonnawatchmyass [SEP] @MetEvaine I totally voted for Maks and Kirstie last season.",52.666666666666664,53.333333333333336
128849960899850241,300612979,397720315,"Gratitude moment!! Youtube views on my first audition!! 2,317,412 .. Thank you God! [SEP] @stacyfrancis Congrats Stacy you deserve it. I am one of your biggest fans. Please clear this up, r you a christian or Scientology supporter?",62.333333333333336,37.333333333333336
128653223321022466,393122627,364339495,"All i want is 3 things in life A big house alot of diamonds and a couple expensive cars because i want to be just like my mommy [SEP] @YourAddictionnn how bot some basics like: electricity, cellphone, food and gas for you car lol",27.0,85.0
128306736691023872,24067968,120557781,"As an Indianapolis Colts fan, tonight is far more hilarious than any comedy I have seen in the past 15 years [SEP] @SteveGreeneCOM What about the Super Bowl 2 years ago?",61.0,76.0
127624529555095552,17613209,61907080,"wow tonight is literally the worst night ever. [SEP] @stephkise one of my good friends died Wednesday. I am drunk, and worked 35 hours this week. You have it easy. Smile, dear, it could be worse",56.333333333333336,71.0
126785023469830144,171597124,281647452,"Pizza tonight, and I am as excited as a ten-year-old. I want to run around the neighborhood screaming ""Pizza!!!"" [SEP] @kimsamsin How was the Pizza? Ours will make your scream too! ;-)",47.0,76.33333333333333
125746831647981569,332017998,378862060,Text meee :-) [SEP] @dulces suenos1 wats you are # so I kan,48.0,73.0
125418072587771905,98610868,170384490,Do I really look like Kid?.. I dnt see it at all. [SEP] @SeeMid Tweet yea you look every spit of him...,80.33333333333333,74.0
124903424612511744,313286825,378939093,"All that I have become I owe to you :) #Jesus [SEP] @KaitlynEleanor I know Jesus is a big deal, but what about God?",46.666666666666664,94.66666666666667
124990429425971201,1064051,14304214,"iPhone 4S finally activated via AT&T after 7 hours, now let us see how long iCloud restore takes. [SEP] @bjdraw it amazes me sometimes how iphone buyers put up with so many hiccups and lack of features (3.5"" screen, poor multitasking)...",54.0,71.66666666666667
123884028595154944,90697509,256706769,Just made two cups of coffee and drank them both one after the other... [SEP] @ooodle noodlez you know how to live then do not you? 2 cups of coffee one after the other :-P,64.0,66.66666666666667
123072282494111744,16930489,62324697,"So what happens when the #OWS ""revolutionaries"" find out that the Tea Party has all the guns? [SEP] @ExJon That is the problem with Tea Party: All guns - Zero intellect.",48.333333333333336,34.333333333333336
122420112560111616,33946296,318566096,"Make sure to watch me and Gene. Co-hosting Entertainment Tonight!!! [SEP] @shannonleetweed I do not mean to be rude. I you had left him, you take half, if you divorce you take half. Just curious about need for prenup",57.666666666666664,77.0
122739692750901248,19668783,131933532,"Euan cooked me a squid & pernod stew from Sarah Raven cookbook. Very delicious. Not been a bad recipe from book. [SEP] @snapdragonjane I think you were jolly brave to even try eating it! Sorry, but it sounds disgusting... :-(",55.333333333333336,67.33333333333333
121571834167705600,20525163,80440188,"The word ""Poetry"" comes from the Greek word ""poleo"" which means I create. [SEP] @iamshellybell If you like good poetry you should check out poeticpiecesofme.com! #Poetry",50.0,82.0
121400411251937280,300584767,266686903,If you would rather fix my grammar errors than get the message then become a teacher #trippin [SEP] @JewMoneySDW i am kidding around bro...,76.66666666666667,62.666666666666664
118668508983869440,311184062,14416606,Every day this week I am gona have to drive past my brother and will not be able to see him #fuckdup #justice [SEP] @fields913816 How is it F'ed up if he was guilt of what he was charged with? Or was he?,44.0,60.666666666666664
118587002236051456,234968079,260508069,I think i will watch kevin hart. [SEP] @KatyDidWhaa damn I have never been assigned Kevin heart for homework #smh I need to transfer now! Haha,33.333333333333336,77.33333333333333
117709301547671552,17324705,25378846,"My cleaning lady totally flaked on me the past few weeks. I am having to do this house cleaning stuff on my own again, I do NOT like it!! [SEP] @musicloverchick welcome to the real world honey. Most of us cannot afford a house cleaner. :-/",57.0,62.6
115946877517697024,84237442,84011696,Simple dinner tonight. ^||3 [SEP] @YuugiHoshiguma That sounds like a pleasantry,5.0,96.66666666666667
115836694070181889,41783,14437803,"It does not take a rocket surgeon to realize how horribly rendered that blue bar is. #instagram [SEP] @mantia Screenshot, please? #instagram #bluebarphail",71.33333333333333,67.66666666666667
114488019930714112,153062527,268480031,"Is it wrong that regardless of how much I resent Notorious GL's abuse of the OT, I still want the damn things?! #StarWarsBluRay [SEP] @epgelion I have concluded star wars is like the bible. Take what you love, downplay the rest. #starwars",70.0,75.66666666666667
113691302205460482,8880582,59340859,"Could be weeks till I get paid, could be a month. Anyone want to bet how long this 50 cents will last me? #pleasekillmenow #deathbybrokeness [SEP] @Hez I think most of 50's albums are like 45 minutes or so... #whogetspaidincds?",55.666666666666664,69.66666666666667
110788526643228672,20143758,337082809,"we;re having to reshoot some of the video footage on friday. i looked a bit like an old tranny in some of it. [SEP] @billie r martin the video is good but i think you needed a better wig, maybe a better Makeup Artist. Would you like to hire me? :-)",37.0,74.33333333333333
110570547326353408,163542393,51547041,"Rescued plums, apples, bananas, eggplant, tomatos, olives, greens, couscous, bagels, muffins, tuna salad sammich, plastic bags #freegan #nyc [SEP] @GioSafari dumpster rescue is so much fun. A true art form.",37.333333333333336,73.66666666666667
110497343228485633,22888343,21814852,I am the Black Sheep of the family. Although technically I am more the Gay Sheep who Drinks Alcohol. [SEP] @Aqualec I am often the attention whore sheep. :/,29.0,55.0
110436293783203840,192811616,15100622,People with fat asses should laugh their fucking ass off a little more. Just saying. [SEP] @jasvinder1010 you do not like big bund?,61.666666666666664,68.0
109330289435746304,95973735,169088660,ok stuff it i am officially pee'd off [SEP] @hhjtinygems That Is never a good thing :( - hit the wine and the chocolate!,54.0,64.33333333333333
108955980733231104,240025822,357285965,Where did all the mustaches go...we got to get more mustaches at the ball park [SEP] @Dutch Oven45 (Can you fill in the blanks for us lowly mortals?) Hey (celeb) Chuck Norris called and wants his (whatever) back.,31.8,81.2
108602713780133888,33558672,148677139,#thingshoodratslove wearing the little twisty's into the side ponytails [SEP] @IamSteven2saunt they love to play games too,40.0,61.333333333333336
106770749582344192,53278181,99385173,Gov Christie Is A Smart Ass [SEP] @YazzyNas hell yeah what a jerk,62.0,95.0
106719054710054913,41379819,23344821,I will do some smiley ones next time! #itsthebotox lolol [SEP] @SamGrierson oh is that why you look like you are chewing a lemon?,43.2,74.0
106457017912270848,35613415,337273856,Be thankful for what you have and stop complaining about what you do not. [SEP] @ThckrThanASnckr wats poppin sexxi follow me back,59.0,68.0
105657507099320320,202635640,255384561,"For some reason, I am finding Kara no Kyoukai to be horribly shallow, boring, and bad. Why the hell is this rated so highly on anime lists? [SEP] @Isabelyes Movies 3, 5, and 7 are among the best things I have ever seen in anime.",58.333333333333336,72.0
105028599538659328,37422635,16675093,To Everyone Who MISUnderstood my Previous Message; When i said make up i do not mean simple make up i mean the OVER OVER OVER Dose of make up [SEP] @Miimoooo Chill Queen C! YOU do not owe anyone an explanation! :D uve explained yourself already ow elee ma yba yfham 6z feeh! B-),61.0,77.66666666666667
104974185377439744,50106909,236029792,Guys I have something very special for you ....... [SEP] @infextious Hot pussy lips? LOL xxxxxx,19.0,51.666666666666664
104157760928747520,281323952,33513182,"seriously need to stop waking up with pulled muscles. #idontgetit #howdoesthiskeephappening #onlyme [SEP] @valkuller probably because you describe it wrong Valerie. YOU have a Charlie horse, not a pulled muscle. Drink OJ.",60.333333333333336,61.666666666666664
103376882761859074,14689295,29715987,"I did not say ""the best song"" I said ""my favourite song"" so unless you are telling me what my favourite song is… jamn. With an N. [SEP] @JmeBBK you get annoyed by the hates too much. Diss me you will never hear a reply for it. Bare that in mind..",46.0,74.0
102396979287572480,83860499,336077133,There are only two points about God that anyone needs to know: There is no evidence for God and the idea of God makes no sense. [SEP] @Good Beard God follower piss in your wheaties this morning?,69.66666666666667,70.33333333333333
100375894903889920,194702264,308782138,How long is the #Londonriots going to last cos its my birthday on Thursday. [SEP] @TashaTweeets lol you will be lighting birthday candles of burning buildings at this rate,32.666666666666664,71.33333333333333
99542475718393856,48714933,240273885,BAH haha people are stupid in case you did not here people in laconia were just pulled over and arrested because they had a meth lab in there car wtf [SEP] @Allie seavey relative of your bf?,60.0,53.666666666666664
99296151815192576,19374805,15332634,Frozen Sara Lee Strawberry Cheesecake. Dinner. I usually get cherry but not going to be fussy. One Cheesecake a month for 25 years [SEP] @joqatana Sara Lee is my grandma's favorite brand. Did you also buy it at a Lucky grocery store?,77.0,52.333333333333336
99156588723580928,113762272,25901054,He called me a punk ass for staying awake on him - - lol who says that? [SEP] @LoserFaceAn lol.he is a loser,45.4,34.6
98944566958374912,297842629,322468989,So comfortable I did not feel like changing the tv and ended up watching Gullah Gullah Island [SEP] @txmade 1209 boy you do not know nothing about Benya Benya,74.33333333333333,70.66666666666667
98188907706990593,5749002,18296633,"2/2 Until proven otherwise, given evidence of inevitable brain trauma, NFL football is on same moral plane as dogfighting. I renounce. [SEP] @jsundmanus except that people have a choice to play AND get compensated. Plus i like dogs a lot more thand people, generally",44.0,61.333333333333336
96265309924757505,258759453,20104576,I am going to stink of cigarettes standing at this bus stop!! &gt; &lt; [SEP] @YooAyes MUFC hmmm that is what people who have crafty fags say lol ;),61.333333333333336,92.66666666666667
95879165017985024,173823748,20762480,"Day off, doing housework listing to Ellie Goulding in a Hooters top. Average Tuesday. [SEP] @SamanthaRance do not tell mumsnet! They will string you up! (for hooters top, not music taste..)",43.4,79.2
95597364475203584,47715299,35947671,I hate stud bitches that do not like head. Where the fk they do that at SMDH!! [SEP] @skyyblackxxx Why you be on that Gay shit.. YOU tripping my nicca.. #NotAGoodLook,47.666666666666664,82.0
95035573961625600,312263363,275239105,"good night [SEP] @leroy THRODL Wait, Leroy... I got ""dozens"" of eggs yolks, I mean jokes, left",66.0,75.0
94381905688014848,239160456,266860550,Night all x but a big sloppy FUCK YOU to those who think its ok to cover up sex offenders .. Hi there to the c**t that sentenced Hinch. [SEP] @MsCharlotteD well are not you on fire tonight Charlotte!,80.0,81.33333333333333
93338757549400064,163087512,227023433,"Ahh.. sitting at the computer chair with my owner. She is so cuddly. [SEP] @MartMeowliski I bet she thinks you are cuddly, too :-).",21.0,53.333333333333336
93328954676617216,146585549,140039044,There is no end of the world - until there is peace on this earth ! As it was before..... :) [SEP] @IamBONGZ who told you that lie?....seriously,49.333333333333336,73.0
92301225390903298,47921172,263327540,All of Rumper [SEP] @DavidWooding just wondering but what are all the notw journos doing with their stories? Are they flogging them or sitting tight?,74.33333333333333,62.0
92211159628906496,19605776,47170022,I hate having sticky fingers! So much so I have to eat ripe nectarines by a sink so I can rinse them straight away!! [SEP] @markryes good job you are not a lesbian...,59.82142857142857,68.21428571428571
90734617765740544,21177855,103305199,"Someone get me something cheap off my wishlist please, it will cheer me up. [SEP] @MandyMorbid I never got my care package : ) or saw the pantaloons.",23.0,92.66666666666667
90913199918026752,37442486,53297206,"Thankfully all my bags made the flight that I did not. It was sitting and waiting for me!!!! [SEP] @TheChristinaKim why is it, you always have problem at the airport? :)",46.0,49.0
89748970653499392,287010066,296684570,Need one of them long long endless conversations.. [SEP] @rubbishing imp What is with you and with your inviting frandship tweets?! :),60.333333333333336,75.0
89548142135083009,63842792,88702726,"Yes, I am a film major. No, I am not an aspiring photographer, but I do want a nice camera. I do not know why I am tweeting this. [SEP] @tesskkelly I think one of my tweets may have inspired this....",58.666666666666664,76.66666666666667
89511498757574656,16454741,124236291,"Robert Downey Jr. and Jude Law in a Sherlock movie what is this I do not even [SEP] @owen s I am sorry, are you from the past? (Do not flip out now...)",56.333333333333336,56.0
89384679374995456,44101636,67201140,"i laugh at myself for being a geek all the time... but i am pretty proud that i am what i am, and i do not waste time kissing ass. :) [SEP] @sophie coady LOL geek and shy girl has claws as well? :)",39.333333333333336,67.0
88606514956341248,48207904,230335045,I am about to something I have never done before I think I am ready.. I hope this all turns out well. [SEP] @MassiveCrash damn ma nikka bout time ..you get out the closet n tell the world,65.0,64.0
88064971610652672,229371486,205184409,"Now, what was the G20 summit. [SEP] @Takoydaa well not a meeting of the countries themselves, but all their respective leaders :)",79.0,85.33333333333333
85475021442662400,191418381,236219895,That performance last night by A.KEYS ws remarkable... BET was not ready! [SEP] @voKal VIC425 is that a joke?,51.666666666666664,50.0
85342351651897344,18189073,243673454,"Good morning! It is a post-MDS11 world, so I am giving everyone a break from the word ""millennials"" for awhile. YOU ARE WELCOME. [SEP] @achieve consult thanks! the word was officially banned from Twitter last week after MDS11 :)",79.66666666666667,66.0
83705956269178880,92776043,225982324,woo i am back bitches ;) [SEP] @calibeachbabe5 i totally thought that said i am black bitches. hahah,40.666666666666664,99.0
83630778256338944,36789856,185774657,"Oh god - another atlanta storm... Wonder if we will lose electricity again?? [SEP] @vausecnn Its blasphemous to spell the word starting wit a small 'g' it should always start with a 'G' as in 'God', juSt me saying",58.333333333333336,85.66666666666667
82913872641671168,29417232,316368226,"What to do about bookshop who do a great job on my authors & others, yet refuse to answer me on Twitter? [SEP] @caroleagent Give them the benefit of the doubt; Twitter is not the real world. Root",57.0,84.0
81460059783168002,38502958,259740685,Gay people love God too..Its not like they all running around dressed as lil monsters ...Well unless you listening to #Gaga lol [SEP] @Hasito212 I did not say they did not. But how much do they love GOD. Do they love him enough to stop doing what they are doing,68.0,81.33333333333333
81104923458150400,113931045,68294646,"""I am not gunna stop till all of hydra is captured"". Nice quote stevey but somehow I doubt that is the actual line. Capture is for wimps [SEP] @Zarina Romanoff But honestly, if it is true to Cap in the comics, that is exactly what he would say. He would do everything in his power to bring",5.0,98.0
80619151735001088,240263195,308897426,Hate my job! [SEP] @craiggrieve4 : Jobs really suck the life out you do not they :(,68.0,78.33333333333333
80057793570287616,19814041,201371282,"Tonight I went drinking with a friend I have known for years, whose taste I respect hugely, and I only just learned DOES NOT LIKE BLONDIE! WTF? [SEP] @simon price01 To LOVE Blondie you had to be engaged from the start. Otherwise they are just a pop band.",69.0,71.66666666666667
79580260793974784,55827451,91706128,i cannot sleep O O omg i am not even tired. Someone make me pretty sore & tired! #lolwhuuttttt [SEP] @BangBieberHard lmfaaoo go read some Bieber sex stories ;),42.333333333333336,83.33333333333333
79383567913852928,23222208,22123157,"As an African-American,I am heavily offended by everything. [SEP] @Lazlowe1984 You did not need to add the word African. American does the trick.",63.0,73.33333333333333
78118102482698240,74239682,158404561,"Just discovered that someone stole a tweet - they posted my exact tweet without credit. Flattered, but disappointed in that person. [SEP] @TheMicheleC Wow, you are so awsome you are being knocked-off! Congrats!",67.33333333333333,67.0
78479899312140289,62338487,17524876,"Childish, immature 13-yr-old like comments about the Senator. No defense of the man but really people grow up. [SEP] @missouriracefan Sorry about my comment. I just could not help it. I Am usually not like that.",60.333333333333336,74.0
78157548221505536,301227662,246243178,"I think I need to get my following up a bit. Everyone retweet this! #FollowHim [SEP] @Abdul Hodge Abdul, keep working on the quality of tweets coming from BlaQUE! Or I will have to unfollow him!",22.0,56.333333333333336
77795888692600832,223007443,227927963,"Hey #TeamAaliyah do not forget to watch AALIYAH's first movie tonight on BET #RomeoMustDie comes on at 8pm and again at 1am on BET [SEP] @Love Aaliyah I did not even mean that in a rude way, I forgot to put a smiley face :)",68.0,83.66666666666667
77735445919834113,194118652,265787305,I am beginning to realize more and more every day that a lot of these inmates are smarter than the guards. [SEP] @JoshAKennedy Are you implying that the inmates are smarter than you?,73.33333333333333,100.0
76699917317451776,36294668,29601938,"Ill be at River Fest 11 & UCW live in Utah Saturday! If your in this state, I want to see you! If your not in this state, start driving [SEP] I love @martincasaus young, dumb, and full of cum. who is his girlfriend though? lucky bitch.",83.0,85.0
76478348615892992,38423116,28460196,All that talk of Dirk being among the all-time NBA greats can now stop. [SEP] @Franklin McNeil got to be a white all time all-star?,37.666666666666664,60.666666666666664
74881214137376768,180144699,307402133,Young ? Hope this deal doesn go thru [SEP] @prashant kotian You need to get your priorities right mate..,31.0,38.666666666666664
74528928450097152,217424508,39844187,"#youshouldbeashamedif you are not following me...but i know why some will not..because they want ""sexy"" on their TL #teamugly haha [SEP] @LickMyEllipses you are not ugly. Lol",43.0,81.66666666666667
73783422572699648,106465438,179965511,"When I sit on most toilets, my feet do not touch the floor completely - - [SEP] @mingSTACKS Are YOU A Midget? I cannot tell by your pic lol",32.0,38.666666666666664
73494334363795456,37412575,231740681,"Cannot believe I am saying this, but #May27 could be the end of #Jan25. Could mean end of public support for revolution [SEP] @EgyptSecularist Really not the time to panic or spread negativity.No need to lower our morale.No offense but pls be positive or keep quiet.",44.333333333333336,48.0
68521636906795008,19886160,24548273,"Anybody else think this season of #TheRealWorld is going to end with Mike killing everyone else in the house with an ax? [SEP] @chezpazienza Um...you actually watch ""The Real World""...at YOUR age???? Wow. Good luck with that....LOLOLOLOL!!!!",76.0,58.0
68633171679387649,15574337,17191269,Just had an argument with some cunt at the bus stop because I lit a fag in the shelter and stepped outside [SEP] @ThisIsJeph unmm. Just FYI no smoking in my house!,39.666666666666664,79.33333333333333
68336701398978560,22696890,19919648,Feel let down by beavers. They have asked me not to send son anymore as they are scared they may lose him. [SEP] @Pantheriffic they might lose him?! As in misplace him?! That is hugely worrying... #howhardcanitbe?,47.0,76.66666666666667
67985182799568896,54755984,16106900,"and while we are at it: the Josh Beckett - Egg Salad, Tomato and Onion... dominant option at home [SEP] @kupels the egg salad, tomato and onion has been used for how many boston sports stars? No way becketts the only one",4.666666666666667,94.33333333333333
67752611394224128,152883896,223707653,I told you Sean Connery is the best James Bond there is! [SEP] @thisisysa no Craig and Pierce are the best Bond,76.0,46.666666666666664
65267490229460992,12255212,5873912,"Politics make me sad. #CityVote #elxn41 [SEP] @rlangdon Agreed. I am finding it a little sad how easily angered I get by discovering some people I know are on the ""other side.""",56.0,70.33333333333333
63695392902094849,66707211,16812086,"Is it just me but when I thought Android or iPhone, I just think the iPhone is a wee bit *chavvy* now ... #maybeitsjustme [SEP] @SteffWatson Off to look up ""chavvy."" &gt;An adjective used to brand something that appeals to a ""Chav"" AKA, scum of british society",67.0,67.66666666666667
63871316498984960,65581806,23455413,Good Morning World :) [SEP] @Scott1984 FP How you getting on mate?,8.642857142857142,81.64285714285714
62557282331926528,16305370,21968771,"If you want to be famous by approaching any of my family disrespectfully and then getting killed by me, try it- and thou shalt be famous [SEP] @terrycrews cannot be a servant of a God and threaten to kill #justsaying",33.666666666666664,60.333333333333336
60682878207533056,10209222,63587389,"Have watched HP7.1 at least six times now, and every single time I bawl my eyes out at the end. Good grief. [SEP] @dumblydore hahahahhaa :P have you read the books??",50.0,41.0
60274744452325376,13811562,23140783,"Have an absolutely wonderful, funky group of people for the first ever iOS Workshop in London. [SEP] @sazzy do you have apps out there already?",35.0,81.66666666666667
59785900879642625,17450410,283761564,Stationary bike-on [SEP] @sebastianbach OMG you were like my favorite singer. &lt;3,51.333333333333336,53.333333333333336
59016119775793152,200642247,28615113,"To all my followers please do not take my requests for celeb followers to heart it is only a laff ?? #orsoithought [SEP] @jbeck2007 goodness me, the perils of not really knowing a person, that is the upshot of twitter really, following people you do not really no",44.666666666666664,68.33333333333333
58874649165041664,126344860,180557830,"Question: If you have a Benefit jam for someone who is recovering from a head injury. Would you wear a helmet at the Jam? [SEP] @jamiebestwick Not necessarily. If you normally wear one then wear it, if not then do not. It is a personal choice just like on a Motorcycle.",59.0,35.666666666666664
58934277810814977,61151216,16094355,#Libyans are ready #Libyans are smooth #Libyans will take control And stomp all over you !! #Gaddafi [SEP] @ceoDanya You seem to portray Libyans as a mirror image of Gaddafi. I see Libyans as proud-brave-courageous-patient-peaceloving-not arrogant,63.666666666666664,76.66666666666667
58918795221282816,8069572,20784617,I asked the question wrong. Sorry. Let us Start over. Choice A Pioneers of Social Media. Choice B: Social Media Trailblazers. A or B? [SEP] @shelisrael I think a current or futuristic image (as opposed to the pioneers) will also make your book much more appealing.,22.666666666666668,76.0
57881304313774080,20990898,91626839,"We are on! It is #supersizevssuperskinny time! Hope you tweeps enjoy. X [SEP] @DoctorChristian can I ask, do you use out of date food when showing your two people? It just seems a waste of food to me. Good show though!",70.33333333333333,85.33333333333333
55876849670172672,17328030,16864108,"If you think positive, nothing but good things will happen to you. [SEP] @DulceCandy87 it is not that simple. Maybe those who are dying of cancer did not have enough positive thoughts? There are too many variables..",49.333333333333336,41.0
55703802296279040,206449534,117756758,"There is no reason to watch barca they always win!! -.- there is nthing to watch!! They just started and they already scored!! [SEP] @Ahmad obaid aww... It is okay... You can watch arsenal. Oh wait, they are out! ;)",49.333333333333336,63.0
55311719349760001,70778879,18929016,"People sometimes complain NASCAR media ""runs down"" sport, but no shortage of ""that game sucked"" commentary last night on CBS--because it did. [SEP] @Bass Masters @TheDalyPlanet Let us not open the whole ""Media's job is not to promote game/sport"" can of worms again. It is not/should not be.",54.333333333333336,67.33333333333333
54296117046812672,31176345,168262634,"-&unlike me,he is good!! Wish I knew how to file/file//print!!... I must be too dang old... ;) Well anyway I love YOU all&Thanx4the Wishes!! ;) [SEP] @blues traveler wonder how many people stopped playing word since you revealed its Tad..I will play with you Tad if a spot opens up burlesqueLevi",46.0,81.66666666666667
54212603181928450,58959230,275821771,Cannot tolerate this bitch!! She is totally on my nerves :@ :@ *anger management* [SEP] @Miss M7 oo nice gossip. Who :D,65.0,85.33333333333333
53534159880204288,265304604,147784861,"you must write in sentence :D ! translate : du bist ein gute/r freund/in. and thank you, you too. :) [SEP] @abbeybeyrau Do you need to learn English?",35.0,78.33333333333333
52904218159349761,268514637,212790511,Spirits....dead bodies...blood!!! Freaking out!!!! [SEP] @Toxic Knockout The fuck you talkin' 'bout?,62.333333333333336,96.33333333333333
51059199572062208,107578299,78990742,"#100liesabutme I have a 24 inch waist [SEP] @margiemum i would love to start a line with i have a 24"" ...",69.66666666666667,88.33333333333333
49242104093872128,158900819,268890535,"its cold outside now :( [SEP] RT @BADD ascanBEE its cold outside now :( &lt;--lol, baby that is a good thing.",40.333333333333336,55.333333333333336
48937144772861952,114644919,68608891,"Oh, also worked for ten hours and took care of son for another three. [SEP] @BellaFlan see? Now you are just showing off. Grandstander. Filibuster. Cunt-muffin.",76.33333333333333,70.33333333333333
48737523492589568,180101193,216357234,"SKEPTA new video = PORN [SEP] @AieshaIsHere Porn is not so bad, no one dies",81.5,66.25
48591427889934336,232339776,268043881,#ThreeWordsToLiveBy I love yu [SEP] @monroebeaute GAY! (And yu mispelt you),66.23076923076923,66.03846153846153
48538333827182592,231573997,14804094,Of course Jacob's safe! #AmericanIdol [SEP] @Mariahrocks0716 did you see yesterday @miriamwknc called him a gay teddy bear???LOL,60.6,79.2
48261344499220480,25126274,21815693,"Pinch me tomorrow, get punched! I am not Irish and they do not even have St Patrick's day in Ireland. [SEP] @TheWillieCoxJr Umm St. Patrick's Day is a public holiday in Ireland.",15.666666666666666,92.66666666666667
48025187697954816,104519115,37005970,How to engage in new efforts to gauge student #learning more broadly in this climate of assessment fatigue amongst faculty? #highered [SEP] @pmk02906 Assessment fatigue in #highered ?! Give me a break.,51.333333333333336,55.0
47162509865648128,97793432,85352912,"They say becareful what you ask for...I WANTed to be single, now it is not what I NEED anymore. [SEP] @SHAMswt y do you need a man?",78.33333333333333,61.666666666666664
44046025027108864,29766114,75101284,EVERYTIME I GET ON TWITTER.I SEE A LOT FINE ASS DUDES ON MY TL&I WOUNDER HOW LONG I BEEN FOLLOWING YOU ARE FINE ASS LMH.#NEWICON LOL [SEP] @JUCIEY CARTER who dem fine dudes are??,67.66666666666667,69.66666666666667
46016485029720064,59306449,179081908,"You know, I think that if you have to pimp your movie this hard (Red Riding Hood) It must be really bad [SEP] @cherieblossum Go figure. Catherine Hardwicke fucks up another movie... :(",62.333333333333336,81.0
45582225823121408,35736119,34914041,"One day I hope men will understand that women have breasts to feed their children, NOT for them to oogle over. [SEP] @JLR78 its fun though :O",64.66666666666667,50.333333333333336
44388565978857472,162432990,245652312,there is nothing quite like a liverpool v united fixture. COME ON REDS!! [SEP] RT @AziFarni there is nothing quite like a liverpool v united fixture. COME ON REDS!! Euh.. yes but which ones? they are all red !! Hi Hi,76.0,69.66666666666667
44254490207059968,23156898,22728996,I recently saw a guide dog stop his dude getting mowed down on queen st impressed but Kiwi the lab is a hero. Courage under fire #eqnz [SEP] @cjlambert how does that warrent an eqnz tag?,61.666666666666664,98.66666666666667
42889215217893376,5720372,80319936,"European Tweeps: Urgent Q! Do log-in usernames usually contain the accents on the characters in your name? Thanks! [SEP] @stray and ruby (For example, to insert the name O'reilly into a database, you will need to escape it.) addslashes htmlspecialchars (end)",39.0,82.66666666666667
41724059372892160,59492099,48878819,"You all are just kind of a little messed up. [SEP] @0hkaaay but then again... you aare too, right?",53.666666666666664,61.333333333333336
41546674044272640,187039530,256996892,My tittys hurt!! [SEP] @MsMartin88 uggghhhh.. YOU pregnant??,55.666666666666664,66.0
41055782686425088,19220973,207145720,So I got to bag of doritios an a pound cake! Which should I poision myself with 1st!!! [SEP] @KylaBabee da doritos first n let me pound cake you lol just messing wit you,26.333333333333332,46.333333333333336
39752315984547840,15379248,117292737,"It is important to have people in your life who love you, but are not impressed with you. [SEP] @allenwhite People call me from all over the United States for advice, but my wife tells me I do not know what I am talkin' about. lol",71.33333333333333,71.66666666666667
39101601742331905,10121422,120149263,I average one e-mail a day from #RedSox fans who want Michael Young. Because presumably he would love playing off the bench in Boston [SEP] @PeteAbe can you really complain after you wrote an article about going after pujols to play dh?,44.0,32.333333333333336
39397174542479360,15859184,128344396,"I am not a Knicks fan but as someone who has lived in NYC for 18 years, Isiah Thomas' continued involvement is horrifying. [SEP] @amandarykoff Do you have an NBA team? 76ers perhaps?",58.333333333333336,83.66666666666667
36620199356530689,63248328,29468481,This nigga pelle got to be bout a 9X [SEP] @only1freaky Who still wear PELLE?!,58.666666666666664,79.66666666666667
35599300738158592,56269370,195125189,My room is cold. [SEP] @MissinMyTaeTae i will keep you warm ;),36.8,85.6
34854901842579456,159047026,187128093,Anyone who criticises the way any Canberra pollie is expressing themselves today needs to take a good hard look at themselves. Seriously. [SEP] @prestontowers can we trend #emojulia ;),55.333333333333336,66.33333333333333
34617262430232576,72665444,207236471,I lost 7 separate bets on the game yesterday. I am thinking I am a terrible gambler. [SEP] @ms stiletto That is alot. so would you be willing to share with us what you look like. stats if possible.,53.0,66.33333333333333
33731275512619008,19541777,22333382,Did you know that a senior buyer at Aritzia earns $115-$130K? #LeftTheFashionGameTooEarly [SEP] @UrbanNativeGirl what the hell did i go to university for again?,29.0,60.666666666666664
33619994612862976,144316049,162885614,Struggling thru London traffic. Miserable weekend of work ahead as start a complicated fraud trial on monday. [SEP] @dcd barrister would your client be happy to read that?,70.0,70.0
32817462168784896,88748507,55462255,Why is not #Tomwelling one of the most sought after actors for this years pilot season? WHY? [SEP] @badtoad20 I do not think you would like my answer...in fact I am not sure why I responded. Also he is too busy to do a pilot and SV's finale..,62.666666666666664,68.66666666666667
30632415894441984,69629660,54464487,"^LL QuoteoftheDay:""A photo that has not been shared or at least printed is almost an unexistent photo,almost an untaken picture. -S. Garibay [SEP] @zoominphoto I think the correct term is 'latent'.",89.0,87.66666666666667
29763734788374528,68199364,50686354,#ifantasizeabout my brother beinq one of the biqqest qb in the NFl. [SEP] @NinaSoSlutty you fantasy about you are brother hmmmm #freaky,76.66666666666667,62.333333333333336
29219212513779712,34810105,25582220,"At Chuck E. Cheese for the second time in a dozen days. Two times too many. [SEP] @glenasbury The good thing about Chuck E. Cheese, though, is they serve #beer Really helps one get through the experience.",44.333333333333336,58.666666666666664
28829785929023489,219243547,48428079,Catching caddie billy's mighty Leeds up! Come on forest! Prem here we come. Beat the sheep twice ! Happy days! [SEP] @WestwoodLee Top Man. You were always very good at replying to me on @BBC606 but not on here Lee? How come mate?,62.333333333333336,86.33333333333333
27105080368955392,22049098,25099021,:stabbingeyeballs: #gH [SEP] @WubsNet out of curiosity why do you still watch? It does not seem like you like it much at all. Although sometimes you are tweets have me LMAO,72.33333333333333,71.66666666666667
26743170935033856,95542293,105692072,#Ihatefemaleswho dedicate their lives to pleasing others. [SEP] @RazputinAquato Very health attitude to have I worry sometimes that all you think about is Austin He is just part of your life not all of it,61.333333333333336,71.0
25690046627586049,14707424,6979142,"Thanks Aliant, for the non-working internet & techs that do not show up. My lost wages should reflect on your next bill. Keep on gauging. [SEP] @PamelaIsely Sorry if our techs do not risk their lives driving in horrible conditions.",19.0,90.66666666666667
24680906560118784,18610857,14336487,Favorite track(s) off the Ghostface album? [SEP] @RiskOne you do not know who Ghostface is do you? Are you talking about GhostsNStuff?,68.2,50.4
24641820822609920,15482458,25399317,Heroic acts without guns. #imagine [SEP] @Buncombian Do not tell me you want to ban all guns?,47.333333333333336,70.0
23580160364118016,105073759,19139026,"My problem with MSM is why asseemanand is a terror before being convicted, and y binayak is a doctor eventhoug convicted4life. [SEP] @vandebharat MSMs stance is well known. But Frnds of BJP shld wait till court gives it is judgement. Getting provoked wld b counterproductive",67.0,68.66666666666667
22722693593833473,34893257,37461465,i hate having my account on private. but my stupid so called *friends* from school are stalking my account. [SEP] @Batya11394 Seriously? That is so chlidish...,54.666666666666664,69.66666666666667
22540386010402816,54997249,131772733,LADDY's: Why would an ex from years ago contact you immediately after having sex with a text stating something you used to do w them? [SEP] @kraeer because she is a bitch?,45.0,64.66666666666667
22101992612569088,117449128,191832420,I would do anything Halle Berry asked! [SEP] @Cam Mr34 You would do anything to have any girl.... #manhoe llf bahahha,48.0,61.6
21585692727451648,139848744,94185727,Back on the Total Gym before church. Let us jus say I have got a lot of holiday treats to work off. Got To cut off the cookie abuse:-) [SEP] @ShawnMichaels Is it ever still weird for people to call you shawn when it is not your real name? or does it not bother you any more :],50.0,68.66666666666667
19051676891619329,87639976,19592435,Is she always like that shit!? Yes. [SEP] @CominWithSlugs Are you still offended by that? I am sorry ):,64.0,57.333333333333336
19000121547030529,18911703,11583022,"Oops, I missed the Doctor Who special (Christmas edition)! :-( Will have to watch it on bbc.co.uk later today, I guess... [SEP] @TvdW or save yourself the hour and read a good book instead.",29.2,76.2
16296702017277952,136406650,25917423,Watching The Sorcerer's Apprentice tonight. Someone please hold me. #apprentice [SEP] @amanda alley ..the City of Angels did. Someday we need to get him and Keanu together for two full hours of non-acting. At least non-emoting,74.66666666666667,75.0
15515100647526400,52757166,25130974,"Knicks do not need Melo. They need a better bench rotation like Lakers. Shannon Brown, Farmar, Walton etc...Screw Melo, Knicks are BALLIN! [SEP] @jaymohr37 you are a funny guy. And i know you played bob sugar in a movie. But your NBA GM ideas are pretty terrible. Stick to comedy.",70.33333333333333,83.66666666666667
13277493666516992,54911176,49585068,"person on my bus, meet deodorant. deodorant, meet person on my bus. i hope you two have a nice life together. [SEP] @EmbraceTheRath you sure it is not you. I mean come on!?!?",45.333333333333336,91.66666666666667
12304290827730944,137753512,51567772,"so, there are little santa hats on people's avatars. what should my little giraffe get to stay festive? [SEP] @bakingbarrister you should photoshop a wreath around its neck - extra points if it has lights on it.",47.0,63.0
11334061389778944,78120217,51697165,anyone notice that Pete was more excited about Guy Ripley's interview of Black Cards than with Patrick's badass new song? [SEP] @saidmeghan i am sorry for saying this but please stop questioning everything pete says on here. it is just twitter,61.0,65.33333333333333
8613162924376064,93455682,19231703,I cannot tell what the song is.. Does that mean I do not know my music...or Mary's singing it badly? #Xfactor [SEP] @SarahArcher15 it means that we arejudging onMary for her own singing ability....not what we THINK she should sing like!,42.666666666666664,84.0
7673891564560385,127831273,157066580,Day 1 and England's Ashes bubble has burst - same old same old whenever we go to Australia - hype hype hype [SEP] @Moose talkSPORT hype driven by idiots in the press like you lot.,72.33333333333333,67.0
5664854694174720,20249420,46367056,"On the phone to More Th&gt;n again. Wonder what their excuse is for not sending me my NCD certificate is this time. [SEP] @crazycraven 'sorry, our dog ate it' LOL",58.333333333333336,80.33333333333333
4742605757751296,37841911,210510478,STAY OUTTA MINE! DAMN I WAS TRYNA BE NICE. BUT SHUT THE FUK UP!!! [SEP] @Jaybabie18 so you mad?!! It was not that serious I was just playin but I will gladly SHUT THE FUCK UP!!!.... #copasetic :-),67.66666666666667,65.0
3239928913723395,13615902,40386538,"Vandal fans proudly waving towels that say ""Nasty, Inebriated,"" on them. Shocking. [SEP] @HeilmanDM There is nothing better than taking an insult and making it your own. A way to make fun of it.",43.333333333333336,88.66666666666667
2884938814717952,211885305,60264368,#amanshouldnot......be intimidated when She had more sex partners than he did! wuuahahahahah #lbvs [SEP] @Persian KitKat are you reacting on my tweeds # smg,88.0,51.0
2535396479078401,14865512,21278483,How many tires have I run through on this car? #iReallyThink I am about to scrap these dubs! [SEP] @Mteuzi --- several people have gotten out of the rim fad for that reason. Sorry!,11.666666666666666,96.66666666666667
1332746035134464,19637701,170959775,I keep wanting to drag a scrollbar on the Macbook Air rather than using 2 finger scrolling. I like 2 finger scroll but I keep forgetting it. [SEP] @AgileForAll Four-finger swipe up will clear the desktop. Few other trackpad tricks can be found under System Prefs &gt; Trackpad :),51.0,51.0
495550726148096,19437568,22700024,"Bloody leaves everywhere !!! where is that sweeping brush ?? [SEP] @lliswerryguy Aha, you are a northerner! Down here we call them brooms",69.25,67.75
29628149548,20576890,29742177,"God I hate doctor Karl, learn to physics you prick! [SEP] @talzgir ""Learn to physics"" - Ummm, how exactly do you 'physics'? You should ""Learn to English"" before you criticise @doctorkarl",49.0,57.0
29490165215,20818214,189050455,Glasgow is much like myself in that it looks better in the dark. #PrettyLights [SEP] @LawrenceMills Lights off & a healthy dose of rohypnol?,59.666666666666664,70.33333333333333
28918294854,20534425,72743759,Thinking about covering Saturday's Vols-South Carolina game in my Field Marshal Rommel Halloween costume. [SEP] @wesrucker Rommel took his small dog with him everywhere so be sure and take Fonsy the poodle,49.666666666666664,71.0
27701038541,24007253,118182087,"#MoralOfTheStory: Both of these football teams are PRETENDERS [SEP] @cuffsthelegend Who are you a fan of, the Panthers?",51.0,78.0
27285205621,13820922,681253,cannot get these new startups that launch products for people to put there private information without any faq or privacy page whatsoever [SEP] @vd how about stopping whining and doing something for a change?,51.2,77.6
25547864882,42455646,182834367,"Where is everyone tonight? I Am stuck on here alone? [SEP] @lisawest99 Dear Lisa, V is being a good girl and back to studying now that TimTheNuisance has taken the weekend off. Love, V's degree.",68.66666666666667,54.666666666666664
25535994436,21089162,30498164,"Ahahaha ding a ling! :') [SEP] @starryeyes89 I feel your pain, I always see you tweeting WWE superstars but you never get a reply :'(",52.666666666666664,87.33333333333333
25129496314,20034453,15850423,The 9th & Rose friendship was nice but then from s2 onwards with 10th it was a nauseating gushy mooning fest. Just my opinion :) [SEP] @xGallifreyGirlx I tend to agree with you there. e.g. the whole 'I am Not Amused' betting was cringe worthy.,36.666666666666664,59.666666666666664
24989986259,7784732,10507282,"Christianity is fine, but keep it to yourself. Your religion has no place in matters of state or politics. #GOP #TCOT #P2 [SEP] @sevenish the point Bishop Swing made this morning is that civil societies are actually civil. Respect each others inherent dignity, listen.",42.666666666666664,76.0
24503929223,101373024,173638073,"It is rather nice out today... I feel asleep in the backyard. [SEP] @ExcusemeImsorry Are you turning into Mister Greece, Kiku? ^^",26.666666666666668,89.66666666666667
24432970374,64023516,64598816,I am truly blessed....I am grateful for my past...it brought me to my present & is preparing me for my future!!! :) [SEP] @Minnie3284 Grateful I was apart of you are molding process.,72.66666666666667,54.0
24294136695,27576832,30726620,A little black girl on a grey hound bus bound for NYC with a dollar and a dream.. Today nominated for a VMA.. That girl is me.God deliver's! [SEP] @BoomKack Who are you?? What do you sing? Being nominated for a grammy is better!!,67.66666666666667,74.66666666666667
24141080375,980611,33590667,"i am so frustrated that republicans are trying to use hcr as a campaign asset and dems are not pushing back harder. [SEP] @Karoli darling it was a horrible bill, only rapists keep pushing when the target is saying ""No!"".",84.66666666666667,82.66666666666667
24101363191,46974065,46033748,My coworkers be amazed how my shirt n shoes always match..*scratches head* I thought dats wha you r pose 2 do..I am lost [SEP] @Jstev317 lmao sounds like rich people conversation to me,72.0,48.0
23180497469,14097114,24107498,I hate it when people talk about stuff THEY DO NOT UNDERSTAND! [SEP] @thepam Happens quite often and at times we ourselved do it. ^^YOU,44.6,73.0
22736617148,14436409,44209248,Apple system lock now officially the second worst thing about liking Coldplay. [SEP] @gregwind does Apple not allow you to listen to Coldplay on new iPod? #GreatNewIpodFeatures,48.666666666666664,54.666666666666664
22653331881,153525419,81199805,call it pussy if its profit ^ ^ [SEP] lol Does your Name Mean You Sell Pussy? lol @PUSSY iS PROFiT,59.0,82.33333333333333
22088581714,24160143,17396081,"Apparently Yahoo have announced a new po-faced service that deals exclusively with the work of Einstein. Yahoo Serious launches next year. [SEP] @DaveMedlo that joke only works if yahoo serious was set to go into space next year. otherwise, it just happens to be his name. BAD FORM!",27.0,84.0
21897860770,61520638,57568739,Hush BI: Somebody is supposedly quiet about someone who is on the warpath. Is it true that someone owes somebody a million pesos? POK! [SEP] @DinnoErece do not you ever get tired of tweeting about blind items? i am just curious. that is all ;),40.666666666666664,74.0
21504083624,779746,17675914,"UNBELIEVABLE. My aunt left me a FACEBOOK message to let me know that my Grandmother is on her death bed. Facebook message. #MyFamilySucks [SEP] @netchick Is not it more unbelievable, that you then relaid that message to the public on twitter?",39.0,71.0
20769862482,166976211,150008475,The DDR event in LA is coming up in 2 days! Check out our Facebook page for more details [SEP] @Thomas Nagano Were you that guy in E3 with Naoki?,40.8,77.0
20924079336,77308658,57791589,"Been begging for cancer cells all day, finally got someone to give them to me. Yay. Tomorrow I try to grow bladders on slides. [SEP] @FMephit I am always jealous of people doing cool shit like this.",26.666666666666668,89.66666666666667
20495461449,20003000,14288018,"Come on, it is not like I asked for something impossible like a date or something! [SEP] @ElisabethRappe Seems to me that the only thing keeping you from going on a date is yourself. Just sayin...",63.0,71.33333333333333
20227750744,11835032,18056445,A new pair of glasses! [SEP] @jankeesvw Why? The old ones got a dent? :),50.0,65.66666666666667
20103389499,16691049,94926024,"Daisy is not eating--her appetite wiped out by chemotherapy. Pls prayer for her appetite, strength & recovery. LOVE [SEP] @kathyireland hey there, can we talk about SOC?",70.33333333333333,70.33333333333333
18865483626,16258563,15797448,just spotted Loius CK riding his bike on Empire Blvd. #NYCTweet [SEP] @KayDee215 NY should put you on some tourism committee. Or sponsor your timeline.,51.4,68.6
18698073376,120733977,19649190,"So there we are [SEP] @PhilipMartinB alright mate, what is the craic? what is this waterloo road day thing? I want to go :) x",62.333333333333336,73.0
18246099564,84360441,45784228,"... But, I am #9wks pregnant, and I can tell my supply has dropped. Is my milk still enough? Should I introduce animal milk? #breastfeeding [SEP] @CrunchyMummy is no reason to wean. Baby will self-wean if desired.",78.66666666666667,74.33333333333333
18268965678,46461203,14884811,"they are not fit to be a part of society, where we accept different opinions. End of rant. [SEP] @CalmWaters73 I did not disrespect any opinion, merely voiced mine. If I think something is silly, does not mean I disrespect your opinion.",59.666666666666664,29.333333333333332
18088543845,2911221,16415376,"1) You cannot enter ZIP+4 into gas stations, so why confuse the user? 2) If less than 1 in 5 users mis-types the last digit, less typing. [SEP] @wilshipley do you do anything BUT bitch about things?",61.0,68.0
17829313409,53893193,134062217,"""...God will bless you with peace that no one can completely understand. And this peace will control the way you think and feel."" Ph4:7 CEV [SEP] @iammiguelito dude do not get all bible on us ok. Its scary- but then again refreshing in a warped kind of way",61.0,58.0
17453630364,70258029,27352822,I want to twitpic something :-p [SEP] @iTasteYumyum on a sidekick..good luck with that camera,11.333333333333334,80.33333333333333
16857263658,40063860,41254778,"I usually do not make this comment, but if you unfollow me, follow me, and do this constantly, I am blocking you, make up you are mind, really [SEP] @annielorri: Did you unfollow me because of what I said about Hammond? Just curious.",43.0,42.0
16768252915,95180143,58259755,"plow pose and boat pose r easy in yoga and they will help you in relaxing,sinus pain,headache,and digestion,and will makes you stres free [SEP] @xenebs do you copy paste stuff in here like the most of us or do you really know your yoga positions? just wondering....",59.333333333333336,81.0
16274265356,40354968,22303690,Holliday has now replaced Brendan as my pet-worry-project. #teamYouCanDoItHolliday [SEP] @Erika4stlcards Know what I like? I like that he finally LOOKED frustrated tonight. #teamheartonyoursleeve #getmadgeteven,67.33333333333333,68.66666666666667
16123538715,78079977,148628619,They got jean diapers now wtf [SEP] @priest43 kc late bloomers...that got tweeted 2 weeks ago lol,51.0,63.666666666666664
15650807076,7382632,12400622,"If you do not want an iPhone, do not buy one. If you want an Android phone, buy one. If you do not, then do not. WTF is wrong with people? [SEP] @geekandahalf agreed. Completely. I switched from Windows Mobile to Android (HTC EVO 4G) and could not be happier. #notimpressedwithnewiphone",54.333333333333336,63.666666666666664
15432990877,62711948,22568169,"Waiting on the plane to get here then going to DJ's event tonight in Austin!! Then camp tomorrow, and photo shoot with TW [SEP] @Cosby12 hmmm. In tx this wkend? I am thinking ""Quan and Tom, Quan and Tom!!"" But no B-Double D! Lol @TomInterliggi @JulieHaysKWTX",53.666666666666664,79.33333333333333
15290284402,33980354,31258637,I hate people that RT regular conversation tweets just to look popular....that grinds my gears!!!!! [SEP] @CheddaChapp you have been doing a lot of venting. Are you ok? Lol,37.0,50.333333333333336
15210697961,62317805,48094414,"I have to delete them all individually. [SEP] @Glittery Viki ... you do know the beauty that is the ctrl button, right? So you can delete a bunch at once?",60.0,53.666666666666664
14901209077,21388225,146244729,#Dear #FIFA: we jumped thru fiery hoops and sold our souls to show you how raedy we are!! Why is it YOU cannot sell tix without fucking it up? [SEP] @DJFreshSA man you should mind your language you have got a lot of people looking up to you. I do not mean to offered you but I prefer cleanfresh,67.66666666666667,53.666666666666664
14196404203,108075183,42822641,"What happened to the ""Cano Show""? Seems like they cancelled it or moved it to another station that we do not get here. Come on Robbie! [SEP] @BeckyBravo he is still playing great defense",73.0,54.0
13908144974,97409858,26202148,"Uhhh soo 2 chicks in my soccer team think I Am a lesbian..... Great. [SEP] @lalaCourts Sleep woth their boyfriends, that will show  them.",65.33333333333333,84.0
13179526812,23494080,117776511,"21 Saudis crash in to America and we invade Iraq. I am now in charge of the worlds #1 oil fieid because my armys in Saudi Arabia [SEP] @RealKevinNash been there, done that and got the scars to remember Iraq, How is your Army? lol",47.0,51.666666666666664
12908124830,54796219,44969310,Going to a symposium at The American Academy of Arts & Sciences tomorrow. Happy to have a day outside of the lab. =) [SEP] @BostonScientist YOU mean staring at pipettes & doing same thing over & over for 10 yrs is not fun??!,63.333333333333336,57.666666666666664
12896187161,21339115,19614590,"People say ""caleb/sega, you are changing..."" ....I say: ""I am glad you noticed..."" [SEP] @LetsGoSEGA I do not think your changing. You have always been Hollywood to me lmao.",73.66666666666667,71.66666666666667
12059552119,35274555,25712585,Just got thrown out of Asda after being accused of having fake id! Trading Standards are now on the case now! [SEP] @LSully7 oh come on! you actually look like a 5 year old. ha ha ha,65.33333333333333,83.0
11635480218,53430211,16305839,"Does it REALLY FUCK YOU OFF, when you Retweet other people's shit 100 TIMES a DAY & only get half a dozen Retweets on your own shit in return! [SEP] @UKFPI no..if other people get RT'd that dosnt mean you are posts are not as good,it is not personal..i RT a lot but i select the ones i RT 4 reasons",9.666666666666666,80.33333333333333
11588223978,12425322,19002513,"Descended 4m apes!My dear, let us hope dat it is not true, but if it is, let us pray dat it will not become gen known~An early react 2 Darwins theory [SEP] @beenish Darwinism and the so called theories are simply crap. Check the letters he wrote to his friend Thomos Thompton :)",47.6,74.4
11421674064,31232815,17868686,"I am not going to top anymore before bed, atleast if I work. Slept like shit ugh [SEP] @JudeSaysHey You are not going to top? As in.....",66.33333333333333,72.0
11168083892,16816504,101283098,"I have to say, this walk-in playlist is disappointing. [SEP] @danielmerchen the walk out play list transported me back to highschool...I mean come on really ""It is just a Spirit thing""...really?",40.333333333333336,76.0
11008408056,31245812,117645621,"Another boring night [SEP] @2Pretti Tia life is what you make it love, if you bored there is a million things or people you can do",58.666666666666664,79.66666666666667
10960747567,124945011,117917583,-pulls out cig- =v= ( huhuhuuuu two browser attackkkk ) [SEP] @Hatethisschool *comes uo to* Jodi? Since when do you smoke....Oh. pardon me. You must be the 'Joey-chan' Jodi mentioned.,51.0,58.333333333333336
10353470350,22718895,24233861,do not put my full name anywhere on the web plz...just my first...thanks [SEP] @Cupcakemylife Do not worry Evann. I will not say your last name.. My name though is Adam Hamrick! Yay!! ^ ^ (Evvy is paranoid),45.0,54.333333333333336
10327409773,24737621,43977214,Bought some excellent millinery today. [SEP] @mfhorne you kind of look like Vidic. except you have nicer eyes!,66.66666666666667,76.66666666666667
10278043410,45306187,23195170,Draft 4 it is then. [SEP] @VittoriaCafolla Keep at it lil lady. I have great faith in thee :),43.0,77.33333333333333
10214513760,58201183,111252656,"#mood IS VERY IMPORTANT! [SEP] @rinakatase I agree Rina, very important. =)",41.333333333333336,59.0
10025794675,44115106,109373821,The non-Dom law is the biggest because of child poverty in the UK [SEP] @DuncanBannatyne utter rubbish. Get of this non dom bandwagon and find your own issues. Real public apitite and gov policy,27.666666666666668,61.333333333333336
9939763581,5935332,104378223,"oh man i love when i do not grab the last dt mt dew out of the fridge @ the office so i do not have to replace the pack. ditto for ""tp"". what? [SEP] @tillamooky I thought only 13 year old boys drank dt mt dew???",59.6,57.0
9552706526,42982077,18930176,has an extra ticket for Trey anastasio tonight at the pageant. Any takers? He goes on at 8 [SEP] @JonGitchoff is this one a pay-the-bills show? ;),60.333333333333336,47.0
9558985899,116878089,21706191,"Jesus, where the fuck has the time went? [SEP] @Jonathanwhat *gone, not went. Gogo Twitter Grammar Nazi! #TGN",44.333333333333336,64.0
9348678540,115737923,29197126,...do to prove that a guy can be straight and in theater. Let us start there. [SEP] @StrghtSnglBwy and have no issues with women not comprehending that or having to prove what I claim,45.333333333333336,69.66666666666667
9264088310,15162600,15977008,"I felt like Macgyver tonight—rigged an old amp into a soundsystem with a newer blown amp. Could have used some duct tape, though. [SEP] @willsansbury What, no bailing wire?",65.4,64.2
9185707415,19979770,16271696,"What should I give up for Lent this year? Should I give somethingup, or do something for charity? Which is more important? [SEP] @rachel walters one benefits you, one benefits many others. but I do not know, I do not 'do' 'lent'",19.333333333333332,54.666666666666664
9007531724,20074478,16066669,"I am enjoying having a team of beautiful blondes, and guess what, turns out they are all very compitent too! #blondswillrulltheworld [SEP] @RichKeenan ""compitent""???? Was that a blond moment there, Richard?",50.0,68.8
8828550880,7861312,29875199,"Great, I have a stack of games to play, Mass Effect 2 not even OPENED, and now Bioshock 2 is coming out. Can I stop time for a month please? [SEP] @feliciaday Mass Effect 2?. I hve a funny feeling you get $ to say these things. Any1 know where I can get a free copy, i ran out of moneys?",56.333333333333336,53.666666666666664
8532261408,76825958,25901849,i jus realized i got to thing for plaid lmao [SEP] @MrJaeSwagg your default is hella kutee. You look like daddy yankee.,48.666666666666664,66.33333333333333
8440782094,17876210,26514228,"Last day of work EVER tomorrow. And by ""work,"" I mean Best Buy, and by ""ever,"" I mean ""until the summer."" [SEP] @blaiddxdrwg you quit? Or are they letting you go",33.666666666666664,72.33333333333333
8086422154,12366812,14118793,just discovered the lack of bookmark management in chrome on OSX... boo [SEP] @nicholasdr gah. And you are all about bookmark management. Like that is your thing.,50.666666666666664,72.33333333333333
7869340581,19705281,26596886,Have cleaned the oven twice today. Much much cleaner than before but still it needs another clean :S [SEP] @labprim8 Who are you and what have you done with Gary? ;-),45.333333333333336,60.0
7799943735,12423822,14886273,"dang, my mom guilted me into one of those ""answer these 21 random question"" chain emails by noting in #14 that i am her BFF. [SEP] @LaniAR that is strange, I got the same chain email from your mom :)",68.0,72.33333333333333
7658579235,15702615,13854022,Such a blah evening. Guess maybe I will head to bed. [SEP] @Vix531 and if they are saying ron is at fault you may be able to file claim under your liability.,28.333333333333332,56.666666666666664
7582382034,22323319,19215640,Mariano Rivera was a pretty fair 8th inning pitcher with one ring the last time Cowboys won a playoff game. [SEP] @ItsTopCat How do you and your ilk feel about that press conference when you tried to force Wade to admit his team is a bunch of losers?,55.333333333333336,76.66666666666667
7538010451,19189469,15475328,Blue dot jawfish in the tank. Hiding. Let us see where he builds his burrow. Hope it is visible! [SEP] @goaliemom31 jawfish are amazing fish with great personality. Supply small rubble rock so he-he can support burrow. Feed live food regularly,35.0,57.666666666666664
7300493559,15340706,20828373,"For someone who is got a rabid online following, Suzanne Collins has a crap website [SEP] @SnarkyWench Whoooo! Harsh! Now I got to go check it out--- have not been there for a while...",43.333333333333336,58.0
7176417709,23898963,64799097,I am #failing lol www.voteforkelly.com helpppp please n thank you ;) [SEP] @KellyDivine if you do not mind me asking: what is you are ethnicity? are you full white or a little mixed?,47.0,75.66666666666667
6640476942,23776474,7767262,Several people not from LI I have asked did not know the orange in the the middle of the #islanders jersey is long long island.... [SEP] @bgill89 Follow-up question for them. Find your home state on a map. Most people cannot. Sad.,63.6,55.0
6406099092,39924300,23166908,Hungry!!!!!! [SEP] @ProfessorTJD you have to be the biggest skinnny dude i know lol.,67.0,72.66666666666667
5257009610,12086482,47078121,"Anybody else Chris Daggett spam on their blogs? [SEP] @FunkyDung my comment spam? you blog about the 2 party system we have chance 2 stand up 2 it n NJ, thought you are readers would like 2 help",32.0,90.0
5224264304,24130947,24457686,Its amatuer nite @ Starz Strip Club 2nite & all I can say is LOL!! Some of these chicks should find a day job cuz this is not their calling [SEP] @Tanjareen show those chicks how it is done,20.333333333333332,63.333333333333336
4787198914,20214925,15442324,"We cannot make ourselves BE HAPPY. But we can train our minds to be in the moment. That practice yields greater balance & happiness. [SEP] @WorkWithIllness actually, 40% of our happiness comes from intentional activities. There is a lot we can do to increase our happiness.",50.4,64.8
4747530069,16131691,15767411,I look like an Elizabethan apparently. That or Cromwell. Beat the usual: Jesus. [SEP] @dangennoe Would you find a comparison with Catweasel insulting?,37.0,73.66666666666667
3928926886,26402308,30102002,The newby is so freaking ugly. BUT he is sweet and a nice guy. Personality trumps looks always. [SEP] @Neeyah how you going to call that person ugly? That is fucked up lol,57.2,71.0
3559081295,26467791,14585252,"If I do get married , the wedding is def going to be a braai and a picnic.People put way too much emphasis on the wedding and not a marriage [SEP] @Anele Totally original but you say that NOW, but wait till the actual day comes... LOL",11.333333333333334,62.333333333333336
3452692353,19615017,28581350,I still have not put on any weight. I have been eating cake and stuff every day. Sigh. I would rather be fluffy than skinny. [SEP] @JJ9828 ~ A lot of girls are calling you bitch right now with that comment! *wink* I wish I had trouble putting on weight.,62.333333333333336,59.666666666666664
3320705679,5696062,11552002,Looking forward to driving a cab next week during the #BART strike. Should be some lucrative shifts! Thanks ATU! :) [SEP] @kfarr does that make you a scab?,53.666666666666664,80.33333333333333
3369745058,16226123,17013561,I turn 30 today. [SEP] @luis mm happy birthday! Pretty young for a punk.,61.0,79.33333333333333
3236795258,24574547,21191951,Please would someone inform my son that I ought to be asleep now? I have got to be up in 3 hours... [SEP] @TOther Simon Some people. Tsk.,48.0,78.0
3209978839,25519553,43783602,"@ Wilsons on Georiga Ave, I would tell you all who I am with but they do not have no Twitters! LOL [SEP] @giannilee naw son you suppose just make up names for them on this joint...lol...I was raised on wilson's! lol...get the scrapple!",48.333333333333336,58.0
3190237092,16811244,16107875,"So, I am making a mix for a friend who has been in an abusive relationship for over 10 yrs. Need songs about abuse + self-worth + leaving... [SEP] @Epiphora Goodbye, Earl by the Dixie Chix? Too obvious?",28.2,81.0
3148558972,32625438,22409363,"school tomorrow. :( [SEP] @xob leigh HAHAHA! Boy, do I feel bad for you! hahah. &lt;3",67.0,58.333333333333336
2910642848,32554894,33050040,Glen Beck is an IDIOT! [SEP] @Higgsix Wow! Did Glenn say something you did not like? He is so in touch with what is really going on.,62.333333333333336,74.66666666666667
2832661367,17968519,29908425,"I got to keep my mouth shut... or I will never see those royalties :( [SEP] @Madtoydesign lol... no wonder you were doing interviews, how did that go anyways",44.333333333333336,59.333333333333336
2430572219,5526702,8478762,how about i read the instructions! [SEP] @phoopee3 come on... be a man!,57.333333333333336,95.0
2321349090,14404182,5324962,I got 100 problems. [SEP] @joshuagross Sooooo... does that mean a bitch IS one? (Sorry; could not resist),75.33333333333333,54.0
2291125544,49895263,49895507,Why do not we program the *computer* to respond when the Captain says to open a hailing frequency? Then I can take a vacation. [SEP] @lieutenantinred You would be out of a job.,37.666666666666664,98.66666666666667
2197344281,16747892,47801770,I just bought Saints season tickets! I have been on the waiting list for more than two years! Who dat! [SEP] @jacobjmayer Saint's tix huh man? Well ill be sure to toss a few TD's for ya on december 19th!,52.666666666666664,73.0
2191545544,45834070,47614045,"I am like where the heck is ever1 then i remember I am in Eastern time, its 5:30am where my friends are so they are ll asleep still... wa wa wa [SEP] @Tasha Tweets is this even the real Tasha? Pic does not look very professional.",50.666666666666664,62.666666666666664
2044744748,19405774,44420446,"i am going to go studio tomorrow and rap through my half open / working mouth. some through the wire shit, only no wire, just fucked up nerves. [SEP] @professorgreen why is your mouth not workin? Givin too much head? Haha jokin :)",44.666666666666664,71.33333333333333
2024695456,3722601,36520481,"Watching CTV's ""The Listener"" ... I love this show. Great writing and cast. Kudos to production company! [SEP] @Boomstone Hey...good luck 'hooking up' with your idols on here...but you are getting a little to 'out there' I am afraid...anthr Kirstie!",48.666666666666664,59.333333333333336
2016793382,16553544,43652837,"Mornin'peeps! I wish you all peace & blessings. [SEP] @djdnice Hey Mr Malinda, lol! You have a blessing day also. Peace! V",26.333333333333332,90.33333333333333
1986179500,16329102,25846228,"#Nascar I still do not know what ""Heluva Good"" is. [SEP] @SpringWolf Its whatever you want it to be :)",33.0,79.66666666666667
1764787138,16734945,8891292,A plastic surgeon is following me here. Surely he can see my butt needs the J-Lo factor... [SEP] @DakotaCassidy he should give you a free make over ;),73.33333333333333,47.333333333333336
1547142470,14353740,14181880,My boss talks constantly about his kid and new baby. Fun. [SEP] @rachelweaver you got a problem with babies? Them's fightin' words!!! :),41.0,64.66666666666667
1496799939,5820642,15203873,"Suggestions? I am stating to raise money for my new political video production company, based here in New Mexico. Know any great fundraisers? [SEP] @Stranahan does it lean right or left?",36.0,85.33333333333333
1432783102,1753061,22151550,"Need advice. Toying with changing my Twitter ID to Brand72, but this will because untold disruption, not to mention any lists i am on. Confused. [SEP] @imjustcreative my 1st thoughts were just that Brand72 sounds a little bit like you might twitter advertising links or try + sell me stuff!",36.0,65.33333333333333
1368334766,15518563,770277,"Oh, you are going to hit on me? That is nice. Why do not you rethink the Bud Light with Lime, Champ? Then we just might have a ballgame. [SEP] @jamield You got hit on by a girl in a man's body. I apologize on behalf of all of the men in men's bodies.",53.333333333333336,58.0
1338491153,18478781,21295828,my ex's ghost is following me(not on twitter) [SEP] @tranced1 Good job she is your ex then as otherwise you would have a permanent haunting problemo!,34.666666666666664,76.66666666666667
1335387172,18924074,16607508,"For those of you who came in late, geehall1 has redesigned his Twitter page and put up a mug shot instead of a graphic for his profile pic. [SEP] @geehall1 the mugshot look a alittle like andrew denton. is that deliberate?",53.333333333333336,53.333333333333336
1158510214,14787085,9556072,I have no idea what to do today. [SEP] @josh sternberg idea for today: find a nonprofit where you could donate your skills (resume-enhancing volunteer work). You will feel better.,62.333333333333336,69.0
914523566,11407882,15481227,"Putting it in the freezer reminds me of ""The Office."" [SEP] @DaveMinella you could always take it to house of hunan.",55.0,68.33333333333333
499486032,875971,7702772,"Damn now SMRT is increasing Taxi fares too! [SEP] @rubenerd Saw a cup today ""Without coffee, I have no personality"" Very tempted to buy it.",50.333333333333336,46.0
432749502,2174321,10233402,"I.T. wins the ""Most Cars In The Parking Lot"" award for the day. [SEP] @sjtryon that is because everyone else worked on Monday and Tuesday while you were in Rochester :-)",21.8,81.4
